{
"type": "FeatureCollection",
"name": "malawi_spikes",
"crs": { "type": "name", "properties": { "name": "urn:ogc:def:crs:OGC:1.3:CRS84" } },
"features": [
{ "type": "Feature", "properties": { "date": "2023-03-15", "region": "Southern Region", "district": "Balaka", "market": "Balaka Boma", "commodity": "Beans", "price": 1500.0, "pct_change": 100.0, "zscore": 1.759, "spike_severity": "Moderate" }, "geometry": { "type": "Point", "coordinates": [ 34.96, -14.99 ] } },
{ "type": "Feature", "properties": { "date": "2024-09-15", "region": "Southern Region", "district": "Balaka", "market": "Balaka Boma", "commodity": "Beans", "price": 4000.0, "pct_change": 33.33, "zscore": 2.188, "spike_severity": "Moderate" }, "geometry": { "type": "Point", "coordinates": [ 34.96, -14.99 ] } },
{ "type": "Feature", "properties": { "date": "2025-02-15", "region": "Southern Region", "district": "Balaka", "market": "Balaka Boma", "commodity": "Beans", "price": 5229.17, "pct_change": 30.73, "zscore": 2.192, "spike_severity": "Moderate" }, "geometry": { "type": "Point", "coordinates": [ 34.96, -14.99 ] } },
{ "type": "Feature", "properties": { "date": "2024-09-15", "region": "Southern Region", "district": "Balaka", "market": "Balaka Boma", "commodity": "Cowpeas", "price": 3000.0, "pct_change": 361.54, "zscore": 2.266, "spike_severity": "Severe" }, "geometry": { "type": "Point", "coordinates": [ 34.96, -14.99 ] } },
{ "type": "Feature", "properties": { "date": "2026-01-15", "region": "Southern Region", "district": "Balaka", "market": "Balaka Boma", "commodity": "Exotic vegetables", "price": 1340.0, "pct_change": 155.24, "zscore": 1.752, "spike_severity": "Moderate" }, "geometry": { "type": "Point", "coordinates": [ 34.96, -14.99 ] } },
{ "type": "Feature", "properties": { "date": "2025-09-15", "region": "Southern Region", "district": "Balaka", "market": "Balaka Boma", "commodity": "Groundnuts (shelled)", "price": 7500.0, "pct_change": 25.0, "zscore": 1.774, "spike_severity": "Moderate" }, "geometry": { "type": "Point", "coordinates": [ 34.96, -14.99 ] } },
{ "type": "Feature", "properties": { "date": "2022-01-15", "region": "Southern Region", "district": "Balaka", "market": "Balaka Boma", "commodity": "Maize", "price": 200.0, "pct_change": 25.0, "zscore": 2.106, "spike_severity": "Moderate" }, "geometry": { "type": "Point", "coordinates": [ 34.96, -14.99 ] } },
{ "type": "Feature", "properties": { "date": "2022-08-15", "region": "Southern Region", "district": "Balaka", "market": "Balaka Boma", "commodity": "Maize", "price": 300.0, "pct_change": 50.0, "zscore": 2.892, "spike_severity": "Severe" }, "geometry": { "type": "Point", "coordinates": [ 34.96, -14.99 ] } },
{ "type": "Feature", "properties": { "date": "2025-04-15", "region": "Southern Region", "district": "Balaka", "market": "Balaka Boma", "commodity": "Maize", "price": 923.53, "pct_change": 176.51, "zscore": 3.041, "spike_severity": "Critical" }, "geometry": { "type": "Point", "coordinates": [ 34.96, -14.99 ] } },
{ "type": "Feature", "properties": { "date": "2025-09-15", "region": "Southern Region", "district": "Balaka", "market": "Balaka Boma", "commodity": "Maize", "price": 1469.57, "pct_change": 58.48, "zscore": 2.388, "spike_severity": "Severe" }, "geometry": { "type": "Point", "coordinates": [ 34.96, -14.99 ] } },
{ "type": "Feature", "properties": { "date": "2023-03-15", "region": "Southern Region", "district": "Balaka", "market": "Balaka Boma", "commodity": "Maize (new harvest)", "price": 650.0, "pct_change": 333.33, "zscore": 2.256, "spike_severity": "Severe" }, "geometry": { "type": "Point", "coordinates": [ 34.96, -14.99 ] } },
{ "type": "Feature", "properties": { "date": "2025-02-15", "region": "Southern Region", "district": "Balaka", "market": "Balaka Boma", "commodity": "Maize (new harvest)", "price": 1387.5, "pct_change": 61.34, "zscore": 2.606, "spike_severity": "Critical" }, "geometry": { "type": "Point", "coordinates": [ 34.96, -14.99 ] } },
{ "type": "Feature", "properties": { "date": "2025-04-15", "region": "Southern Region", "district": "Balaka", "market": "Balaka Boma", "commodity": "Oil (vegetable)", "price": 8562.5, "pct_change": 558.65, "zscore": 2.267, "spike_severity": "Severe" }, "geometry": { "type": "Point", "coordinates": [ 34.96, -14.99 ] } },
{ "type": "Feature", "properties": { "date": "2023-09-15", "region": "Southern Region", "district": "Balaka", "market": "Balaka Boma", "commodity": "Pigeon peas", "price": 1100.0, "pct_change": 69.23, "zscore": 2.777, "spike_severity": "Critical" }, "geometry": { "type": "Point", "coordinates": [ 34.96, -14.99 ] } },
{ "type": "Feature", "properties": { "date": "2023-11-15", "region": "Southern Region", "district": "Balaka", "market": "Balaka Boma", "commodity": "Pigeon peas", "price": 1550.0, "pct_change": 37.78, "zscore": 2.466, "spike_severity": "Moderate" }, "geometry": { "type": "Point", "coordinates": [ 34.96, -14.99 ] } },
{ "type": "Feature", "properties": { "date": "2025-02-15", "region": "Southern Region", "district": "Balaka", "market": "Balaka Boma", "commodity": "Pigeon peas", "price": 3000.0, "pct_change": 87.5, "zscore": 2.392, "spike_severity": "Severe" }, "geometry": { "type": "Point", "coordinates": [ 34.96, -14.99 ] } },
{ "type": "Feature", "properties": { "date": "2025-04-15", "region": "Southern Region", "district": "Balaka", "market": "Balaka Boma", "commodity": "Rice", "price": 4850.0, "pct_change": 646.15, "zscore": 2.474, "spike_severity": "Severe" }, "geometry": { "type": "Point", "coordinates": [ 34.96, -14.99 ] } },
{ "type": "Feature", "properties": { "date": "2025-04-15", "region": "Southern Region", "district": "Balaka", "market": "Balaka Boma", "commodity": "Sugar", "price": 3645.83, "pct_change": 328.92, "zscore": 2.268, "spike_severity": "Severe" }, "geometry": { "type": "Point", "coordinates": [ 34.96, -14.99 ] } },
{ "type": "Feature", "properties": { "date": "2025-06-15", "region": "Southern Region", "district": "Balaka", "market": "Balaka Boma", "commodity": "Sugar", "price": 5456.52, "pct_change": 32.15, "zscore": 1.858, "spike_severity": "Moderate" }, "geometry": { "type": "Point", "coordinates": [ 34.96, -14.99 ] } },
{ "type": "Feature", "properties": { "date": "2025-09-15", "region": "Southern Region", "district": "Balaka", "market": "Balaka Boma", "commodity": "Sweet potatoes", "price": 1111.0, "pct_change": 59.99, "zscore": 1.558, "spike_severity": "Moderate" }, "geometry": { "type": "Point", "coordinates": [ 34.96, -14.99 ] } },
{ "type": "Feature", "properties": { "date": "2023-12-15", "region": "Southern Region", "district": "Balaka", "market": "Mbela", "commodity": "Beans", "price": 2300.0, "pct_change": 37.31, "zscore": 1.88, "spike_severity": "Moderate" }, "geometry": { "type": "Point", "coordinates": [ 35.06, -14.91 ] } },
{ "type": "Feature", "properties": { "date": "2024-01-15", "region": "Southern Region", "district": "Balaka", "market": "Mbela", "commodity": "Beans", "price": 3017.65, "pct_change": 31.2, "zscore": 2.508, "spike_severity": "Moderate" }, "geometry": { "type": "Point", "coordinates": [ 35.06, -14.91 ] } },
{ "type": "Feature", "properties": { "date": "2024-09-15", "region": "Southern Region", "district": "Balaka", "market": "Mbela", "commodity": "Beans", "price": 5400.0, "pct_change": 116.0, "zscore": 2.765, "spike_severity": "Critical" }, "geometry": { "type": "Point", "coordinates": [ 35.06, -14.91 ] } },
{ "type": "Feature", "properties": { "date": "2023-07-15", "region": "Southern Region", "district": "Balaka", "market": "Mbela", "commodity": "Cowpeas", "price": 1205.56, "pct_change": 72.22, "zscore": 1.964, "spike_severity": "Moderate" }, "geometry": { "type": "Point", "coordinates": [ 35.06, -14.91 ] } },
{ "type": "Feature", "properties": { "date": "2023-12-15", "region": "Southern Region", "district": "Balaka", "market": "Mbela", "commodity": "Cowpeas", "price": 1400.0, "pct_change": 25.84, "zscore": 1.873, "spike_severity": "Moderate" }, "geometry": { "type": "Point", "coordinates": [ 35.06, -14.91 ] } },
{ "type": "Feature", "properties": { "date": "2024-09-15", "region": "Southern Region", "district": "Balaka", "market": "Mbela", "commodity": "Cowpeas", "price": 2400.0, "pct_change": 33.0, "zscore": 2.203, "spike_severity": "Moderate" }, "geometry": { "type": "Point", "coordinates": [ 35.06, -14.91 ] } },
{ "type": "Feature", "properties": { "date": "2025-02-15", "region": "Southern Region", "district": "Balaka", "market": "Mbela", "commodity": "Cowpeas", "price": 3125.0, "pct_change": 30.21, "zscore": 2.037, "spike_severity": "Moderate" }, "geometry": { "type": "Point", "coordinates": [ 35.06, -14.91 ] } },
{ "type": "Feature", "properties": { "date": "2025-03-15", "region": "Southern Region", "district": "Balaka", "market": "Mbela", "commodity": "Cowpeas", "price": 4000.0, "pct_change": 28.0, "zscore": 2.151, "spike_severity": "Moderate" }, "geometry": { "type": "Point", "coordinates": [ 35.06, -14.91 ] } },
{ "type": "Feature", "properties": { "date": "2025-04-15", "region": "Southern Region", "district": "Balaka", "market": "Mbela", "commodity": "Cowpeas", "price": 5150.0, "pct_change": 28.75, "zscore": 2.205, "spike_severity": "Moderate" }, "geometry": { "type": "Point", "coordinates": [ 35.06, -14.91 ] } },
{ "type": "Feature", "properties": { "date": "2025-04-15", "region": "Southern Region", "district": "Balaka", "market": "Mbela", "commodity": "Maize", "price": 979.41, "pct_change": 179.83, "zscore": 3.008, "spike_severity": "Critical" }, "geometry": { "type": "Point", "coordinates": [ 35.06, -14.91 ] } },
{ "type": "Feature", "properties": { "date": "2025-09-15", "region": "Southern Region", "district": "Balaka", "market": "Mbela", "commodity": "Maize", "price": 1580.0, "pct_change": 58.0, "zscore": 2.385, "spike_severity": "Severe" }, "geometry": { "type": "Point", "coordinates": [ 35.06, -14.91 ] } },
{ "type": "Feature", "properties": { "date": "2023-07-15", "region": "Southern Region", "district": "Balaka", "market": "Mbela", "commodity": "Maize (new harvest)", "price": 733.33, "pct_change": 43.79, "zscore": 1.683, "spike_severity": "Moderate" }, "geometry": { "type": "Point", "coordinates": [ 35.06, -14.91 ] } },
{ "type": "Feature", "properties": { "date": "2025-02-15", "region": "Southern Region", "district": "Balaka", "market": "Mbela", "commodity": "Maize (new harvest)", "price": 1408.33, "pct_change": 56.48, "zscore": 2.779, "spike_severity": "Severe" }, "geometry": { "type": "Point", "coordinates": [ 35.06, -14.91 ] } },
{ "type": "Feature", "properties": { "date": "2025-03-15", "region": "Southern Region", "district": "Balaka", "market": "Mbela", "commodity": "Maize (new harvest)", "price": 1700.0, "pct_change": 20.71, "zscore": 2.468, "spike_severity": "Moderate" }, "geometry": { "type": "Point", "coordinates": [ 35.06, -14.91 ] } },
{ "type": "Feature", "properties": { "date": "2023-12-15", "region": "Southern Region", "district": "Balaka", "market": "Mbela", "commodity": "Pigeon peas", "price": 1400.0, "pct_change": 27.27, "zscore": 1.73, "spike_severity": "Moderate" }, "geometry": { "type": "Point", "coordinates": [ 35.06, -14.91 ] } },
{ "type": "Feature", "properties": { "date": "2024-01-15", "region": "Southern Region", "district": "Balaka", "market": "Mbela", "commodity": "Pigeon peas", "price": 1732.35, "pct_change": 23.74, "zscore": 1.832, "spike_severity": "Moderate" }, "geometry": { "type": "Point", "coordinates": [ 35.06, -14.91 ] } },
{ "type": "Feature", "properties": { "date": "2024-02-15", "region": "Southern Region", "district": "Balaka", "market": "Mbela", "commodity": "Pigeon peas", "price": 2095.45, "pct_change": 20.96, "zscore": 1.866, "spike_severity": "Moderate" }, "geometry": { "type": "Point", "coordinates": [ 35.06, -14.91 ] } },
{ "type": "Feature", "properties": { "date": "2025-02-15", "region": "Southern Region", "district": "Balaka", "market": "Mbela", "commodity": "Pigeon peas", "price": 2883.33, "pct_change": 44.17, "zscore": 2.027, "spike_severity": "Severe" }, "geometry": { "type": "Point", "coordinates": [ 35.06, -14.91 ] } },
{ "type": "Feature", "properties": { "date": "2025-04-15", "region": "Southern Region", "district": "Balaka", "market": "Mbela", "commodity": "Pigeon peas", "price": 4500.0, "pct_change": 50.0, "zscore": 2.32, "spike_severity": "Severe" }, "geometry": { "type": "Point", "coordinates": [ 35.06, -14.91 ] } },
{ "type": "Feature", "properties": { "date": "2024-01-15", "region": "Southern Region", "district": "Balaka", "market": "Phalula", "commodity": "Beans", "price": 2625.0, "pct_change": 34.62, "zscore": 2.079, "spike_severity": "Moderate" }, "geometry": { "type": "Point", "coordinates": [ 34.89, -15.22 ] } },
{ "type": "Feature", "properties": { "date": "2024-09-15", "region": "Southern Region", "district": "Balaka", "market": "Phalula", "commodity": "Beans", "price": 4200.0, "pct_change": 40.0, "zscore": 2.408, "spike_severity": "Moderate" }, "geometry": { "type": "Point", "coordinates": [ 34.89, -15.22 ] } },
{ "type": "Feature", "properties": { "date": "2025-02-15", "region": "Southern Region", "district": "Balaka", "market": "Phalula", "commodity": "Beans", "price": 5358.33, "pct_change": 27.58, "zscore": 2.143, "spike_severity": "Moderate" }, "geometry": { "type": "Point", "coordinates": [ 34.89, -15.22 ] } },
{ "type": "Feature", "properties": { "date": "2023-09-15", "region": "Southern Region", "district": "Balaka", "market": "Phalula", "commodity": "Cowpeas", "price": 1375.0, "pct_change": 103.7, "zscore": 1.757, "spike_severity": "Moderate" }, "geometry": { "type": "Point", "coordinates": [ 34.89, -15.22 ] } },
{ "type": "Feature", "properties": { "date": "2024-09-15", "region": "Southern Region", "district": "Balaka", "market": "Phalula", "commodity": "Cowpeas", "price": 2800.0, "pct_change": 53.23, "zscore": 2.339, "spike_severity": "Severe" }, "geometry": { "type": "Point", "coordinates": [ 34.89, -15.22 ] } },
{ "type": "Feature", "properties": { "date": "2026-01-15", "region": "Southern Region", "district": "Balaka", "market": "Phalula", "commodity": "Exotic vegetables", "price": 2000.0, "pct_change": 292.16, "zscore": 1.779, "spike_severity": "Moderate" }, "geometry": { "type": "Point", "coordinates": [ 34.89, -15.22 ] } },
{ "type": "Feature", "properties": { "date": "2025-11-15", "region": "Southern Region", "district": "Balaka", "market": "Phalula", "commodity": "Groundnuts (shelled)", "price": 8555.56, "pct_change": 22.22, "zscore": 1.739, "spike_severity": "Moderate" }, "geometry": { "type": "Point", "coordinates": [ 34.89, -15.22 ] } },
{ "type": "Feature", "properties": { "date": "2026-03-15", "region": "Southern Region", "district": "Balaka", "market": "Phalula", "commodity": "Local vegetables", "price": 2000.0, "pct_change": 100.0, "zscore": 1.609, "spike_severity": "Moderate" }, "geometry": { "type": "Point", "coordinates": [ 34.89, -15.22 ] } },
{ "type": "Feature", "properties": { "date": "2022-08-15", "region": "Southern Region", "district": "Balaka", "market": "Phalula", "commodity": "Maize", "price": 300.0, "pct_change": 100.0, "zscore": 2.984, "spike_severity": "Critical" }, "geometry": { "type": "Point", "coordinates": [ 34.89, -15.22 ] } },
{ "type": "Feature", "properties": { "date": "2025-04-15", "region": "Southern Region", "district": "Balaka", "market": "Phalula", "commodity": "Maize", "price": 861.76, "pct_change": 146.22, "zscore": 2.984, "spike_severity": "Critical" }, "geometry": { "type": "Point", "coordinates": [ 34.89, -15.22 ] } },
{ "type": "Feature", "properties": { "date": "2025-09-15", "region": "Southern Region", "district": "Balaka", "market": "Phalula", "commodity": "Maize", "price": 1426.09, "pct_change": 53.79, "zscore": 2.385, "spike_severity": "Severe" }, "geometry": { "type": "Point", "coordinates": [ 34.89, -15.22 ] } },
{ "type": "Feature", "properties": { "date": "2023-07-15", "region": "Southern Region", "district": "Balaka", "market": "Phalula", "commodity": "Maize (new harvest)", "price": 655.56, "pct_change": 31.11, "zscore": 1.507, "spike_severity": "Moderate" }, "geometry": { "type": "Point", "coordinates": [ 34.89, -15.22 ] } },
{ "type": "Feature", "properties": { "date": "2025-02-15", "region": "Southern Region", "district": "Balaka", "market": "Phalula", "commodity": "Maize (new harvest)", "price": 1314.58, "pct_change": 49.38, "zscore": 2.578, "spike_severity": "Severe" }, "geometry": { "type": "Point", "coordinates": [ 34.89, -15.22 ] } },
{ "type": "Feature", "properties": { "date": "2023-12-15", "region": "Southern Region", "district": "Balaka", "market": "Phalula", "commodity": "Pigeon peas", "price": 1600.0, "pct_change": 36.17, "zscore": 1.908, "spike_severity": "Moderate" }, "geometry": { "type": "Point", "coordinates": [ 34.89, -15.22 ] } },
{ "type": "Feature", "properties": { "date": "2024-02-15", "region": "Southern Region", "district": "Balaka", "market": "Phalula", "commodity": "Pigeon peas", "price": 2427.27, "pct_change": 51.7, "zscore": 2.154, "spike_severity": "Severe" }, "geometry": { "type": "Point", "coordinates": [ 34.89, -15.22 ] } },
{ "type": "Feature", "properties": { "date": "2025-02-15", "region": "Southern Region", "district": "Balaka", "market": "Phalula", "commodity": "Pigeon peas", "price": 2883.33, "pct_change": 92.22, "zscore": 2.073, "spike_severity": "Severe" }, "geometry": { "type": "Point", "coordinates": [ 34.89, -15.22 ] } },
{ "type": "Feature", "properties": { "date": "2023-03-15", "region": "Southern Region", "district": "Balaka", "market": "Ulongwe", "commodity": "Beans", "price": 1500.0, "pct_change": 66.67, "zscore": 2.165, "spike_severity": "Severe" }, "geometry": { "type": "Point", "coordinates": [ 35.17, -14.85 ] } },
{ "type": "Feature", "properties": { "date": "2023-06-15", "region": "Southern Region", "district": "Balaka", "market": "Ulongwe", "commodity": "Beans", "price": 1687.5, "pct_change": 21.84, "zscore": 1.753, "spike_severity": "Moderate" }, "geometry": { "type": "Point", "coordinates": [ 35.17, -14.85 ] } },
{ "type": "Feature", "properties": { "date": "2024-01-15", "region": "Southern Region", "district": "Balaka", "market": "Ulongwe", "commodity": "Beans", "price": 2711.76, "pct_change": 24.68, "zscore": 1.975, "spike_severity": "Moderate" }, "geometry": { "type": "Point", "coordinates": [ 35.17, -14.85 ] } },
{ "type": "Feature", "properties": { "date": "2024-05-15", "region": "Southern Region", "district": "Balaka", "market": "Ulongwe", "commodity": "Beans", "price": 4000.0, "pct_change": 24.14, "zscore": 2.202, "spike_severity": "Moderate" }, "geometry": { "type": "Point", "coordinates": [ 35.17, -14.85 ] } },
{ "type": "Feature", "properties": { "date": "2025-04-15", "region": "Southern Region", "district": "Balaka", "market": "Ulongwe", "commodity": "Beans", "price": 6617.65, "pct_change": 39.32, "zscore": 2.118, "spike_severity": "Moderate" }, "geometry": { "type": "Point", "coordinates": [ 35.17, -14.85 ] } },
{ "type": "Feature", "properties": { "date": "2025-09-15", "region": "Southern Region", "district": "Balaka", "market": "Ulongwe", "commodity": "Beans", "price": 7358.7, "pct_change": 22.65, "zscore": 1.834, "spike_severity": "Moderate" }, "geometry": { "type": "Point", "coordinates": [ 35.17, -14.85 ] } },
{ "type": "Feature", "properties": { "date": "2025-05-15", "region": "Southern Region", "district": "Balaka", "market": "Ulongwe", "commodity": "Cassava", "price": 2400.0, "pct_change": 585.71, "zscore": 1.789, "spike_severity": "Moderate" }, "geometry": { "type": "Point", "coordinates": [ 35.17, -14.85 ] } },
{ "type": "Feature", "properties": { "date": "2023-10-15", "region": "Southern Region", "district": "Balaka", "market": "Ulongwe", "commodity": "Cowpeas", "price": 1100.0, "pct_change": 32.0, "zscore": 1.524, "spike_severity": "Moderate" }, "geometry": { "type": "Point", "coordinates": [ 35.17, -14.85 ] } },
{ "type": "Feature", "properties": { "date": "2023-12-15", "region": "Southern Region", "district": "Balaka", "market": "Ulongwe", "commodity": "Cowpeas", "price": 1275.0, "pct_change": 39.73, "zscore": 1.737, "spike_severity": "Moderate" }, "geometry": { "type": "Point", "coordinates": [ 35.17, -14.85 ] } },
{ "type": "Feature", "properties": { "date": "2024-01-15", "region": "Southern Region", "district": "Balaka", "market": "Ulongwe", "commodity": "Cowpeas", "price": 1552.94, "pct_change": 21.8, "zscore": 1.971, "spike_severity": "Moderate" }, "geometry": { "type": "Point", "coordinates": [ 35.17, -14.85 ] } },
{ "type": "Feature", "properties": { "date": "2024-09-15", "region": "Southern Region", "district": "Balaka", "market": "Ulongwe", "commodity": "Cowpeas", "price": 2650.0, "pct_change": 58.42, "zscore": 2.434, "spike_severity": "Severe" }, "geometry": { "type": "Point", "coordinates": [ 35.17, -14.85 ] } },
{ "type": "Feature", "properties": { "date": "2025-04-15", "region": "Southern Region", "district": "Balaka", "market": "Ulongwe", "commodity": "Cowpeas", "price": 4500.0, "pct_change": 50.0, "zscore": 2.183, "spike_severity": "Severe" }, "geometry": { "type": "Point", "coordinates": [ 35.17, -14.85 ] } },
{ "type": "Feature", "properties": { "date": "2026-02-15", "region": "Southern Region", "district": "Balaka", "market": "Ulongwe", "commodity": "Cowpeas", "price": 6312.5, "pct_change": 23.46, "zscore": 1.992, "spike_severity": "Moderate" }, "geometry": { "type": "Point", "coordinates": [ 35.17, -14.85 ] } },
{ "type": "Feature", "properties": { "date": "2026-01-15", "region": "Southern Region", "district": "Balaka", "market": "Ulongwe", "commodity": "Exotic vegetables", "price": 1340.0, "pct_change": 67.5, "zscore": 1.576, "spike_severity": "Moderate" }, "geometry": { "type": "Point", "coordinates": [ 35.17, -14.85 ] } },
{ "type": "Feature", "properties": { "date": "2026-01-15", "region": "Southern Region", "district": "Balaka", "market": "Ulongwe", "commodity": "Groundnuts (shelled)", "price": 10000.0, "pct_change": 60.0, "zscore": 1.735, "spike_severity": "Moderate" }, "geometry": { "type": "Point", "coordinates": [ 35.17, -14.85 ] } },
{ "type": "Feature", "properties": { "date": "2026-01-15", "region": "Southern Region", "district": "Balaka", "market": "Ulongwe", "commodity": "Local vegetables", "price": 800.0, "pct_change": 100.0, "zscore": 1.641, "spike_severity": "Moderate" }, "geometry": { "type": "Point", "coordinates": [ 35.17, -14.85 ] } },
{ "type": "Feature", "properties": { "date": "2022-08-15", "region": "Southern Region", "district": "Balaka", "market": "Ulongwe", "commodity": "Maize", "price": 310.0, "pct_change": 78.67, "zscore": 1.624, "spike_severity": "Moderate" }, "geometry": { "type": "Point", "coordinates": [ 35.17, -14.85 ] } },
{ "type": "Feature", "properties": { "date": "2025-04-15", "region": "Southern Region", "district": "Balaka", "market": "Ulongwe", "commodity": "Maize", "price": 1175.0, "pct_change": 234.28, "zscore": 3.088, "spike_severity": "Critical" }, "geometry": { "type": "Point", "coordinates": [ 35.17, -14.85 ] } },
{ "type": "Feature", "properties": { "date": "2025-09-15", "region": "Southern Region", "district": "Balaka", "market": "Ulongwe", "commodity": "Maize", "price": 1463.04, "pct_change": 24.51, "zscore": 2.417, "spike_severity": "Moderate" }, "geometry": { "type": "Point", "coordinates": [ 35.17, -14.85 ] } },
{ "type": "Feature", "properties": { "date": "2023-04-15", "region": "Southern Region", "district": "Balaka", "market": "Ulongwe", "commodity": "Maize (new harvest)", "price": 700.0, "pct_change": 250.0, "zscore": 1.787, "spike_severity": "Moderate" }, "geometry": { "type": "Point", "coordinates": [ 35.17, -14.85 ] } },
{ "type": "Feature", "properties": { "date": "2024-01-15", "region": "Southern Region", "district": "Balaka", "market": "Ulongwe", "commodity": "Maize (new harvest)", "price": 1208.82, "pct_change": 34.31, "zscore": 1.871, "spike_severity": "Moderate" }, "geometry": { "type": "Point", "coordinates": [ 35.17, -14.85 ] } },
{ "type": "Feature", "properties": { "date": "2025-02-15", "region": "Southern Region", "district": "Balaka", "market": "Ulongwe", "commodity": "Maize (new harvest)", "price": 1425.0, "pct_change": 64.74, "zscore": 2.01, "spike_severity": "Severe" }, "geometry": { "type": "Point", "coordinates": [ 35.17, -14.85 ] } },
{ "type": "Feature", "properties": { "date": "2025-04-15", "region": "Southern Region", "district": "Balaka", "market": "Ulongwe", "commodity": "Oil (vegetable)", "price": 8427.08, "pct_change": 666.1, "zscore": 1.789, "spike_severity": "Moderate" }, "geometry": { "type": "Point", "coordinates": [ 35.17, -14.85 ] } },
{ "type": "Feature", "properties": { "date": "2023-04-15", "region": "Southern Region", "district": "Balaka", "market": "Ulongwe", "commodity": "Pigeon peas", "price": 900.0, "pct_change": 28.57, "zscore": 1.789, "spike_severity": "Moderate" }, "geometry": { "type": "Point", "coordinates": [ 35.17, -14.85 ] } },
{ "type": "Feature", "properties": { "date": "2025-02-15", "region": "Southern Region", "district": "Balaka", "market": "Ulongwe", "commodity": "Pigeon peas", "price": 2145.83, "pct_change": 24.4, "zscore": 1.71, "spike_severity": "Moderate" }, "geometry": { "type": "Point", "coordinates": [ 35.17, -14.85 ] } },
{ "type": "Feature", "properties": { "date": "2025-04-15", "region": "Southern Region", "district": "Balaka", "market": "Ulongwe", "commodity": "Pigeon peas", "price": 4500.0, "pct_change": 172.73, "zscore": 2.905, "spike_severity": "Critical" }, "geometry": { "type": "Point", "coordinates": [ 35.17, -14.85 ] } },
{ "type": "Feature", "properties": { "date": "2025-04-15", "region": "Southern Region", "district": "Balaka", "market": "Ulongwe", "commodity": "Rice", "price": 4650.0, "pct_change": 481.25, "zscore": 1.789, "spike_severity": "Moderate" }, "geometry": { "type": "Point", "coordinates": [ 35.17, -14.85 ] } },
{ "type": "Feature", "properties": { "date": "2025-10-15", "region": "Southern Region", "district": "Balaka", "market": "Ulongwe", "commodity": "Soybeans", "price": 5000.0, "pct_change": 53.85, "zscore": 1.879, "spike_severity": "Moderate" }, "geometry": { "type": "Point", "coordinates": [ 35.17, -14.85 ] } },
{ "type": "Feature", "properties": { "date": "2025-04-15", "region": "Southern Region", "district": "Balaka", "market": "Ulongwe", "commodity": "Sugar", "price": 3629.17, "pct_change": 326.96, "zscore": 1.789, "spike_severity": "Moderate" }, "geometry": { "type": "Point", "coordinates": [ 35.17, -14.85 ] } },
{ "type": "Feature", "properties": { "date": "2025-05-15", "region": "Southern Region", "district": "Balaka", "market": "Ulongwe", "commodity": "Sugar", "price": 4817.65, "pct_change": 32.75, "zscore": 1.595, "spike_severity": "Moderate" }, "geometry": { "type": "Point", "coordinates": [ 35.17, -14.85 ] } },
{ "type": "Feature", "properties": { "date": "2025-10-15", "region": "Southern Region", "district": "Balaka", "market": "Ulongwe", "commodity": "Sweet potatoes", "price": 1389.0, "pct_change": 42.9, "zscore": 1.761, "spike_severity": "Moderate" }, "geometry": { "type": "Point", "coordinates": [ 35.17, -14.85 ] } },
{ "type": "Feature", "properties": { "date": "2025-12-15", "region": "Southern Region", "district": "Balaka", "market": "Ulongwe", "commodity": "Sweet potatoes", "price": 1667.0, "pct_change": 50.05, "zscore": 1.862, "spike_severity": "Moderate" }, "geometry": { "type": "Point", "coordinates": [ 35.17, -14.85 ] } },
{ "type": "Feature", "properties": { "date": "2024-09-15", "region": "Southern Region", "district": "Blantyre", "market": "Chikuli", "commodity": "Beans", "price": 4500.0, "pct_change": 50.0, "zscore": 2.126, "spike_severity": "Severe" }, "geometry": { "type": "Point", "coordinates": [ 34.88, -15.67 ] } },
{ "type": "Feature", "properties": { "date": "2024-12-15", "region": "Southern Region", "district": "Blantyre", "market": "Chikuli", "commodity": "Beans", "price": 5000.0, "pct_change": 22.7, "zscore": 1.524, "spike_severity": "Moderate" }, "geometry": { "type": "Point", "coordinates": [ 34.88, -15.67 ] } },
{ "type": "Feature", "properties": { "date": "2025-02-15", "region": "Southern Region", "district": "Blantyre", "market": "Chikuli", "commodity": "Beans", "price": 6166.67, "pct_change": 23.33, "zscore": 1.829, "spike_severity": "Moderate" }, "geometry": { "type": "Point", "coordinates": [ 34.88, -15.67 ] } },
{ "type": "Feature", "properties": { "date": "2025-04-15", "region": "Southern Region", "district": "Blantyre", "market": "Chikuli", "commodity": "Beans", "price": 6583.33, "pct_change": 31.67, "zscore": 1.72, "spike_severity": "Moderate" }, "geometry": { "type": "Point", "coordinates": [ 34.88, -15.67 ] } },
{ "type": "Feature", "properties": { "date": "2024-01-15", "region": "Southern Region", "district": "Blantyre", "market": "Chikuli", "commodity": "Cowpeas", "price": 2088.24, "pct_change": 46.54, "zscore": 1.864, "spike_severity": "Moderate" }, "geometry": { "type": "Point", "coordinates": [ 34.88, -15.67 ] } },
{ "type": "Feature", "properties": { "date": "2025-01-15", "region": "Southern Region", "district": "Blantyre", "market": "Chikuli", "commodity": "Maize (new harvest)", "price": 1370.59, "pct_change": 26.76, "zscore": 2.316, "spike_severity": "Moderate" }, "geometry": { "type": "Point", "coordinates": [ 34.88, -15.67 ] } },
{ "type": "Feature", "properties": { "date": "2025-02-15", "region": "Southern Region", "district": "Blantyre", "market": "Chikuli", "commodity": "Maize (new harvest)", "price": 1711.11, "pct_change": 24.84, "zscore": 2.411, "spike_severity": "Moderate" }, "geometry": { "type": "Point", "coordinates": [ 34.88, -15.67 ] } },
{ "type": "Feature", "properties": { "date": "2024-01-15", "region": "Southern Region", "district": "Blantyre", "market": "Chikuli", "commodity": "Pigeon peas", "price": 2088.24, "pct_change": 51.87, "zscore": 1.717, "spike_severity": "Moderate" }, "geometry": { "type": "Point", "coordinates": [ 34.88, -15.67 ] } },
{ "type": "Feature", "properties": { "date": "2025-08-15", "region": "Southern Region", "district": "Blantyre", "market": "Chikuli", "commodity": "Soybeans", "price": 2700.0, "pct_change": 25.58, "zscore": 1.618, "spike_severity": "Moderate" }, "geometry": { "type": "Point", "coordinates": [ 34.88, -15.67 ] } },
{ "type": "Feature", "properties": { "date": "2022-07-15", "region": "Southern Region", "district": "Blantyre", "market": "Lirangwe", "commodity": "Beans", "price": 1600.0, "pct_change": 68.42, "zscore": 1.976, "spike_severity": "Moderate" }, "geometry": { "type": "Point", "coordinates": [ 35.02, -15.53 ] } },
{ "type": "Feature", "properties": { "date": "2024-01-15", "region": "Southern Region", "district": "Blantyre", "market": "Lirangwe", "commodity": "Beans", "price": 3000.0, "pct_change": 34.83, "zscore": 2.616, "spike_severity": "Moderate" }, "geometry": { "type": "Point", "coordinates": [ 35.02, -15.53 ] } },
{ "type": "Feature", "properties": { "date": "2024-05-15", "region": "Southern Region", "district": "Blantyre", "market": "Lirangwe", "commodity": "Beans", "price": 4000.0, "pct_change": 29.73, "zscore": 2.063, "spike_severity": "Moderate" }, "geometry": { "type": "Point", "coordinates": [ 35.02, -15.53 ] } },
{ "type": "Feature", "properties": { "date": "2025-04-15", "region": "Southern Region", "district": "Blantyre", "market": "Lirangwe", "commodity": "Beans", "price": 7130.43, "pct_change": 32.66, "zscore": 2.193, "spike_severity": "Moderate" }, "geometry": { "type": "Point", "coordinates": [ 35.02, -15.53 ] } },
{ "type": "Feature", "properties": { "date": "2025-04-15", "region": "Southern Region", "district": "Blantyre", "market": "Lirangwe", "commodity": "Cassava", "price": 4000.0, "pct_change": 1354.55, "zscore": 2.041, "spike_severity": "Severe" }, "geometry": { "type": "Point", "coordinates": [ 35.02, -15.53 ] } },
{ "type": "Feature", "properties": { "date": "2023-01-15", "region": "Southern Region", "district": "Blantyre", "market": "Lirangwe", "commodity": "Cowpeas", "price": 977.78, "pct_change": 22.22, "zscore": 1.607, "spike_severity": "Moderate" }, "geometry": { "type": "Point", "coordinates": [ 35.02, -15.53 ] } },
{ "type": "Feature", "properties": { "date": "2024-01-15", "region": "Southern Region", "district": "Blantyre", "market": "Lirangwe", "commodity": "Cowpeas", "price": 2250.0, "pct_change": 52.54, "zscore": 2.521, "spike_severity": "Severe" }, "geometry": { "type": "Point", "coordinates": [ 35.02, -15.53 ] } },
{ "type": "Feature", "properties": { "date": "2024-12-15", "region": "Southern Region", "district": "Blantyre", "market": "Lirangwe", "commodity": "Cowpeas", "price": 2500.0, "pct_change": 25.0, "zscore": 1.532, "spike_severity": "Moderate" }, "geometry": { "type": "Point", "coordinates": [ 35.02, -15.53 ] } },
{ "type": "Feature", "properties": { "date": "2025-03-15", "region": "Southern Region", "district": "Blantyre", "market": "Lirangwe", "commodity": "Cowpeas", "price": 4000.0, "pct_change": 21.01, "zscore": 2.178, "spike_severity": "Moderate" }, "geometry": { "type": "Point", "coordinates": [ 35.02, -15.53 ] } },
{ "type": "Feature", "properties": { "date": "2026-01-15", "region": "Southern Region", "district": "Blantyre", "market": "Lirangwe", "commodity": "Exotic vegetables", "price": 1600.0, "pct_change": 113.33, "zscore": 1.685, "spike_severity": "Moderate" }, "geometry": { "type": "Point", "coordinates": [ 35.02, -15.53 ] } },
{ "type": "Feature", "properties": { "date": "2025-12-15", "region": "Southern Region", "district": "Blantyre", "market": "Lirangwe", "commodity": "Groundnuts (shelled)", "price": 10000.0, "pct_change": 26.58, "zscore": 1.923, "spike_severity": "Moderate" }, "geometry": { "type": "Point", "coordinates": [ 35.02, -15.53 ] } },
{ "type": "Feature", "properties": { "date": "2026-01-15", "region": "Southern Region", "district": "Blantyre", "market": "Lirangwe", "commodity": "Local vegetables", "price": 1000.0, "pct_change": 60.0, "zscore": 1.575, "spike_severity": "Moderate" }, "geometry": { "type": "Point", "coordinates": [ 35.02, -15.53 ] } },
{ "type": "Feature", "properties": { "date": "2022-08-15", "region": "Southern Region", "district": "Blantyre", "market": "Lirangwe", "commodity": "Maize", "price": 350.0, "pct_change": 55.56, "zscore": 2.194, "spike_severity": "Severe" }, "geometry": { "type": "Point", "coordinates": [ 35.02, -15.53 ] } },
{ "type": "Feature", "properties": { "date": "2025-09-15", "region": "Southern Region", "district": "Blantyre", "market": "Lirangwe", "commodity": "Maize", "price": 1556.67, "pct_change": 357.84, "zscore": 3.117, "spike_severity": "Critical" }, "geometry": { "type": "Point", "coordinates": [ 35.02, -15.53 ] } },
{ "type": "Feature", "properties": { "date": "2023-01-15", "region": "Southern Region", "district": "Blantyre", "market": "Lirangwe", "commodity": "Maize (new harvest)", "price": 553.89, "pct_change": 281.99, "zscore": 2.226, "spike_severity": "Severe" }, "geometry": { "type": "Point", "coordinates": [ 35.02, -15.53 ] } },
{ "type": "Feature", "properties": { "date": "2025-01-15", "region": "Southern Region", "district": "Blantyre", "market": "Lirangwe", "commodity": "Maize (new harvest)", "price": 1370.59, "pct_change": 28.49, "zscore": 2.514, "spike_severity": "Moderate" }, "geometry": { "type": "Point", "coordinates": [ 35.02, -15.53 ] } },
{ "type": "Feature", "properties": { "date": "2025-02-15", "region": "Southern Region", "district": "Blantyre", "market": "Lirangwe", "commodity": "Maize (new harvest)", "price": 1672.22, "pct_change": 22.01, "zscore": 2.433, "spike_severity": "Moderate" }, "geometry": { "type": "Point", "coordinates": [ 35.02, -15.53 ] } },
{ "type": "Feature", "properties": { "date": "2025-03-15", "region": "Southern Region", "district": "Blantyre", "market": "Lirangwe", "commodity": "Millet", "price": 2500.0, "pct_change": 986.96, "zscore": 2.245, "spike_severity": "Severe" }, "geometry": { "type": "Point", "coordinates": [ 35.02, -15.53 ] } },
{ "type": "Feature", "properties": { "date": "2025-10-15", "region": "Southern Region", "district": "Blantyre", "market": "Lirangwe", "commodity": "Millet", "price": 3336.84, "pct_change": 178.07, "zscore": 1.973, "spike_severity": "Moderate" }, "geometry": { "type": "Point", "coordinates": [ 35.02, -15.53 ] } },
{ "type": "Feature", "properties": { "date": "2021-03-15", "region": "Southern Region", "district": "Blantyre", "market": "Lirangwe", "commodity": "Oil (vegetable)", "price": 1625.0, "pct_change": 27.45, "zscore": 1.591, "spike_severity": "Moderate" }, "geometry": { "type": "Point", "coordinates": [ 35.02, -15.53 ] } },
{ "type": "Feature", "properties": { "date": "2025-03-15", "region": "Southern Region", "district": "Blantyre", "market": "Lirangwe", "commodity": "Oil (vegetable)", "price": 7500.0, "pct_change": 368.75, "zscore": 2.257, "spike_severity": "Severe" }, "geometry": { "type": "Point", "coordinates": [ 35.02, -15.53 ] } },
{ "type": "Feature", "properties": { "date": "2023-08-15", "region": "Southern Region", "district": "Blantyre", "market": "Lirangwe", "commodity": "Pigeon peas", "price": 1000.0, "pct_change": 53.85, "zscore": 1.807, "spike_severity": "Moderate" }, "geometry": { "type": "Point", "coordinates": [ 35.02, -15.53 ] } },
{ "type": "Feature", "properties": { "date": "2024-01-15", "region": "Southern Region", "district": "Blantyre", "market": "Lirangwe", "commodity": "Pigeon peas", "price": 2750.0, "pct_change": 86.44, "zscore": 2.827, "spike_severity": "Critical" }, "geometry": { "type": "Point", "coordinates": [ 35.02, -15.53 ] } },
{ "type": "Feature", "properties": { "date": "2025-01-15", "region": "Southern Region", "district": "Blantyre", "market": "Lirangwe", "commodity": "Pigeon peas", "price": 3205.88, "pct_change": 28.24, "zscore": 1.875, "spike_severity": "Moderate" }, "geometry": { "type": "Point", "coordinates": [ 35.02, -15.53 ] } },
{ "type": "Feature", "properties": { "date": "2025-03-15", "region": "Southern Region", "district": "Blantyre", "market": "Lirangwe", "commodity": "Rice", "price": 4500.0, "pct_change": 462.5, "zscore": 2.267, "spike_severity": "Severe" }, "geometry": { "type": "Point", "coordinates": [ 35.02, -15.53 ] } },
{ "type": "Feature", "properties": { "date": "2025-03-15", "region": "Southern Region", "district": "Blantyre", "market": "Lirangwe", "commodity": "Sorghum", "price": 2500.0, "pct_change": 640.74, "zscore": 2.023, "spike_severity": "Severe" }, "geometry": { "type": "Point", "coordinates": [ 35.02, -15.53 ] } },
{ "type": "Feature", "properties": { "date": "2025-10-15", "region": "Southern Region", "district": "Blantyre", "market": "Lirangwe", "commodity": "Sorghum", "price": 5473.68, "pct_change": 375.97, "zscore": 2.783, "spike_severity": "Critical" }, "geometry": { "type": "Point", "coordinates": [ 35.02, -15.53 ] } },
{ "type": "Feature", "properties": { "date": "2025-03-15", "region": "Southern Region", "district": "Blantyre", "market": "Lirangwe", "commodity": "Sugar", "price": 4000.0, "pct_change": 357.14, "zscore": 2.266, "spike_severity": "Severe" }, "geometry": { "type": "Point", "coordinates": [ 35.02, -15.53 ] } },
{ "type": "Feature", "properties": { "date": "2025-06-15", "region": "Southern Region", "district": "Blantyre", "market": "Lirangwe", "commodity": "Sugar", "price": 4785.0, "pct_change": 23.61, "zscore": 1.563, "spike_severity": "Moderate" }, "geometry": { "type": "Point", "coordinates": [ 35.02, -15.53 ] } },
{ "type": "Feature", "properties": { "date": "2025-03-15", "region": "Southern Region", "district": "Blantyre", "market": "Lirangwe", "commodity": "Sweet potatoes", "price": 1111.11, "pct_change": 241.88, "zscore": 2.262, "spike_severity": "Severe" }, "geometry": { "type": "Point", "coordinates": [ 35.02, -15.53 ] } },
{ "type": "Feature", "properties": { "date": "2026-03-15", "region": "Southern Region", "district": "Blantyre", "market": "Lirangwe", "commodity": "Tomatoes", "price": 3000.0, "pct_change": 150.0, "zscore": 1.711, "spike_severity": "Moderate" }, "geometry": { "type": "Point", "coordinates": [ 35.02, -15.53 ] } },
{ "type": "Feature", "properties": { "date": "2022-01-15", "region": "Southern Region", "district": "Blantyre", "market": "Lunzu", "commodity": "Beans", "price": 1420.0, "pct_change": 67.06, "zscore": 1.531, "spike_severity": "Moderate" }, "geometry": { "type": "Point", "coordinates": [ 35.02, -15.65 ] } },
{ "type": "Feature", "properties": { "date": "2023-01-15", "region": "Southern Region", "district": "Blantyre", "market": "Lunzu", "commodity": "Beans", "price": 1795.83, "pct_change": 26.47, "zscore": 2.093, "spike_severity": "Moderate" }, "geometry": { "type": "Point", "coordinates": [ 35.02, -15.65 ] } },
{ "type": "Feature", "properties": { "date": "2024-01-15", "region": "Southern Region", "district": "Blantyre", "market": "Lunzu", "commodity": "Beans", "price": 2820.59, "pct_change": 43.72, "zscore": 2.221, "spike_severity": "Severe" }, "geometry": { "type": "Point", "coordinates": [ 35.02, -15.65 ] } },
{ "type": "Feature", "properties": { "date": "2024-02-15", "region": "Southern Region", "district": "Blantyre", "market": "Lunzu", "commodity": "Beans", "price": 3500.0, "pct_change": 24.09, "zscore": 2.348, "spike_severity": "Moderate" }, "geometry": { "type": "Point", "coordinates": [ 35.02, -15.65 ] } },
{ "type": "Feature", "properties": { "date": "2024-05-15", "region": "Southern Region", "district": "Blantyre", "market": "Lunzu", "commodity": "Beans", "price": 3875.0, "pct_change": 25.0, "zscore": 1.933, "spike_severity": "Moderate" }, "geometry": { "type": "Point", "coordinates": [ 35.02, -15.65 ] } },
{ "type": "Feature", "properties": { "date": "2025-04-15", "region": "Southern Region", "district": "Blantyre", "market": "Lunzu", "commodity": "Beans", "price": 7750.0, "pct_change": 39.04, "zscore": 2.543, "spike_severity": "Moderate" }, "geometry": { "type": "Point", "coordinates": [ 35.02, -15.65 ] } },
{ "type": "Feature", "properties": { "date": "2025-03-15", "region": "Southern Region", "district": "Blantyre", "market": "Lunzu", "commodity": "Cassava", "price": 4000.0, "pct_change": 1328.57, "zscore": 2.267, "spike_severity": "Severe" }, "geometry": { "type": "Point", "coordinates": [ 35.02, -15.65 ] } },
{ "type": "Feature", "properties": { "date": "2023-06-15", "region": "Southern Region", "district": "Blantyre", "market": "Lunzu", "commodity": "Cowpeas", "price": 1200.0, "pct_change": 28.57, "zscore": 2.235, "spike_severity": "Moderate" }, "geometry": { "type": "Point", "coordinates": [ 35.02, -15.65 ] } },
{ "type": "Feature", "properties": { "date": "2023-09-15", "region": "Southern Region", "district": "Blantyre", "market": "Lunzu", "commodity": "Cowpeas", "price": 1225.0, "pct_change": 22.5, "zscore": 1.892, "spike_severity": "Moderate" }, "geometry": { "type": "Point", "coordinates": [ 35.02, -15.65 ] } },
{ "type": "Feature", "properties": { "date": "2023-11-15", "region": "Southern Region", "district": "Blantyre", "market": "Lunzu", "commodity": "Cowpeas", "price": 1550.0, "pct_change": 24.17, "zscore": 2.141, "spike_severity": "Moderate" }, "geometry": { "type": "Point", "coordinates": [ 35.02, -15.65 ] } },
{ "type": "Feature", "properties": { "date": "2024-02-15", "region": "Southern Region", "district": "Blantyre", "market": "Lunzu", "commodity": "Cowpeas", "price": 2318.18, "pct_change": 33.82, "zscore": 2.287, "spike_severity": "Moderate" }, "geometry": { "type": "Point", "coordinates": [ 35.02, -15.65 ] } },
{ "type": "Feature", "properties": { "date": "2025-04-15", "region": "Southern Region", "district": "Blantyre", "market": "Lunzu", "commodity": "Cowpeas", "price": 4000.0, "pct_change": 27.81, "zscore": 2.177, "spike_severity": "Moderate" }, "geometry": { "type": "Point", "coordinates": [ 35.02, -15.65 ] } },
{ "type": "Feature", "properties": { "date": "2026-01-15", "region": "Southern Region", "district": "Blantyre", "market": "Lunzu", "commodity": "Exotic vegetables", "price": 1100.0, "pct_change": 252.0, "zscore": 1.731, "spike_severity": "Moderate" }, "geometry": { "type": "Point", "coordinates": [ 35.02, -15.65 ] } },
{ "type": "Feature", "properties": { "date": "2026-02-15", "region": "Southern Region", "district": "Blantyre", "market": "Lunzu", "commodity": "Exotic vegetables", "price": 2000.0, "pct_change": 81.82, "zscore": 1.802, "spike_severity": "Moderate" }, "geometry": { "type": "Point", "coordinates": [ 35.02, -15.65 ] } },
{ "type": "Feature", "properties": { "date": "2025-12-15", "region": "Southern Region", "district": "Blantyre", "market": "Lunzu", "commodity": "Groundnuts (shelled)", "price": 10250.0, "pct_change": 28.12, "zscore": 1.609, "spike_severity": "Moderate" }, "geometry": { "type": "Point", "coordinates": [ 35.02, -15.65 ] } },
{ "type": "Feature", "properties": { "date": "2026-02-15", "region": "Southern Region", "district": "Blantyre", "market": "Lunzu", "commodity": "Groundnuts (shelled)", "price": 16000.0, "pct_change": 77.78, "zscore": 2.641, "spike_severity": "Critical" }, "geometry": { "type": "Point", "coordinates": [ 35.02, -15.65 ] } },
{ "type": "Feature", "properties": { "date": "2026-02-15", "region": "Southern Region", "district": "Blantyre", "market": "Lunzu", "commodity": "Local vegetables", "price": 800.0, "pct_change": 100.0, "zscore": 1.848, "spike_severity": "Moderate" }, "geometry": { "type": "Point", "coordinates": [ 35.02, -15.65 ] } },
{ "type": "Feature", "properties": { "date": "2022-01-15", "region": "Southern Region", "district": "Blantyre", "market": "Lunzu", "commodity": "Maize", "price": 220.0, "pct_change": 29.41, "zscore": 2.028, "spike_severity": "Moderate" }, "geometry": { "type": "Point", "coordinates": [ 35.02, -15.65 ] } },
{ "type": "Feature", "properties": { "date": "2022-08-15", "region": "Southern Region", "district": "Blantyre", "market": "Lunzu", "commodity": "Maize", "price": 353.5, "pct_change": 60.68, "zscore": 2.932, "spike_severity": "Critical" }, "geometry": { "type": "Point", "coordinates": [ 35.02, -15.65 ] } },
{ "type": "Feature", "properties": { "date": "2025-06-15", "region": "Southern Region", "district": "Blantyre", "market": "Lunzu", "commodity": "Maize", "price": 1000.0, "pct_change": 203.03, "zscore": 3.045, "spike_severity": "Critical" }, "geometry": { "type": "Point", "coordinates": [ 35.02, -15.65 ] } },
{ "type": "Feature", "properties": { "date": "2025-09-15", "region": "Southern Region", "district": "Blantyre", "market": "Lunzu", "commodity": "Maize", "price": 1590.0, "pct_change": 59.0, "zscore": 2.688, "spike_severity": "Severe" }, "geometry": { "type": "Point", "coordinates": [ 35.02, -15.65 ] } },
{ "type": "Feature", "properties": { "date": "2023-01-15", "region": "Southern Region", "district": "Blantyre", "market": "Lunzu", "commodity": "Maize (new harvest)", "price": 534.17, "pct_change": 268.39, "zscore": 2.218, "spike_severity": "Severe" }, "geometry": { "type": "Point", "coordinates": [ 35.02, -15.65 ] } },
{ "type": "Feature", "properties": { "date": "2025-01-15", "region": "Southern Region", "district": "Blantyre", "market": "Lunzu", "commodity": "Maize (new harvest)", "price": 1370.59, "pct_change": 26.76, "zscore": 2.375, "spike_severity": "Moderate" }, "geometry": { "type": "Point", "coordinates": [ 35.02, -15.65 ] } },
{ "type": "Feature", "properties": { "date": "2025-02-15", "region": "Southern Region", "district": "Blantyre", "market": "Lunzu", "commodity": "Maize (new harvest)", "price": 1685.19, "pct_change": 22.95, "zscore": 2.39, "spike_severity": "Moderate" }, "geometry": { "type": "Point", "coordinates": [ 35.02, -15.65 ] } },
{ "type": "Feature", "properties": { "date": "2025-03-15", "region": "Southern Region", "district": "Blantyre", "market": "Lunzu", "commodity": "Millet", "price": 2500.0, "pct_change": 1150.0, "zscore": 2.253, "spike_severity": "Severe" }, "geometry": { "type": "Point", "coordinates": [ 35.02, -15.65 ] } },
{ "type": "Feature", "properties": { "date": "2025-10-15", "region": "Southern Region", "district": "Blantyre", "market": "Lunzu", "commodity": "Millet", "price": 8333.33, "pct_change": 733.33, "zscore": 3.013, "spike_severity": "Critical" }, "geometry": { "type": "Point", "coordinates": [ 35.02, -15.65 ] } },
{ "type": "Feature", "properties": { "date": "2025-03-15", "region": "Southern Region", "district": "Blantyre", "market": "Lunzu", "commodity": "Oil (vegetable)", "price": 7500.0, "pct_change": 328.57, "zscore": 2.257, "spike_severity": "Severe" }, "geometry": { "type": "Point", "coordinates": [ 35.02, -15.65 ] } },
{ "type": "Feature", "properties": { "date": "2023-06-15", "region": "Southern Region", "district": "Blantyre", "market": "Lunzu", "commodity": "Pigeon peas", "price": 1200.0, "pct_change": 46.94, "zscore": 2.231, "spike_severity": "Severe" }, "geometry": { "type": "Point", "coordinates": [ 35.02, -15.65 ] } },
{ "type": "Feature", "properties": { "date": "2023-09-15", "region": "Southern Region", "district": "Blantyre", "market": "Lunzu", "commodity": "Pigeon peas", "price": 1200.0, "pct_change": 41.18, "zscore": 1.88, "spike_severity": "Moderate" }, "geometry": { "type": "Point", "coordinates": [ 35.02, -15.65 ] } },
{ "type": "Feature", "properties": { "date": "2023-12-15", "region": "Southern Region", "district": "Blantyre", "market": "Lunzu", "commodity": "Pigeon peas", "price": 1566.67, "pct_change": 22.08, "zscore": 1.991, "spike_severity": "Moderate" }, "geometry": { "type": "Point", "coordinates": [ 35.02, -15.65 ] } },
{ "type": "Feature", "properties": { "date": "2024-02-15", "region": "Southern Region", "district": "Blantyre", "market": "Lunzu", "commodity": "Pigeon peas", "price": 2318.18, "pct_change": 30.71, "zscore": 2.256, "spike_severity": "Moderate" }, "geometry": { "type": "Point", "coordinates": [ 35.02, -15.65 ] } },
{ "type": "Feature", "properties": { "date": "2024-11-15", "region": "Southern Region", "district": "Blantyre", "market": "Lunzu", "commodity": "Pigeon peas", "price": 2500.0, "pct_change": 25.0, "zscore": 1.59, "spike_severity": "Moderate" }, "geometry": { "type": "Point", "coordinates": [ 35.02, -15.65 ] } },
{ "type": "Feature", "properties": { "date": "2025-04-15", "region": "Southern Region", "district": "Blantyre", "market": "Lunzu", "commodity": "Pigeon peas", "price": 3937.5, "pct_change": 21.64, "zscore": 2.024, "spike_severity": "Moderate" }, "geometry": { "type": "Point", "coordinates": [ 35.02, -15.65 ] } },
{ "type": "Feature", "properties": { "date": "2025-04-15", "region": "Southern Region", "district": "Blantyre", "market": "Lunzu", "commodity": "Rice", "price": 4925.0, "pct_change": 545.9, "zscore": 2.474, "spike_severity": "Severe" }, "geometry": { "type": "Point", "coordinates": [ 35.02, -15.65 ] } },
{ "type": "Feature", "properties": { "date": "2025-04-15", "region": "Southern Region", "district": "Blantyre", "market": "Lunzu", "commodity": "Sorghum", "price": 2050.0, "pct_change": 645.45, "zscore": 2.266, "spike_severity": "Severe" }, "geometry": { "type": "Point", "coordinates": [ 35.02, -15.65 ] } },
{ "type": "Feature", "properties": { "date": "2025-10-15", "region": "Southern Region", "district": "Blantyre", "market": "Lunzu", "commodity": "Sorghum", "price": 2208.33, "pct_change": 120.83, "zscore": 2.021, "spike_severity": "Severe" }, "geometry": { "type": "Point", "coordinates": [ 35.02, -15.65 ] } },
{ "type": "Feature", "properties": { "date": "2025-11-15", "region": "Southern Region", "district": "Blantyre", "market": "Lunzu", "commodity": "Sorghum", "price": 2888.89, "pct_change": 30.82, "zscore": 2.106, "spike_severity": "Moderate" }, "geometry": { "type": "Point", "coordinates": [ 35.02, -15.65 ] } },
{ "type": "Feature", "properties": { "date": "2025-12-15", "region": "Southern Region", "district": "Blantyre", "market": "Lunzu", "commodity": "Sorghum", "price": 4300.0, "pct_change": 48.85, "zscore": 2.354, "spike_severity": "Severe" }, "geometry": { "type": "Point", "coordinates": [ 35.02, -15.65 ] } },
{ "type": "Feature", "properties": { "date": "2025-10-15", "region": "Southern Region", "district": "Blantyre", "market": "Lunzu", "commodity": "Soybeans", "price": 4500.0, "pct_change": 80.0, "zscore": 2.18, "spike_severity": "Severe" }, "geometry": { "type": "Point", "coordinates": [ 35.02, -15.65 ] } },
{ "type": "Feature", "properties": { "date": "2025-03-15", "region": "Southern Region", "district": "Blantyre", "market": "Lunzu", "commodity": "Sugar", "price": 3500.0, "pct_change": 317.91, "zscore": 2.267, "spike_severity": "Severe" }, "geometry": { "type": "Point", "coordinates": [ 35.02, -15.65 ] } },
{ "type": "Feature", "properties": { "date": "2025-06-15", "region": "Southern Region", "district": "Blantyre", "market": "Lunzu", "commodity": "Sugar", "price": 5240.0, "pct_change": 37.72, "zscore": 1.822, "spike_severity": "Moderate" }, "geometry": { "type": "Point", "coordinates": [ 35.02, -15.65 ] } },
{ "type": "Feature", "properties": { "date": "2025-03-15", "region": "Southern Region", "district": "Blantyre", "market": "Lunzu", "commodity": "Sweet potatoes", "price": 555.56, "pct_change": 77.78, "zscore": 2.208, "spike_severity": "Severe" }, "geometry": { "type": "Point", "coordinates": [ 35.02, -15.65 ] } },
{ "type": "Feature", "properties": { "date": "2025-04-15", "region": "Southern Region", "district": "Blantyre", "market": "Lunzu", "commodity": "Sweet potatoes", "price": 781.25, "pct_change": 40.62, "zscore": 2.131, "spike_severity": "Severe" }, "geometry": { "type": "Point", "coordinates": [ 35.02, -15.65 ] } },
{ "type": "Feature", "properties": { "date": "2025-06-15", "region": "Southern Region", "district": "Blantyre", "market": "Lunzu", "commodity": "Sweet potatoes", "price": 1111.11, "pct_change": 25.93, "zscore": 1.948, "spike_severity": "Moderate" }, "geometry": { "type": "Point", "coordinates": [ 35.02, -15.65 ] } },
{ "type": "Feature", "properties": { "date": "2025-08-15", "region": "Southern Region", "district": "Blantyre", "market": "Lunzu", "commodity": "Sweet potatoes", "price": 1111.11, "pct_change": 100.0, "zscore": 1.667, "spike_severity": "Moderate" }, "geometry": { "type": "Point", "coordinates": [ 35.02, -15.65 ] } },
{ "type": "Feature", "properties": { "date": "2023-01-15", "region": "Southern Region", "district": "Blantyre City", "market": "Bvumbwe", "commodity": "Beans", "price": 1759.38, "pct_change": 25.67, "zscore": 1.985, "spike_severity": "Moderate" }, "geometry": { "type": "Point", "coordinates": [ 35.08, -15.93 ] } },
{ "type": "Feature", "properties": { "date": "2023-06-15", "region": "Southern Region", "district": "Blantyre City", "market": "Bvumbwe", "commodity": "Beans", "price": 2000.0, "pct_change": 32.35, "zscore": 1.949, "spike_severity": "Moderate" }, "geometry": { "type": "Point", "coordinates": [ 35.08, -15.93 ] } },
{ "type": "Feature", "properties": { "date": "2024-05-15", "region": "Southern Region", "district": "Blantyre City", "market": "Bvumbwe", "commodity": "Beans", "price": 3750.0, "pct_change": 28.76, "zscore": 2.259, "spike_severity": "Moderate" }, "geometry": { "type": "Point", "coordinates": [ 35.08, -15.93 ] } },
{ "type": "Feature", "properties": { "date": "2025-04-15", "region": "Southern Region", "district": "Blantyre City", "market": "Bvumbwe", "commodity": "Cassava", "price": 3600.0, "pct_change": 1656.1, "zscore": 2.267, "spike_severity": "Severe" }, "geometry": { "type": "Point", "coordinates": [ 35.08, -15.93 ] } },
{ "type": "Feature", "properties": { "date": "2023-01-15", "region": "Southern Region", "district": "Blantyre City", "market": "Bvumbwe", "commodity": "Cowpeas", "price": 912.5, "pct_change": 25.86, "zscore": 1.59, "spike_severity": "Moderate" }, "geometry": { "type": "Point", "coordinates": [ 35.08, -15.93 ] } },
{ "type": "Feature", "properties": { "date": "2023-10-15", "region": "Southern Region", "district": "Blantyre City", "market": "Bvumbwe", "commodity": "Cowpeas", "price": 1350.0, "pct_change": 58.82, "zscore": 2.262, "spike_severity": "Severe" }, "geometry": { "type": "Point", "coordinates": [ 35.08, -15.93 ] } },
{ "type": "Feature", "properties": { "date": "2024-09-15", "region": "Southern Region", "district": "Blantyre City", "market": "Bvumbwe", "commodity": "Cowpeas", "price": 2000.0, "pct_change": 26.98, "zscore": 2.071, "spike_severity": "Moderate" }, "geometry": { "type": "Point", "coordinates": [ 35.08, -15.93 ] } },
{ "type": "Feature", "properties": { "date": "2024-12-15", "region": "Southern Region", "district": "Blantyre City", "market": "Bvumbwe", "commodity": "Cowpeas", "price": 2475.0, "pct_change": 23.75, "zscore": 1.855, "spike_severity": "Moderate" }, "geometry": { "type": "Point", "coordinates": [ 35.08, -15.93 ] } },
{ "type": "Feature", "properties": { "date": "2025-01-15", "region": "Southern Region", "district": "Blantyre City", "market": "Bvumbwe", "commodity": "Cowpeas", "price": 3000.0, "pct_change": 21.21, "zscore": 2.059, "spike_severity": "Moderate" }, "geometry": { "type": "Point", "coordinates": [ 35.08, -15.93 ] } },
{ "type": "Feature", "properties": { "date": "2026-01-15", "region": "Southern Region", "district": "Blantyre City", "market": "Bvumbwe", "commodity": "Exotic vegetables", "price": 1675.0, "pct_change": 235.0, "zscore": 1.742, "spike_severity": "Moderate" }, "geometry": { "type": "Point", "coordinates": [ 35.08, -15.93 ] } },
{ "type": "Feature", "properties": { "date": "2025-08-15", "region": "Southern Region", "district": "Blantyre City", "market": "Bvumbwe", "commodity": "Groundnuts (shelled)", "price": 6250.0, "pct_change": 27.55, "zscore": 1.523, "spike_severity": "Moderate" }, "geometry": { "type": "Point", "coordinates": [ 35.08, -15.93 ] } },
{ "type": "Feature", "properties": { "date": "2026-01-15", "region": "Southern Region", "district": "Blantyre City", "market": "Bvumbwe", "commodity": "Local vegetables", "price": 800.0, "pct_change": 220.0, "zscore": 1.718, "spike_severity": "Moderate" }, "geometry": { "type": "Point", "coordinates": [ 35.08, -15.93 ] } },
{ "type": "Feature", "properties": { "date": "2026-02-15", "region": "Southern Region", "district": "Blantyre City", "market": "Bvumbwe", "commodity": "Local vegetables", "price": 15000.0, "pct_change": 1775.0, "zscore": 2.04, "spike_severity": "Severe" }, "geometry": { "type": "Point", "coordinates": [ 35.08, -15.93 ] } },
{ "type": "Feature", "properties": { "date": "2022-01-15", "region": "Southern Region", "district": "Blantyre City", "market": "Bvumbwe", "commodity": "Maize", "price": 227.5, "pct_change": 33.82, "zscore": 1.579, "spike_severity": "Moderate" }, "geometry": { "type": "Point", "coordinates": [ 35.08, -15.93 ] } },
{ "type": "Feature", "properties": { "date": "2022-08-15", "region": "Southern Region", "district": "Blantyre City", "market": "Bvumbwe", "commodity": "Maize", "price": 345.0, "pct_change": 51.65, "zscore": 2.816, "spike_severity": "Severe" }, "geometry": { "type": "Point", "coordinates": [ 35.08, -15.93 ] } },
{ "type": "Feature", "properties": { "date": "2025-09-15", "region": "Southern Region", "district": "Blantyre City", "market": "Bvumbwe", "commodity": "Maize", "price": 1550.0, "pct_change": 342.86, "zscore": 3.13, "spike_severity": "Critical" }, "geometry": { "type": "Point", "coordinates": [ 35.08, -15.93 ] } },
{ "type": "Feature", "properties": { "date": "2023-01-15", "region": "Southern Region", "district": "Blantyre City", "market": "Bvumbwe", "commodity": "Maize (new harvest)", "price": 561.11, "pct_change": 280.41, "zscore": 2.223, "spike_severity": "Severe" }, "geometry": { "type": "Point", "coordinates": [ 35.08, -15.93 ] } },
{ "type": "Feature", "properties": { "date": "2023-07-15", "region": "Southern Region", "district": "Blantyre City", "market": "Bvumbwe", "commodity": "Maize (new harvest)", "price": 725.0, "pct_change": 45.0, "zscore": 1.598, "spike_severity": "Moderate" }, "geometry": { "type": "Point", "coordinates": [ 35.08, -15.93 ] } },
{ "type": "Feature", "properties": { "date": "2023-12-15", "region": "Southern Region", "district": "Blantyre City", "market": "Bvumbwe", "commodity": "Maize (new harvest)", "price": 1000.0, "pct_change": 21.21, "zscore": 1.653, "spike_severity": "Moderate" }, "geometry": { "type": "Point", "coordinates": [ 35.08, -15.93 ] } },
{ "type": "Feature", "properties": { "date": "2025-01-15", "region": "Southern Region", "district": "Blantyre City", "market": "Bvumbwe", "commodity": "Maize (new harvest)", "price": 1370.59, "pct_change": 26.76, "zscore": 2.189, "spike_severity": "Moderate" }, "geometry": { "type": "Point", "coordinates": [ 35.08, -15.93 ] } },
{ "type": "Feature", "properties": { "date": "2025-02-15", "region": "Southern Region", "district": "Blantyre City", "market": "Bvumbwe", "commodity": "Maize (new harvest)", "price": 1711.11, "pct_change": 24.84, "zscore": 2.331, "spike_severity": "Moderate" }, "geometry": { "type": "Point", "coordinates": [ 35.08, -15.93 ] } },
{ "type": "Feature", "properties": { "date": "2025-10-15", "region": "Southern Region", "district": "Blantyre City", "market": "Bvumbwe", "commodity": "Millet", "price": 1708.33, "pct_change": 583.33, "zscore": 2.254, "spike_severity": "Severe" }, "geometry": { "type": "Point", "coordinates": [ 35.08, -15.93 ] } },
{ "type": "Feature", "properties": { "date": "2025-12-15", "region": "Southern Region", "district": "Blantyre City", "market": "Bvumbwe", "commodity": "Millet", "price": 2500.0, "pct_change": 25.0, "zscore": 1.771, "spike_severity": "Moderate" }, "geometry": { "type": "Point", "coordinates": [ 35.08, -15.93 ] } },
{ "type": "Feature", "properties": { "date": "2025-04-15", "region": "Southern Region", "district": "Blantyre City", "market": "Bvumbwe", "commodity": "Oil (vegetable)", "price": 7933.33, "pct_change": 428.89, "zscore": 2.263, "spike_severity": "Severe" }, "geometry": { "type": "Point", "coordinates": [ 35.08, -15.93 ] } },
{ "type": "Feature", "properties": { "date": "2023-01-15", "region": "Southern Region", "district": "Blantyre City", "market": "Bvumbwe", "commodity": "Pigeon peas", "price": 800.0, "pct_change": 28.0, "zscore": 1.603, "spike_severity": "Moderate" }, "geometry": { "type": "Point", "coordinates": [ 35.08, -15.93 ] } },
{ "type": "Feature", "properties": { "date": "2023-10-15", "region": "Southern Region", "district": "Blantyre City", "market": "Bvumbwe", "commodity": "Pigeon peas", "price": 1225.0, "pct_change": 104.17, "zscore": 2.479, "spike_severity": "Severe" }, "geometry": { "type": "Point", "coordinates": [ 35.08, -15.93 ] } },
{ "type": "Feature", "properties": { "date": "2023-12-15", "region": "Southern Region", "district": "Blantyre City", "market": "Bvumbwe", "commodity": "Pigeon peas", "price": 1500.0, "pct_change": 22.45, "zscore": 2.114, "spike_severity": "Moderate" }, "geometry": { "type": "Point", "coordinates": [ 35.08, -15.93 ] } },
{ "type": "Feature", "properties": { "date": "2024-11-15", "region": "Southern Region", "district": "Blantyre City", "market": "Bvumbwe", "commodity": "Pigeon peas", "price": 2500.0, "pct_change": 23.46, "zscore": 1.825, "spike_severity": "Moderate" }, "geometry": { "type": "Point", "coordinates": [ 35.08, -15.93 ] } },
{ "type": "Feature", "properties": { "date": "2025-01-15", "region": "Southern Region", "district": "Blantyre City", "market": "Bvumbwe", "commodity": "Pigeon peas", "price": 2855.88, "pct_change": 24.17, "zscore": 1.714, "spike_severity": "Moderate" }, "geometry": { "type": "Point", "coordinates": [ 35.08, -15.93 ] } },
{ "type": "Feature", "properties": { "date": "2025-04-15", "region": "Southern Region", "district": "Blantyre City", "market": "Bvumbwe", "commodity": "Rice", "price": 4500.0, "pct_change": 480.65, "zscore": 2.267, "spike_severity": "Severe" }, "geometry": { "type": "Point", "coordinates": [ 35.08, -15.93 ] } },
{ "type": "Feature", "properties": { "date": "2025-04-15", "region": "Southern Region", "district": "Blantyre City", "market": "Bvumbwe", "commodity": "Sorghum", "price": 2000.0, "pct_change": 627.27, "zscore": 2.265, "spike_severity": "Severe" }, "geometry": { "type": "Point", "coordinates": [ 35.08, -15.93 ] } },
{ "type": "Feature", "properties": { "date": "2025-08-15", "region": "Southern Region", "district": "Blantyre City", "market": "Bvumbwe", "commodity": "Sorghum", "price": 1750.0, "pct_change": 75.0, "zscore": 1.552, "spike_severity": "Moderate" }, "geometry": { "type": "Point", "coordinates": [ 35.08, -15.93 ] } },
{ "type": "Feature", "properties": { "date": "2025-12-15", "region": "Southern Region", "district": "Blantyre City", "market": "Bvumbwe", "commodity": "Sorghum", "price": 2500.0, "pct_change": 25.0, "zscore": 1.678, "spike_severity": "Moderate" }, "geometry": { "type": "Point", "coordinates": [ 35.08, -15.93 ] } },
{ "type": "Feature", "properties": { "date": "2025-12-15", "region": "Southern Region", "district": "Blantyre City", "market": "Bvumbwe", "commodity": "Soybeans", "price": 4250.0, "pct_change": 70.0, "zscore": 2.339, "spike_severity": "Severe" }, "geometry": { "type": "Point", "coordinates": [ 35.08, -15.93 ] } },
{ "type": "Feature", "properties": { "date": "2025-04-15", "region": "Southern Region", "district": "Blantyre City", "market": "Bvumbwe", "commodity": "Sugar", "price": 3516.67, "pct_change": 313.73, "zscore": 2.267, "spike_severity": "Severe" }, "geometry": { "type": "Point", "coordinates": [ 35.08, -15.93 ] } },
{ "type": "Feature", "properties": { "date": "2025-06-15", "region": "Southern Region", "district": "Blantyre City", "market": "Bvumbwe", "commodity": "Sugar", "price": 5106.67, "pct_change": 23.49, "zscore": 1.787, "spike_severity": "Moderate" }, "geometry": { "type": "Point", "coordinates": [ 35.08, -15.93 ] } },
{ "type": "Feature", "properties": { "date": "2025-04-15", "region": "Southern Region", "district": "Blantyre City", "market": "Bvumbwe", "commodity": "Sweet potatoes", "price": 555.56, "pct_change": 133.92, "zscore": 2.205, "spike_severity": "Severe" }, "geometry": { "type": "Point", "coordinates": [ 35.08, -15.93 ] } },
{ "type": "Feature", "properties": { "date": "2025-08-15", "region": "Southern Region", "district": "Blantyre City", "market": "Bvumbwe", "commodity": "Sweet potatoes", "price": 833.33, "pct_change": 50.0, "zscore": 2.084, "spike_severity": "Severe" }, "geometry": { "type": "Point", "coordinates": [ 35.08, -15.93 ] } },
{ "type": "Feature", "properties": { "date": "2025-09-15", "region": "Southern Region", "district": "Blantyre City", "market": "Bvumbwe", "commodity": "Sweet potatoes", "price": 1111.0, "pct_change": 33.32, "zscore": 2.309, "spike_severity": "Moderate" }, "geometry": { "type": "Point", "coordinates": [ 35.08, -15.93 ] } },
{ "type": "Feature", "properties": { "date": "2025-11-15", "region": "Southern Region", "district": "Blantyre City", "market": "Bvumbwe", "commodity": "Sweet potatoes", "price": 1111.0, "pct_change": 22.56, "zscore": 1.579, "spike_severity": "Moderate" }, "geometry": { "type": "Point", "coordinates": [ 35.08, -15.93 ] } },
{ "type": "Feature", "properties": { "date": "2023-06-15", "region": "Southern Region", "district": "Chikwawa", "market": "Dyelatu", "commodity": "Beans", "price": 1675.0, "pct_change": 21.57, "zscore": 1.519, "spike_severity": "Moderate" }, "geometry": { "type": "Point", "coordinates": [ 34.8, -16.04 ] } },
{ "type": "Feature", "properties": { "date": "2023-12-15", "region": "Southern Region", "district": "Chikwawa", "market": "Dyelatu", "commodity": "Beans", "price": 2425.0, "pct_change": 21.25, "zscore": 2.069, "spike_severity": "Moderate" }, "geometry": { "type": "Point", "coordinates": [ 34.8, -16.04 ] } },
{ "type": "Feature", "properties": { "date": "2024-02-15", "region": "Southern Region", "district": "Chikwawa", "market": "Dyelatu", "commodity": "Beans", "price": 3254.55, "pct_change": 21.1, "zscore": 2.262, "spike_severity": "Moderate" }, "geometry": { "type": "Point", "coordinates": [ 34.8, -16.04 ] } },
{ "type": "Feature", "properties": { "date": "2024-05-15", "region": "Southern Region", "district": "Chikwawa", "market": "Dyelatu", "commodity": "Beans", "price": 3966.67, "pct_change": 32.22, "zscore": 2.121, "spike_severity": "Moderate" }, "geometry": { "type": "Point", "coordinates": [ 34.8, -16.04 ] } },
{ "type": "Feature", "properties": { "date": "2025-04-15", "region": "Southern Region", "district": "Chikwawa", "market": "Dyelatu", "commodity": "Cassava", "price": 4000.0, "pct_change": 1354.55, "zscore": 2.041, "spike_severity": "Severe" }, "geometry": { "type": "Point", "coordinates": [ 34.8, -16.04 ] } },
{ "type": "Feature", "properties": { "date": "2023-02-15", "region": "Southern Region", "district": "Chikwawa", "market": "Dyelatu", "commodity": "Cowpeas", "price": 1000.0, "pct_change": 24.51, "zscore": 2.142, "spike_severity": "Moderate" }, "geometry": { "type": "Point", "coordinates": [ 34.8, -16.04 ] } },
{ "type": "Feature", "properties": { "date": "2023-09-15", "region": "Southern Region", "district": "Chikwawa", "market": "Dyelatu", "commodity": "Cowpeas", "price": 1200.0, "pct_change": 25.0, "zscore": 1.679, "spike_severity": "Moderate" }, "geometry": { "type": "Point", "coordinates": [ 34.8, -16.04 ] } },
{ "type": "Feature", "properties": { "date": "2024-02-15", "region": "Southern Region", "district": "Chikwawa", "market": "Dyelatu", "commodity": "Cowpeas", "price": 2375.0, "pct_change": 53.23, "zscore": 2.534, "spike_severity": "Severe" }, "geometry": { "type": "Point", "coordinates": [ 34.8, -16.04 ] } },
{ "type": "Feature", "properties": { "date": "2024-12-15", "region": "Southern Region", "district": "Chikwawa", "market": "Dyelatu", "commodity": "Cowpeas", "price": 2562.5, "pct_change": 28.12, "zscore": 1.512, "spike_severity": "Moderate" }, "geometry": { "type": "Point", "coordinates": [ 34.8, -16.04 ] } },
{ "type": "Feature", "properties": { "date": "2025-09-15", "region": "Southern Region", "district": "Chikwawa", "market": "Dyelatu", "commodity": "Groundnuts (shelled)", "price": 8000.0, "pct_change": 45.45, "zscore": 1.626, "spike_severity": "Moderate" }, "geometry": { "type": "Point", "coordinates": [ 34.8, -16.04 ] } },
{ "type": "Feature", "properties": { "date": "2022-01-15", "region": "Southern Region", "district": "Chikwawa", "market": "Dyelatu", "commodity": "Maize", "price": 217.5, "pct_change": 35.94, "zscore": 2.249, "spike_severity": "Moderate" }, "geometry": { "type": "Point", "coordinates": [ 34.8, -16.04 ] } },
{ "type": "Feature", "properties": { "date": "2022-08-15", "region": "Southern Region", "district": "Chikwawa", "market": "Dyelatu", "commodity": "Maize", "price": 355.0, "pct_change": 63.22, "zscore": 3.004, "spike_severity": "Critical" }, "geometry": { "type": "Point", "coordinates": [ 34.8, -16.04 ] } },
{ "type": "Feature", "properties": { "date": "2025-09-15", "region": "Southern Region", "district": "Chikwawa", "market": "Dyelatu", "commodity": "Maize", "price": 1573.91, "pct_change": 362.91, "zscore": 3.125, "spike_severity": "Critical" }, "geometry": { "type": "Point", "coordinates": [ 34.8, -16.04 ] } },
{ "type": "Feature", "properties": { "date": "2023-01-15", "region": "Southern Region", "district": "Chikwawa", "market": "Dyelatu", "commodity": "Maize (new harvest)", "price": 555.62, "pct_change": 270.41, "zscore": 2.027, "spike_severity": "Severe" }, "geometry": { "type": "Point", "coordinates": [ 34.8, -16.04 ] } },
{ "type": "Feature", "properties": { "date": "2025-01-15", "region": "Southern Region", "district": "Chikwawa", "market": "Dyelatu", "commodity": "Maize (new harvest)", "price": 1444.12, "pct_change": 33.56, "zscore": 2.289, "spike_severity": "Moderate" }, "geometry": { "type": "Point", "coordinates": [ 34.8, -16.04 ] } },
{ "type": "Feature", "properties": { "date": "2025-02-15", "region": "Southern Region", "district": "Chikwawa", "market": "Dyelatu", "commodity": "Maize (new harvest)", "price": 1766.67, "pct_change": 22.34, "zscore": 2.313, "spike_severity": "Moderate" }, "geometry": { "type": "Point", "coordinates": [ 34.8, -16.04 ] } },
{ "type": "Feature", "properties": { "date": "2025-08-15", "region": "Southern Region", "district": "Chikwawa", "market": "Dyelatu", "commodity": "Millet", "price": 1000.0, "pct_change": 325.53, "zscore": 2.027, "spike_severity": "Severe" }, "geometry": { "type": "Point", "coordinates": [ 34.8, -16.04 ] } },
{ "type": "Feature", "properties": { "date": "2025-10-15", "region": "Southern Region", "district": "Chikwawa", "market": "Dyelatu", "commodity": "Millet", "price": 1750.0, "pct_change": 75.0, "zscore": 1.986, "spike_severity": "Moderate" }, "geometry": { "type": "Point", "coordinates": [ 34.8, -16.04 ] } },
{ "type": "Feature", "properties": { "date": "2025-11-15", "region": "Southern Region", "district": "Chikwawa", "market": "Dyelatu", "commodity": "Millet", "price": 2550.0, "pct_change": 45.71, "zscore": 1.941, "spike_severity": "Moderate" }, "geometry": { "type": "Point", "coordinates": [ 34.8, -16.04 ] } },
{ "type": "Feature", "properties": { "date": "2021-04-15", "region": "Southern Region", "district": "Chikwawa", "market": "Dyelatu", "commodity": "Oil (vegetable)", "price": 1650.0, "pct_change": 24.53, "zscore": 1.593, "spike_severity": "Moderate" }, "geometry": { "type": "Point", "coordinates": [ 34.8, -16.04 ] } },
{ "type": "Feature", "properties": { "date": "2025-03-15", "region": "Southern Region", "district": "Chikwawa", "market": "Dyelatu", "commodity": "Oil (vegetable)", "price": 6500.0, "pct_change": 293.94, "zscore": 2.03, "spike_severity": "Severe" }, "geometry": { "type": "Point", "coordinates": [ 34.8, -16.04 ] } },
{ "type": "Feature", "properties": { "date": "2023-02-15", "region": "Southern Region", "district": "Chikwawa", "market": "Dyelatu", "commodity": "Pigeon peas", "price": 900.0, "pct_change": 28.0, "zscore": 1.813, "spike_severity": "Moderate" }, "geometry": { "type": "Point", "coordinates": [ 34.8, -16.04 ] } },
{ "type": "Feature", "properties": { "date": "2024-02-15", "region": "Southern Region", "district": "Chikwawa", "market": "Dyelatu", "commodity": "Pigeon peas", "price": 2500.0, "pct_change": 78.57, "zscore": 2.638, "spike_severity": "Critical" }, "geometry": { "type": "Point", "coordinates": [ 34.8, -16.04 ] } },
{ "type": "Feature", "properties": { "date": "2025-01-15", "region": "Southern Region", "district": "Chikwawa", "market": "Dyelatu", "commodity": "Pigeon peas", "price": 2941.18, "pct_change": 26.84, "zscore": 1.871, "spike_severity": "Moderate" }, "geometry": { "type": "Point", "coordinates": [ 34.8, -16.04 ] } },
{ "type": "Feature", "properties": { "date": "2025-02-15", "region": "Southern Region", "district": "Chikwawa", "market": "Dyelatu", "commodity": "Pigeon peas", "price": 3777.78, "pct_change": 28.44, "zscore": 2.215, "spike_severity": "Moderate" }, "geometry": { "type": "Point", "coordinates": [ 34.8, -16.04 ] } },
{ "type": "Feature", "properties": { "date": "2025-03-15", "region": "Southern Region", "district": "Chikwawa", "market": "Dyelatu", "commodity": "Rice", "price": 5000.0, "pct_change": 589.66, "zscore": 2.041, "spike_severity": "Severe" }, "geometry": { "type": "Point", "coordinates": [ 34.8, -16.04 ] } },
{ "type": "Feature", "properties": { "date": "2025-07-15", "region": "Southern Region", "district": "Chikwawa", "market": "Dyelatu", "commodity": "Sorghum", "price": 1000.0, "pct_change": 412.82, "zscore": 1.911, "spike_severity": "Moderate" }, "geometry": { "type": "Point", "coordinates": [ 34.8, -16.04 ] } },
{ "type": "Feature", "properties": { "date": "2025-10-15", "region": "Southern Region", "district": "Chikwawa", "market": "Dyelatu", "commodity": "Soybeans", "price": 3750.0, "pct_change": 25.0, "zscore": 1.641, "spike_severity": "Moderate" }, "geometry": { "type": "Point", "coordinates": [ 34.8, -16.04 ] } },
{ "type": "Feature", "properties": { "date": "2025-03-15", "region": "Southern Region", "district": "Chikwawa", "market": "Dyelatu", "commodity": "Sugar", "price": 3500.0, "pct_change": 311.76, "zscore": 2.041, "spike_severity": "Severe" }, "geometry": { "type": "Point", "coordinates": [ 34.8, -16.04 ] } },
{ "type": "Feature", "properties": { "date": "2025-06-15", "region": "Southern Region", "district": "Chikwawa", "market": "Dyelatu", "commodity": "Sugar", "price": 4983.33, "pct_change": 25.24, "zscore": 1.587, "spike_severity": "Moderate" }, "geometry": { "type": "Point", "coordinates": [ 34.8, -16.04 ] } },
{ "type": "Feature", "properties": { "date": "2025-03-15", "region": "Southern Region", "district": "Chikwawa", "market": "Dyelatu", "commodity": "Sweet potatoes", "price": 833.33, "pct_change": 220.51, "zscore": 2.019, "spike_severity": "Severe" }, "geometry": { "type": "Point", "coordinates": [ 34.8, -16.04 ] } },
{ "type": "Feature", "properties": { "date": "2025-09-15", "region": "Southern Region", "district": "Chikwawa", "market": "Dyelatu", "commodity": "Sweet potatoes", "price": 1111.0, "pct_change": 33.32, "zscore": 1.642, "spike_severity": "Moderate" }, "geometry": { "type": "Point", "coordinates": [ 34.8, -16.04 ] } },
{ "type": "Feature", "properties": { "date": "2021-03-15", "region": "Southern Region", "district": "Chikwawa", "market": "Nchalo", "commodity": "Beans", "price": 1175.0, "pct_change": 38.24, "zscore": 1.727, "spike_severity": "Moderate" }, "geometry": { "type": "Point", "coordinates": [ 34.87, -16.27 ] } },
{ "type": "Feature", "properties": { "date": "2023-01-15", "region": "Southern Region", "district": "Chikwawa", "market": "Nchalo", "commodity": "Beans", "price": 1652.08, "pct_change": 40.6, "zscore": 2.274, "spike_severity": "Severe" }, "geometry": { "type": "Point", "coordinates": [ 34.87, -16.27 ] } },
{ "type": "Feature", "properties": { "date": "2024-01-15", "region": "Southern Region", "district": "Chikwawa", "market": "Nchalo", "commodity": "Beans", "price": 3000.0, "pct_change": 36.36, "zscore": 2.604, "spike_severity": "Moderate" }, "geometry": { "type": "Point", "coordinates": [ 34.87, -16.27 ] } },
{ "type": "Feature", "properties": { "date": "2024-05-15", "region": "Southern Region", "district": "Chikwawa", "market": "Nchalo", "commodity": "Beans", "price": 4000.0, "pct_change": 36.17, "zscore": 2.179, "spike_severity": "Moderate" }, "geometry": { "type": "Point", "coordinates": [ 34.87, -16.27 ] } },
{ "type": "Feature", "properties": { "date": "2025-06-15", "region": "Southern Region", "district": "Chikwawa", "market": "Nchalo", "commodity": "Cassava", "price": 3700.0, "pct_change": 1245.45, "zscore": 2.266, "spike_severity": "Severe" }, "geometry": { "type": "Point", "coordinates": [ 34.87, -16.27 ] } },
{ "type": "Feature", "properties": { "date": "2023-01-15", "region": "Southern Region", "district": "Chikwawa", "market": "Nchalo", "commodity": "Cowpeas", "price": 900.0, "pct_change": 41.18, "zscore": 1.911, "spike_severity": "Moderate" }, "geometry": { "type": "Point", "coordinates": [ 34.87, -16.27 ] } },
{ "type": "Feature", "properties": { "date": "2024-02-15", "region": "Southern Region", "district": "Chikwawa", "market": "Nchalo", "commodity": "Cowpeas", "price": 2318.18, "pct_change": 26.31, "zscore": 2.308, "spike_severity": "Moderate" }, "geometry": { "type": "Point", "coordinates": [ 34.87, -16.27 ] } },
{ "type": "Feature", "properties": { "date": "2024-09-15", "region": "Southern Region", "district": "Chikwawa", "market": "Nchalo", "commodity": "Cowpeas", "price": 2400.0, "pct_change": 33.33, "zscore": 1.771, "spike_severity": "Moderate" }, "geometry": { "type": "Point", "coordinates": [ 34.87, -16.27 ] } },
{ "type": "Feature", "properties": { "date": "2025-01-15", "region": "Southern Region", "district": "Chikwawa", "market": "Nchalo", "commodity": "Cowpeas", "price": 3294.12, "pct_change": 23.29, "zscore": 1.847, "spike_severity": "Moderate" }, "geometry": { "type": "Point", "coordinates": [ 34.87, -16.27 ] } },
{ "type": "Feature", "properties": { "date": "2025-02-15", "region": "Southern Region", "district": "Chikwawa", "market": "Nchalo", "commodity": "Cowpeas", "price": 4000.0, "pct_change": 21.43, "zscore": 2.118, "spike_severity": "Moderate" }, "geometry": { "type": "Point", "coordinates": [ 34.87, -16.27 ] } },
{ "type": "Feature", "properties": { "date": "2026-01-15", "region": "Southern Region", "district": "Chikwawa", "market": "Nchalo", "commodity": "Exotic vegetables", "price": 1170.0, "pct_change": 134.0, "zscore": 1.725, "spike_severity": "Moderate" }, "geometry": { "type": "Point", "coordinates": [ 34.87, -16.27 ] } },
{ "type": "Feature", "properties": { "date": "2026-01-15", "region": "Southern Region", "district": "Chikwawa", "market": "Nchalo", "commodity": "Local vegetables", "price": 600.0, "pct_change": 128.57, "zscore": 1.723, "spike_severity": "Moderate" }, "geometry": { "type": "Point", "coordinates": [ 34.87, -16.27 ] } },
{ "type": "Feature", "properties": { "date": "2026-02-15", "region": "Southern Region", "district": "Chikwawa", "market": "Nchalo", "commodity": "Local vegetables", "price": 800.0, "pct_change": 33.33, "zscore": 1.608, "spike_severity": "Moderate" }, "geometry": { "type": "Point", "coordinates": [ 34.87, -16.27 ] } },
{ "type": "Feature", "properties": { "date": "2022-08-15", "region": "Southern Region", "district": "Chikwawa", "market": "Nchalo", "commodity": "Maize", "price": 355.0, "pct_change": 75.31, "zscore": 2.879, "spike_severity": "Critical" }, "geometry": { "type": "Point", "coordinates": [ 34.87, -16.27 ] } },
{ "type": "Feature", "properties": { "date": "2025-09-15", "region": "Southern Region", "district": "Chikwawa", "market": "Nchalo", "commodity": "Maize", "price": 1591.67, "pct_change": 354.76, "zscore": 3.127, "spike_severity": "Critical" }, "geometry": { "type": "Point", "coordinates": [ 34.87, -16.27 ] } },
{ "type": "Feature", "properties": { "date": "2023-01-15", "region": "Southern Region", "district": "Chikwawa", "market": "Nchalo", "commodity": "Maize (new harvest)", "price": 534.37, "pct_change": 256.25, "zscore": 2.236, "spike_severity": "Severe" }, "geometry": { "type": "Point", "coordinates": [ 34.87, -16.27 ] } },
{ "type": "Feature", "properties": { "date": "2023-07-15", "region": "Southern Region", "district": "Chikwawa", "market": "Nchalo", "commodity": "Maize (new harvest)", "price": 706.25, "pct_change": 35.17, "zscore": 1.53, "spike_severity": "Moderate" }, "geometry": { "type": "Point", "coordinates": [ 34.87, -16.27 ] } },
{ "type": "Feature", "properties": { "date": "2025-09-15", "region": "Southern Region", "district": "Chikwawa", "market": "Nchalo", "commodity": "Millet", "price": 1600.0, "pct_change": 611.11, "zscore": 2.263, "spike_severity": "Severe" }, "geometry": { "type": "Point", "coordinates": [ 34.87, -16.27 ] } },
{ "type": "Feature", "properties": { "date": "2025-10-15", "region": "Southern Region", "district": "Chikwawa", "market": "Nchalo", "commodity": "Millet", "price": 2750.0, "pct_change": 71.88, "zscore": 2.139, "spike_severity": "Severe" }, "geometry": { "type": "Point", "coordinates": [ 34.87, -16.27 ] } },
{ "type": "Feature", "properties": { "date": "2026-01-15", "region": "Southern Region", "district": "Chikwawa", "market": "Nchalo", "commodity": "Millet", "price": 5500.0, "pct_change": 175.0, "zscore": 2.485, "spike_severity": "Severe" }, "geometry": { "type": "Point", "coordinates": [ 34.87, -16.27 ] } },
{ "type": "Feature", "properties": { "date": "2026-03-15", "region": "Southern Region", "district": "Chikwawa", "market": "Nchalo", "commodity": "Millet", "price": 6000.0, "pct_change": 100.0, "zscore": 1.969, "spike_severity": "Moderate" }, "geometry": { "type": "Point", "coordinates": [ 34.87, -16.27 ] } },
{ "type": "Feature", "properties": { "date": "2025-03-15", "region": "Southern Region", "district": "Chikwawa", "market": "Nchalo", "commodity": "Oil (vegetable)", "price": 7500.0, "pct_change": 328.57, "zscore": 2.257, "spike_severity": "Severe" }, "geometry": { "type": "Point", "coordinates": [ 34.87, -16.27 ] } },
{ "type": "Feature", "properties": { "date": "2023-01-15", "region": "Southern Region", "district": "Chikwawa", "market": "Nchalo", "commodity": "Pigeon peas", "price": 784.37, "pct_change": 25.5, "zscore": 1.88, "spike_severity": "Moderate" }, "geometry": { "type": "Point", "coordinates": [ 34.87, -16.27 ] } },
{ "type": "Feature", "properties": { "date": "2023-08-15", "region": "Southern Region", "district": "Chikwawa", "market": "Nchalo", "commodity": "Pigeon peas", "price": 1000.0, "pct_change": 53.85, "zscore": 2.096, "spike_severity": "Severe" }, "geometry": { "type": "Point", "coordinates": [ 34.87, -16.27 ] } },
{ "type": "Feature", "properties": { "date": "2023-10-15", "region": "Southern Region", "district": "Chikwawa", "market": "Nchalo", "commodity": "Pigeon peas", "price": 1310.0, "pct_change": 22.81, "zscore": 2.213, "spike_severity": "Moderate" }, "geometry": { "type": "Point", "coordinates": [ 34.87, -16.27 ] } },
{ "type": "Feature", "properties": { "date": "2023-12-15", "region": "Southern Region", "district": "Chikwawa", "market": "Nchalo", "commodity": "Pigeon peas", "price": 1550.0, "pct_change": 26.53, "zscore": 2.0, "spike_severity": "Moderate" }, "geometry": { "type": "Point", "coordinates": [ 34.87, -16.27 ] } },
{ "type": "Feature", "properties": { "date": "2024-01-15", "region": "Southern Region", "district": "Chikwawa", "market": "Nchalo", "commodity": "Pigeon peas", "price": 2000.0, "pct_change": 29.03, "zscore": 2.244, "spike_severity": "Moderate" }, "geometry": { "type": "Point", "coordinates": [ 34.87, -16.27 ] } },
{ "type": "Feature", "properties": { "date": "2024-09-15", "region": "Southern Region", "district": "Chikwawa", "market": "Nchalo", "commodity": "Pigeon peas", "price": 2425.0, "pct_change": 21.25, "zscore": 1.612, "spike_severity": "Moderate" }, "geometry": { "type": "Point", "coordinates": [ 34.87, -16.27 ] } },
{ "type": "Feature", "properties": { "date": "2025-02-15", "region": "Southern Region", "district": "Chikwawa", "market": "Nchalo", "commodity": "Pigeon peas", "price": 4583.33, "pct_change": 48.41, "zscore": 2.508, "spike_severity": "Severe" }, "geometry": { "type": "Point", "coordinates": [ 34.87, -16.27 ] } },
{ "type": "Feature", "properties": { "date": "2025-03-15", "region": "Southern Region", "district": "Chikwawa", "market": "Nchalo", "commodity": "Rice", "price": 4500.0, "pct_change": 592.31, "zscore": 2.266, "spike_severity": "Severe" }, "geometry": { "type": "Point", "coordinates": [ 34.87, -16.27 ] } },
{ "type": "Feature", "properties": { "date": "2025-10-15", "region": "Southern Region", "district": "Chikwawa", "market": "Nchalo", "commodity": "Sorghum", "price": 1000.0, "pct_change": 566.67, "zscore": 2.087, "spike_severity": "Severe" }, "geometry": { "type": "Point", "coordinates": [ 34.87, -16.27 ] } },
{ "type": "Feature", "properties": { "date": "2025-09-15", "region": "Southern Region", "district": "Chikwawa", "market": "Nchalo", "commodity": "Soybeans", "price": 3000.0, "pct_change": 27.66, "zscore": 1.778, "spike_severity": "Moderate" }, "geometry": { "type": "Point", "coordinates": [ 34.87, -16.27 ] } },
{ "type": "Feature", "properties": { "date": "2025-10-15", "region": "Southern Region", "district": "Chikwawa", "market": "Nchalo", "commodity": "Soybeans", "price": 4078.95, "pct_change": 35.97, "zscore": 1.94, "spike_severity": "Moderate" }, "geometry": { "type": "Point", "coordinates": [ 34.87, -16.27 ] } },
{ "type": "Feature", "properties": { "date": "2026-01-15", "region": "Southern Region", "district": "Chikwawa", "market": "Nchalo", "commodity": "Soybeans", "price": 5000.0, "pct_change": 40.85, "zscore": 1.752, "spike_severity": "Moderate" }, "geometry": { "type": "Point", "coordinates": [ 34.87, -16.27 ] } },
{ "type": "Feature", "properties": { "date": "2025-03-15", "region": "Southern Region", "district": "Chikwawa", "market": "Nchalo", "commodity": "Sugar", "price": 3700.0, "pct_change": 355.38, "zscore": 2.267, "spike_severity": "Severe" }, "geometry": { "type": "Point", "coordinates": [ 34.87, -16.27 ] } },
{ "type": "Feature", "properties": { "date": "2025-06-15", "region": "Southern Region", "district": "Chikwawa", "market": "Nchalo", "commodity": "Sugar", "price": 4506.67, "pct_change": 23.47, "zscore": 1.566, "spike_severity": "Moderate" }, "geometry": { "type": "Point", "coordinates": [ 34.87, -16.27 ] } },
{ "type": "Feature", "properties": { "date": "2025-03-15", "region": "Southern Region", "district": "Chikwawa", "market": "Nchalo", "commodity": "Sweet potatoes", "price": 555.56, "pct_change": 122.22, "zscore": 2.027, "spike_severity": "Severe" }, "geometry": { "type": "Point", "coordinates": [ 34.87, -16.27 ] } },
{ "type": "Feature", "properties": { "date": "2025-08-15", "region": "Southern Region", "district": "Chikwawa", "market": "Nchalo", "commodity": "Sweet potatoes", "price": 972.22, "pct_change": 75.0, "zscore": 2.161, "spike_severity": "Severe" }, "geometry": { "type": "Point", "coordinates": [ 34.87, -16.27 ] } },
{ "type": "Feature", "properties": { "date": "2021-01-15", "region": "Southern Region", "district": "Chikwawa", "market": "Nkhate", "commodity": "Beans", "price": 1000.0, "pct_change": 33.33, "zscore": 1.73, "spike_severity": "Moderate" }, "geometry": { "type": "Point", "coordinates": [ 34.96, -16.15 ] } },
{ "type": "Feature", "properties": { "date": "2021-12-15", "region": "Southern Region", "district": "Chikwawa", "market": "Nkhate", "commodity": "Beans", "price": 1100.0, "pct_change": 50.07, "zscore": 1.507, "spike_severity": "Moderate" }, "geometry": { "type": "Point", "coordinates": [ 34.96, -16.15 ] } },
{ "type": "Feature", "properties": { "date": "2023-01-15", "region": "Southern Region", "district": "Chikwawa", "market": "Nkhate", "commodity": "Beans", "price": 1454.17, "pct_change": 21.18, "zscore": 2.151, "spike_severity": "Moderate" }, "geometry": { "type": "Point", "coordinates": [ 34.96, -16.15 ] } },
{ "type": "Feature", "properties": { "date": "2023-06-15", "region": "Southern Region", "district": "Chikwawa", "market": "Nkhate", "commodity": "Beans", "price": 1625.0, "pct_change": 27.76, "zscore": 1.787, "spike_severity": "Moderate" }, "geometry": { "type": "Point", "coordinates": [ 34.96, -16.15 ] } },
{ "type": "Feature", "properties": { "date": "2023-07-15", "region": "Southern Region", "district": "Chikwawa", "market": "Nkhate", "commodity": "Beans", "price": 2000.0, "pct_change": 23.08, "zscore": 2.14, "spike_severity": "Moderate" }, "geometry": { "type": "Point", "coordinates": [ 34.96, -16.15 ] } },
{ "type": "Feature", "properties": { "date": "2024-01-15", "region": "Southern Region", "district": "Chikwawa", "market": "Nkhate", "commodity": "Beans", "price": 2580.0, "pct_change": 61.25, "zscore": 2.282, "spike_severity": "Severe" }, "geometry": { "type": "Point", "coordinates": [ 34.96, -16.15 ] } },
{ "type": "Feature", "properties": { "date": "2024-04-15", "region": "Southern Region", "district": "Chikwawa", "market": "Nkhate", "commodity": "Beans", "price": 3000.0, "pct_change": 30.43, "zscore": 1.708, "spike_severity": "Moderate" }, "geometry": { "type": "Point", "coordinates": [ 34.96, -16.15 ] } },
{ "type": "Feature", "properties": { "date": "2024-05-15", "region": "Southern Region", "district": "Chikwawa", "market": "Nkhate", "commodity": "Beans", "price": 3650.0, "pct_change": 21.67, "zscore": 2.075, "spike_severity": "Moderate" }, "geometry": { "type": "Point", "coordinates": [ 34.96, -16.15 ] } },
{ "type": "Feature", "properties": { "date": "2025-07-15", "region": "Southern Region", "district": "Chikwawa", "market": "Nkhate", "commodity": "Beans", "price": 6500.0, "pct_change": 31.17, "zscore": 2.339, "spike_severity": "Moderate" }, "geometry": { "type": "Point", "coordinates": [ 34.96, -16.15 ] } },
{ "type": "Feature", "properties": { "date": "2025-04-15", "region": "Southern Region", "district": "Chikwawa", "market": "Nkhate", "commodity": "Cassava", "price": 3200.0, "pct_change": 1322.22, "zscore": 2.266, "spike_severity": "Severe" }, "geometry": { "type": "Point", "coordinates": [ 34.96, -16.15 ] } },
{ "type": "Feature", "properties": { "date": "2023-08-15", "region": "Southern Region", "district": "Chikwawa", "market": "Nkhate", "commodity": "Cowpeas", "price": 1000.0, "pct_change": 25.0, "zscore": 1.976, "spike_severity": "Moderate" }, "geometry": { "type": "Point", "coordinates": [ 34.96, -16.15 ] } },
{ "type": "Feature", "properties": { "date": "2023-12-15", "region": "Southern Region", "district": "Chikwawa", "market": "Nkhate", "commodity": "Cowpeas", "price": 1250.0, "pct_change": 35.14, "zscore": 1.969, "spike_severity": "Moderate" }, "geometry": { "type": "Point", "coordinates": [ 34.96, -16.15 ] } },
{ "type": "Feature", "properties": { "date": "2024-01-15", "region": "Southern Region", "district": "Chikwawa", "market": "Nkhate", "commodity": "Cowpeas", "price": 1590.0, "pct_change": 27.2, "zscore": 2.506, "spike_severity": "Moderate" }, "geometry": { "type": "Point", "coordinates": [ 34.96, -16.15 ] } },
{ "type": "Feature", "properties": { "date": "2024-02-15", "region": "Southern Region", "district": "Chikwawa", "market": "Nkhate", "commodity": "Cowpeas", "price": 1927.27, "pct_change": 21.21, "zscore": 2.372, "spike_severity": "Moderate" }, "geometry": { "type": "Point", "coordinates": [ 34.96, -16.15 ] } },
{ "type": "Feature", "properties": { "date": "2025-01-15", "region": "Southern Region", "district": "Chikwawa", "market": "Nkhate", "commodity": "Cowpeas", "price": 2647.06, "pct_change": 24.38, "zscore": 1.699, "spike_severity": "Moderate" }, "geometry": { "type": "Point", "coordinates": [ 34.96, -16.15 ] } },
{ "type": "Feature", "properties": { "date": "2026-01-15", "region": "Southern Region", "district": "Chikwawa", "market": "Nkhate", "commodity": "Exotic vegetables", "price": 1200.0, "pct_change": 700.0, "zscore": 1.5, "spike_severity": "Moderate" }, "geometry": { "type": "Point", "coordinates": [ 34.96, -16.15 ] } },
{ "type": "Feature", "properties": { "date": "2026-03-15", "region": "Southern Region", "district": "Chikwawa", "market": "Nkhate", "commodity": "Exotic vegetables", "price": 2010.0, "pct_change": 235.0, "zscore": 1.712, "spike_severity": "Moderate" }, "geometry": { "type": "Point", "coordinates": [ 34.96, -16.15 ] } },
{ "type": "Feature", "properties": { "date": "2022-01-15", "region": "Southern Region", "district": "Chikwawa", "market": "Nkhate", "commodity": "Maize", "price": 212.5, "pct_change": 41.67, "zscore": 2.615, "spike_severity": "Severe" }, "geometry": { "type": "Point", "coordinates": [ 34.96, -16.15 ] } },
{ "type": "Feature", "properties": { "date": "2022-08-15", "region": "Southern Region", "district": "Chikwawa", "market": "Nkhate", "commodity": "Maize", "price": 355.0, "pct_change": 67.06, "zscore": 2.963, "spike_severity": "Critical" }, "geometry": { "type": "Point", "coordinates": [ 34.96, -16.15 ] } },
{ "type": "Feature", "properties": { "date": "2025-09-15", "region": "Southern Region", "district": "Chikwawa", "market": "Nkhate", "commodity": "Maize", "price": 1300.0, "pct_change": 271.43, "zscore": 3.08, "spike_severity": "Critical" }, "geometry": { "type": "Point", "coordinates": [ 34.96, -16.15 ] } },
{ "type": "Feature", "properties": { "date": "2023-01-15", "region": "Southern Region", "district": "Chikwawa", "market": "Nkhate", "commodity": "Maize (new harvest)", "price": 497.92, "pct_change": 290.53, "zscore": 2.214, "spike_severity": "Severe" }, "geometry": { "type": "Point", "coordinates": [ 34.96, -16.15 ] } },
{ "type": "Feature", "properties": { "date": "2025-01-15", "region": "Southern Region", "district": "Chikwawa", "market": "Nkhate", "commodity": "Maize (new harvest)", "price": 1300.0, "pct_change": 32.48, "zscore": 2.367, "spike_severity": "Moderate" }, "geometry": { "type": "Point", "coordinates": [ 34.96, -16.15 ] } },
{ "type": "Feature", "properties": { "date": "2025-02-15", "region": "Southern Region", "district": "Chikwawa", "market": "Nkhate", "commodity": "Maize (new harvest)", "price": 1633.33, "pct_change": 25.64, "zscore": 2.428, "spike_severity": "Moderate" }, "geometry": { "type": "Point", "coordinates": [ 34.96, -16.15 ] } },
{ "type": "Feature", "properties": { "date": "2021-03-15", "region": "Southern Region", "district": "Chikwawa", "market": "Nkhate", "commodity": "Millet", "price": 375.0, "pct_change": 25.0, "zscore": 1.525, "spike_severity": "Moderate" }, "geometry": { "type": "Point", "coordinates": [ 34.96, -16.15 ] } },
{ "type": "Feature", "properties": { "date": "2025-06-15", "region": "Southern Region", "district": "Chikwawa", "market": "Nkhate", "commodity": "Millet", "price": 800.0, "pct_change": 433.33, "zscore": 2.142, "spike_severity": "Severe" }, "geometry": { "type": "Point", "coordinates": [ 34.96, -16.15 ] } },
{ "type": "Feature", "properties": { "date": "2025-10-15", "region": "Southern Region", "district": "Chikwawa", "market": "Nkhate", "commodity": "Millet", "price": 1500.0, "pct_change": 87.5, "zscore": 2.219, "spike_severity": "Severe" }, "geometry": { "type": "Point", "coordinates": [ 34.96, -16.15 ] } },
{ "type": "Feature", "properties": { "date": "2026-02-15", "region": "Southern Region", "district": "Chikwawa", "market": "Nkhate", "commodity": "Millet", "price": 2000.0, "pct_change": 33.33, "zscore": 1.854, "spike_severity": "Moderate" }, "geometry": { "type": "Point", "coordinates": [ 34.96, -16.15 ] } },
{ "type": "Feature", "properties": { "date": "2026-03-15", "region": "Southern Region", "district": "Chikwawa", "market": "Nkhate", "commodity": "Millet", "price": 3000.0, "pct_change": 50.0, "zscore": 2.186, "spike_severity": "Severe" }, "geometry": { "type": "Point", "coordinates": [ 34.96, -16.15 ] } },
{ "type": "Feature", "properties": { "date": "2025-03-15", "region": "Southern Region", "district": "Chikwawa", "market": "Nkhate", "commodity": "Oil (vegetable)", "price": 7800.0, "pct_change": 593.33, "zscore": 2.264, "spike_severity": "Severe" }, "geometry": { "type": "Point", "coordinates": [ 34.96, -16.15 ] } },
{ "type": "Feature", "properties": { "date": "2023-01-15", "region": "Southern Region", "district": "Chikwawa", "market": "Nkhate", "commodity": "Pigeon peas", "price": 708.33, "pct_change": 28.79, "zscore": 1.719, "spike_severity": "Moderate" }, "geometry": { "type": "Point", "coordinates": [ 34.96, -16.15 ] } },
{ "type": "Feature", "properties": { "date": "2023-08-15", "region": "Southern Region", "district": "Chikwawa", "market": "Nkhate", "commodity": "Pigeon peas", "price": 1000.0, "pct_change": 66.67, "zscore": 2.315, "spike_severity": "Severe" }, "geometry": { "type": "Point", "coordinates": [ 34.96, -16.15 ] } },
{ "type": "Feature", "properties": { "date": "2024-01-15", "region": "Southern Region", "district": "Chikwawa", "market": "Nkhate", "commodity": "Pigeon peas", "price": 1580.0, "pct_change": 26.4, "zscore": 2.12, "spike_severity": "Moderate" }, "geometry": { "type": "Point", "coordinates": [ 34.96, -16.15 ] } },
{ "type": "Feature", "properties": { "date": "2025-01-15", "region": "Southern Region", "district": "Chikwawa", "market": "Nkhate", "commodity": "Pigeon peas", "price": 2800.0, "pct_change": 33.33, "zscore": 2.011, "spike_severity": "Moderate" }, "geometry": { "type": "Point", "coordinates": [ 34.96, -16.15 ] } },
{ "type": "Feature", "properties": { "date": "2025-03-15", "region": "Southern Region", "district": "Chikwawa", "market": "Nkhate", "commodity": "Rice", "price": 2000.0, "pct_change": 255.56, "zscore": 2.242, "spike_severity": "Severe" }, "geometry": { "type": "Point", "coordinates": [ 34.96, -16.15 ] } },
{ "type": "Feature", "properties": { "date": "2025-04-15", "region": "Southern Region", "district": "Chikwawa", "market": "Nkhate", "commodity": "Rice", "price": 2500.0, "pct_change": 25.0, "zscore": 1.918, "spike_severity": "Moderate" }, "geometry": { "type": "Point", "coordinates": [ 34.96, -16.15 ] } },
{ "type": "Feature", "properties": { "date": "2025-05-15", "region": "Southern Region", "district": "Chikwawa", "market": "Nkhate", "commodity": "Rice", "price": 3500.0, "pct_change": 40.0, "zscore": 2.015, "spike_severity": "Moderate" }, "geometry": { "type": "Point", "coordinates": [ 34.96, -16.15 ] } },
{ "type": "Feature", "properties": { "date": "2025-06-15", "region": "Southern Region", "district": "Chikwawa", "market": "Nkhate", "commodity": "Sorghum", "price": 750.0, "pct_change": 265.85, "zscore": 2.235, "spike_severity": "Severe" }, "geometry": { "type": "Point", "coordinates": [ 34.96, -16.15 ] } },
{ "type": "Feature", "properties": { "date": "2025-03-15", "region": "Southern Region", "district": "Chikwawa", "market": "Nkhate", "commodity": "Sugar", "price": 4000.0, "pct_change": 377.61, "zscore": 2.268, "spike_severity": "Severe" }, "geometry": { "type": "Point", "coordinates": [ 34.96, -16.15 ] } },
{ "type": "Feature", "properties": { "date": "2025-06-15", "region": "Southern Region", "district": "Chikwawa", "market": "Nkhate", "commodity": "Sugar", "price": 4818.33, "pct_change": 23.24, "zscore": 1.57, "spike_severity": "Moderate" }, "geometry": { "type": "Point", "coordinates": [ 34.96, -16.15 ] } },
{ "type": "Feature", "properties": { "date": "2025-04-15", "region": "Southern Region", "district": "Chikwawa", "market": "Nkhate", "commodity": "Sweet potatoes", "price": 555.56, "pct_change": 85.19, "zscore": 2.172, "spike_severity": "Severe" }, "geometry": { "type": "Point", "coordinates": [ 34.96, -16.15 ] } },
{ "type": "Feature", "properties": { "date": "2025-06-15", "region": "Southern Region", "district": "Chikwawa", "market": "Nkhate", "commodity": "Sweet potatoes", "price": 685.19, "pct_change": 23.33, "zscore": 1.864, "spike_severity": "Moderate" }, "geometry": { "type": "Point", "coordinates": [ 34.96, -16.15 ] } },
{ "type": "Feature", "properties": { "date": "2025-07-15", "region": "Southern Region", "district": "Chikwawa", "market": "Nkhate", "commodity": "Sweet potatoes", "price": 833.33, "pct_change": 21.62, "zscore": 1.977, "spike_severity": "Moderate" }, "geometry": { "type": "Point", "coordinates": [ 34.96, -16.15 ] } },
{ "type": "Feature", "properties": { "date": "2025-10-15", "region": "Southern Region", "district": "Chikwawa", "market": "Nkhate", "commodity": "Sweet potatoes", "price": 1111.0, "pct_change": 99.98, "zscore": 2.315, "spike_severity": "Severe" }, "geometry": { "type": "Point", "coordinates": [ 34.96, -16.15 ] } },
{ "type": "Feature", "properties": { "date": "2026-02-15", "region": "Southern Region", "district": "Chikwawa", "market": "Nkhate", "commodity": "Tomatoes", "price": 1800.0, "pct_change": 200.0, "zscore": 1.565, "spike_severity": "Moderate" }, "geometry": { "type": "Point", "coordinates": [ 34.96, -16.15 ] } },
{ "type": "Feature", "properties": { "date": "2023-01-15", "region": "Southern Region", "district": "Chikwawa", "market": "Tomali", "commodity": "Beans", "price": 1743.75, "pct_change": 21.69, "zscore": 1.818, "spike_severity": "Moderate" }, "geometry": { "type": "Point", "coordinates": [ 34.77, -16.18 ] } },
{ "type": "Feature", "properties": { "date": "2023-07-15", "region": "Southern Region", "district": "Chikwawa", "market": "Tomali", "commodity": "Beans", "price": 2043.75, "pct_change": 31.85, "zscore": 2.068, "spike_severity": "Moderate" }, "geometry": { "type": "Point", "coordinates": [ 34.77, -16.18 ] } },
{ "type": "Feature", "properties": { "date": "2024-01-15", "region": "Southern Region", "district": "Chikwawa", "market": "Tomali", "commodity": "Beans", "price": 2938.24, "pct_change": 45.1, "zscore": 2.377, "spike_severity": "Severe" }, "geometry": { "type": "Point", "coordinates": [ 34.77, -16.18 ] } },
{ "type": "Feature", "properties": { "date": "2024-04-15", "region": "Southern Region", "district": "Chikwawa", "market": "Tomali", "commodity": "Beans", "price": 3000.0, "pct_change": 39.53, "zscore": 1.537, "spike_severity": "Moderate" }, "geometry": { "type": "Point", "coordinates": [ 34.77, -16.18 ] } },
{ "type": "Feature", "properties": { "date": "2024-05-15", "region": "Southern Region", "district": "Chikwawa", "market": "Tomali", "commodity": "Beans", "price": 4000.0, "pct_change": 33.33, "zscore": 2.294, "spike_severity": "Moderate" }, "geometry": { "type": "Point", "coordinates": [ 34.77, -16.18 ] } },
{ "type": "Feature", "properties": { "date": "2025-04-15", "region": "Southern Region", "district": "Chikwawa", "market": "Tomali", "commodity": "Cassava", "price": 4000.0, "pct_change": 2005.26, "zscore": 2.265, "spike_severity": "Severe" }, "geometry": { "type": "Point", "coordinates": [ 34.77, -16.18 ] } },
{ "type": "Feature", "properties": { "date": "2023-01-15", "region": "Southern Region", "district": "Chikwawa", "market": "Tomali", "commodity": "Cowpeas", "price": 856.25, "pct_change": 42.71, "zscore": 1.551, "spike_severity": "Moderate" }, "geometry": { "type": "Point", "coordinates": [ 34.77, -16.18 ] } },
{ "type": "Feature", "properties": { "date": "2023-08-15", "region": "Southern Region", "district": "Chikwawa", "market": "Tomali", "commodity": "Cowpeas", "price": 1000.0, "pct_change": 35.59, "zscore": 1.582, "spike_severity": "Moderate" }, "geometry": { "type": "Point", "coordinates": [ 34.77, -16.18 ] } },
{ "type": "Feature", "properties": { "date": "2024-01-15", "region": "Southern Region", "district": "Chikwawa", "market": "Tomali", "commodity": "Cowpeas", "price": 1685.29, "pct_change": 22.57, "zscore": 2.233, "spike_severity": "Moderate" }, "geometry": { "type": "Point", "coordinates": [ 34.77, -16.18 ] } },
{ "type": "Feature", "properties": { "date": "2024-02-15", "region": "Southern Region", "district": "Chikwawa", "market": "Tomali", "commodity": "Cowpeas", "price": 2072.73, "pct_change": 22.99, "zscore": 2.295, "spike_severity": "Moderate" }, "geometry": { "type": "Point", "coordinates": [ 34.77, -16.18 ] } },
{ "type": "Feature", "properties": { "date": "2024-09-15", "region": "Southern Region", "district": "Chikwawa", "market": "Tomali", "commodity": "Cowpeas", "price": 2150.0, "pct_change": 34.38, "zscore": 1.799, "spike_severity": "Moderate" }, "geometry": { "type": "Point", "coordinates": [ 34.77, -16.18 ] } },
{ "type": "Feature", "properties": { "date": "2024-12-15", "region": "Southern Region", "district": "Chikwawa", "market": "Tomali", "commodity": "Cowpeas", "price": 2737.5, "pct_change": 36.87, "zscore": 1.944, "spike_severity": "Moderate" }, "geometry": { "type": "Point", "coordinates": [ 34.77, -16.18 ] } },
{ "type": "Feature", "properties": { "date": "2025-12-15", "region": "Southern Region", "district": "Chikwawa", "market": "Tomali", "commodity": "Cowpeas", "price": 3666.67, "pct_change": 56.03, "zscore": 1.607, "spike_severity": "Moderate" }, "geometry": { "type": "Point", "coordinates": [ 34.77, -16.18 ] } },
{ "type": "Feature", "properties": { "date": "2026-02-15", "region": "Southern Region", "district": "Chikwawa", "market": "Tomali", "commodity": "Exotic vegetables", "price": 1500.0, "pct_change": 400.0, "zscore": 1.769, "spike_severity": "Moderate" }, "geometry": { "type": "Point", "coordinates": [ 34.77, -16.18 ] } },
{ "type": "Feature", "properties": { "date": "2025-09-15", "region": "Southern Region", "district": "Chikwawa", "market": "Tomali", "commodity": "Groundnuts (shelled)", "price": 7000.0, "pct_change": 21.74, "zscore": 1.714, "spike_severity": "Moderate" }, "geometry": { "type": "Point", "coordinates": [ 34.77, -16.18 ] } },
{ "type": "Feature", "properties": { "date": "2025-12-15", "region": "Southern Region", "district": "Chikwawa", "market": "Tomali", "commodity": "Groundnuts (shelled)", "price": 10500.0, "pct_change": 40.0, "zscore": 2.245, "spike_severity": "Moderate" }, "geometry": { "type": "Point", "coordinates": [ 34.77, -16.18 ] } },
{ "type": "Feature", "properties": { "date": "2026-02-15", "region": "Southern Region", "district": "Chikwawa", "market": "Tomali", "commodity": "Local vegetables", "price": 1200.0, "pct_change": 380.0, "zscore": 1.772, "spike_severity": "Moderate" }, "geometry": { "type": "Point", "coordinates": [ 34.77, -16.18 ] } },
{ "type": "Feature", "properties": { "date": "2022-01-15", "region": "Southern Region", "district": "Chikwawa", "market": "Tomali", "commodity": "Maize", "price": 220.0, "pct_change": 41.94, "zscore": 2.188, "spike_severity": "Severe" }, "geometry": { "type": "Point", "coordinates": [ 34.77, -16.18 ] } },
{ "type": "Feature", "properties": { "date": "2022-08-15", "region": "Southern Region", "district": "Chikwawa", "market": "Tomali", "commodity": "Maize", "price": 355.0, "pct_change": 61.36, "zscore": 2.948, "spike_severity": "Critical" }, "geometry": { "type": "Point", "coordinates": [ 34.77, -16.18 ] } },
{ "type": "Feature", "properties": { "date": "2025-09-15", "region": "Southern Region", "district": "Chikwawa", "market": "Tomali", "commodity": "Maize", "price": 1547.83, "pct_change": 336.01, "zscore": 3.117, "spike_severity": "Critical" }, "geometry": { "type": "Point", "coordinates": [ 34.77, -16.18 ] } },
{ "type": "Feature", "properties": { "date": "2023-01-15", "region": "Southern Region", "district": "Chikwawa", "market": "Tomali", "commodity": "Maize (new harvest)", "price": 534.37, "pct_change": 250.41, "zscore": 2.224, "spike_severity": "Severe" }, "geometry": { "type": "Point", "coordinates": [ 34.77, -16.18 ] } },
{ "type": "Feature", "properties": { "date": "2025-01-15", "region": "Southern Region", "district": "Chikwawa", "market": "Tomali", "commodity": "Maize (new harvest)", "price": 1529.41, "pct_change": 23.59, "zscore": 2.086, "spike_severity": "Moderate" }, "geometry": { "type": "Point", "coordinates": [ 34.77, -16.18 ] } },
{ "type": "Feature", "properties": { "date": "2025-05-15", "region": "Southern Region", "district": "Chikwawa", "market": "Tomali", "commodity": "Millet", "price": 700.0, "pct_change": 366.67, "zscore": 2.033, "spike_severity": "Severe" }, "geometry": { "type": "Point", "coordinates": [ 34.77, -16.18 ] } },
{ "type": "Feature", "properties": { "date": "2025-03-15", "region": "Southern Region", "district": "Chikwawa", "market": "Tomali", "commodity": "Oil (vegetable)", "price": 7000.0, "pct_change": 418.52, "zscore": 2.248, "spike_severity": "Severe" }, "geometry": { "type": "Point", "coordinates": [ 34.77, -16.18 ] } },
{ "type": "Feature", "properties": { "date": "2021-03-15", "region": "Southern Region", "district": "Chikwawa", "market": "Tomali", "commodity": "Pigeon peas", "price": 875.0, "pct_change": 29.63, "zscore": 1.644, "spike_severity": "Moderate" }, "geometry": { "type": "Point", "coordinates": [ 34.77, -16.18 ] } },
{ "type": "Feature", "properties": { "date": "2023-06-15", "region": "Southern Region", "district": "Chikwawa", "market": "Tomali", "commodity": "Pigeon peas", "price": 1000.0, "pct_change": 42.86, "zscore": 1.91, "spike_severity": "Moderate" }, "geometry": { "type": "Point", "coordinates": [ 34.77, -16.18 ] } },
{ "type": "Feature", "properties": { "date": "2023-09-15", "region": "Southern Region", "district": "Chikwawa", "market": "Tomali", "commodity": "Pigeon peas", "price": 1000.0, "pct_change": 42.86, "zscore": 1.667, "spike_severity": "Moderate" }, "geometry": { "type": "Point", "coordinates": [ 34.77, -16.18 ] } },
{ "type": "Feature", "properties": { "date": "2023-12-15", "region": "Southern Region", "district": "Chikwawa", "market": "Tomali", "commodity": "Pigeon peas", "price": 1375.0, "pct_change": 37.5, "zscore": 2.216, "spike_severity": "Moderate" }, "geometry": { "type": "Point", "coordinates": [ 34.77, -16.18 ] } },
{ "type": "Feature", "properties": { "date": "2024-01-15", "region": "Southern Region", "district": "Chikwawa", "market": "Tomali", "commodity": "Pigeon peas", "price": 2158.82, "pct_change": 57.01, "zscore": 2.716, "spike_severity": "Severe" }, "geometry": { "type": "Point", "coordinates": [ 34.77, -16.18 ] } },
{ "type": "Feature", "properties": { "date": "2025-01-15", "region": "Southern Region", "district": "Chikwawa", "market": "Tomali", "commodity": "Pigeon peas", "price": 3000.0, "pct_change": 28.0, "zscore": 1.823, "spike_severity": "Moderate" }, "geometry": { "type": "Point", "coordinates": [ 34.77, -16.18 ] } },
{ "type": "Feature", "properties": { "date": "2025-12-15", "region": "Southern Region", "district": "Chikwawa", "market": "Tomali", "commodity": "Pigeon peas", "price": 3666.67, "pct_change": 39.68, "zscore": 1.886, "spike_severity": "Moderate" }, "geometry": { "type": "Point", "coordinates": [ 34.77, -16.18 ] } },
{ "type": "Feature", "properties": { "date": "2025-03-15", "region": "Southern Region", "district": "Chikwawa", "market": "Tomali", "commodity": "Rice", "price": 4500.0, "pct_change": 445.45, "zscore": 2.266, "spike_severity": "Severe" }, "geometry": { "type": "Point", "coordinates": [ 34.77, -16.18 ] } },
{ "type": "Feature", "properties": { "date": "2025-10-15", "region": "Southern Region", "district": "Chikwawa", "market": "Tomali", "commodity": "Sorghum", "price": 6000.0, "pct_change": 3429.41, "zscore": 2.04, "spike_severity": "Severe" }, "geometry": { "type": "Point", "coordinates": [ 34.77, -16.18 ] } },
{ "type": "Feature", "properties": { "date": "2025-12-15", "region": "Southern Region", "district": "Chikwawa", "market": "Tomali", "commodity": "Soybeans", "price": 4500.0, "pct_change": 87.5, "zscore": 1.955, "spike_severity": "Moderate" }, "geometry": { "type": "Point", "coordinates": [ 34.77, -16.18 ] } },
{ "type": "Feature", "properties": { "date": "2025-03-15", "region": "Southern Region", "district": "Chikwawa", "market": "Tomali", "commodity": "Sugar", "price": 3600.0, "pct_change": 336.36, "zscore": 2.267, "spike_severity": "Severe" }, "geometry": { "type": "Point", "coordinates": [ 34.77, -16.18 ] } },
{ "type": "Feature", "properties": { "date": "2025-06-15", "region": "Southern Region", "district": "Chikwawa", "market": "Tomali", "commodity": "Sugar", "price": 4780.0, "pct_change": 31.37, "zscore": 1.697, "spike_severity": "Moderate" }, "geometry": { "type": "Point", "coordinates": [ 34.77, -16.18 ] } },
{ "type": "Feature", "properties": { "date": "2025-03-15", "region": "Southern Region", "district": "Chikwawa", "market": "Tomali", "commodity": "Sweet potatoes", "price": 1111.11, "pct_change": 367.84, "zscore": 2.199, "spike_severity": "Severe" }, "geometry": { "type": "Point", "coordinates": [ 34.77, -16.18 ] } },
{ "type": "Feature", "properties": { "date": "2025-08-15", "region": "Southern Region", "district": "Chikwawa", "market": "Tomali", "commodity": "Sweet potatoes", "price": 1111.11, "pct_change": 100.0, "zscore": 1.712, "spike_severity": "Moderate" }, "geometry": { "type": "Point", "coordinates": [ 34.77, -16.18 ] } },
{ "type": "Feature", "properties": { "date": "2025-01-15", "region": "Southern Region", "district": "Chiradzulu", "market": "Chiradzulu Boma", "commodity": "Beans", "price": 6000.0, "pct_change": 23.71, "zscore": 1.997, "spike_severity": "Moderate" }, "geometry": { "type": "Point", "coordinates": [ 35.18, -15.71 ] } },
{ "type": "Feature", "properties": { "date": "2024-09-15", "region": "Southern Region", "district": "Chiradzulu", "market": "Chiradzulu Boma", "commodity": "Cowpeas", "price": 2200.0, "pct_change": 22.22, "zscore": 1.671, "spike_severity": "Moderate" }, "geometry": { "type": "Point", "coordinates": [ 35.18, -15.71 ] } },
{ "type": "Feature", "properties": { "date": "2025-03-15", "region": "Southern Region", "district": "Chiradzulu", "market": "Chiradzulu Boma", "commodity": "Cowpeas", "price": 4500.0, "pct_change": 50.0, "zscore": 2.488, "spike_severity": "Severe" }, "geometry": { "type": "Point", "coordinates": [ 35.18, -15.71 ] } },
{ "type": "Feature", "properties": { "date": "2026-01-15", "region": "Southern Region", "district": "Chiradzulu", "market": "Chiradzulu Boma", "commodity": "Exotic vegetables", "price": 1200.0, "pct_change": 152.63, "zscore": 1.696, "spike_severity": "Moderate" }, "geometry": { "type": "Point", "coordinates": [ 35.18, -15.71 ] } },
{ "type": "Feature", "properties": { "date": "2026-02-15", "region": "Southern Region", "district": "Chiradzulu", "market": "Chiradzulu Boma", "commodity": "Exotic vegetables", "price": 2010.0, "pct_change": 67.5, "zscore": 1.743, "spike_severity": "Moderate" }, "geometry": { "type": "Point", "coordinates": [ 35.18, -15.71 ] } },
{ "type": "Feature", "properties": { "date": "2025-11-15", "region": "Southern Region", "district": "Chiradzulu", "market": "Chiradzulu Boma", "commodity": "Groundnuts (shelled)", "price": 9000.0, "pct_change": 40.62, "zscore": 1.713, "spike_severity": "Moderate" }, "geometry": { "type": "Point", "coordinates": [ 35.18, -15.71 ] } },
{ "type": "Feature", "properties": { "date": "2025-01-15", "region": "Southern Region", "district": "Chiradzulu", "market": "Chiradzulu Boma", "commodity": "Maize (new harvest)", "price": 1600.0, "pct_change": 60.0, "zscore": 2.755, "spike_severity": "Critical" }, "geometry": { "type": "Point", "coordinates": [ 35.18, -15.71 ] } },
{ "type": "Feature", "properties": { "date": "2024-02-15", "region": "Southern Region", "district": "Chiradzulu", "market": "Chiradzulu Boma", "commodity": "Pigeon peas", "price": 1927.27, "pct_change": 20.9, "zscore": 1.607, "spike_severity": "Moderate" }, "geometry": { "type": "Point", "coordinates": [ 35.18, -15.71 ] } },
{ "type": "Feature", "properties": { "date": "2024-03-15", "region": "Southern Region", "district": "Chiradzulu", "market": "Chiradzulu Boma", "commodity": "Pigeon peas", "price": 2500.0, "pct_change": 29.72, "zscore": 1.837, "spike_severity": "Moderate" }, "geometry": { "type": "Point", "coordinates": [ 35.18, -15.71 ] } },
{ "type": "Feature", "properties": { "date": "2025-11-15", "region": "Southern Region", "district": "Chiradzulu", "market": "Chiradzulu Boma", "commodity": "Sorghum", "price": 8000.0, "pct_change": 900.0, "zscore": 1.925, "spike_severity": "Moderate" }, "geometry": { "type": "Point", "coordinates": [ 35.18, -15.71 ] } },
{ "type": "Feature", "properties": { "date": "2025-09-15", "region": "Southern Region", "district": "Chiradzulu", "market": "Chiradzulu Boma", "commodity": "Soybeans", "price": 2800.0, "pct_change": 24.44, "zscore": 1.727, "spike_severity": "Moderate" }, "geometry": { "type": "Point", "coordinates": [ 35.18, -15.71 ] } },
{ "type": "Feature", "properties": { "date": "2023-01-15", "region": "Northern Region", "district": "Chitipa", "market": "Chitipa Boma", "commodity": "Beans", "price": 1588.89, "pct_change": 217.78, "zscore": 2.306, "spike_severity": "Severe" }, "geometry": { "type": "Point", "coordinates": [ 33.27, -9.72 ] } },
{ "type": "Feature", "properties": { "date": "2024-09-15", "region": "Northern Region", "district": "Chitipa", "market": "Chitipa Boma", "commodity": "Beans", "price": 3062.5, "pct_change": 75.0, "zscore": 2.412, "spike_severity": "Severe" }, "geometry": { "type": "Point", "coordinates": [ 33.27, -9.72 ] } },
{ "type": "Feature", "properties": { "date": "2025-01-15", "region": "Northern Region", "district": "Chitipa", "market": "Chitipa Boma", "commodity": "Beans", "price": 5000.0, "pct_change": 58.73, "zscore": 2.55, "spike_severity": "Severe" }, "geometry": { "type": "Point", "coordinates": [ 33.27, -9.72 ] } },
{ "type": "Feature", "properties": { "date": "2025-04-15", "region": "Northern Region", "district": "Chitipa", "market": "Chitipa Boma", "commodity": "Cassava", "price": 2600.0, "pct_change": 1385.71, "zscore": 2.268, "spike_severity": "Severe" }, "geometry": { "type": "Point", "coordinates": [ 33.27, -9.72 ] } },
{ "type": "Feature", "properties": { "date": "2023-06-15", "region": "Northern Region", "district": "Chitipa", "market": "Chitipa Boma", "commodity": "Cowpeas", "price": 900.0, "pct_change": 50.0, "zscore": 2.124, "spike_severity": "Severe" }, "geometry": { "type": "Point", "coordinates": [ 33.27, -9.72 ] } },
{ "type": "Feature", "properties": { "date": "2023-08-15", "region": "Northern Region", "district": "Chitipa", "market": "Chitipa Boma", "commodity": "Cowpeas", "price": 1200.0, "pct_change": 22.73, "zscore": 1.924, "spike_severity": "Moderate" }, "geometry": { "type": "Point", "coordinates": [ 33.27, -9.72 ] } },
{ "type": "Feature", "properties": { "date": "2023-11-15", "region": "Northern Region", "district": "Chitipa", "market": "Chitipa Boma", "commodity": "Cowpeas", "price": 1525.0, "pct_change": 90.62, "zscore": 2.185, "spike_severity": "Severe" }, "geometry": { "type": "Point", "coordinates": [ 33.27, -9.72 ] } },
{ "type": "Feature", "properties": { "date": "2024-09-15", "region": "Northern Region", "district": "Chitipa", "market": "Chitipa Boma", "commodity": "Cowpeas", "price": 2000.0, "pct_change": 33.33, "zscore": 1.802, "spike_severity": "Moderate" }, "geometry": { "type": "Point", "coordinates": [ 33.27, -9.72 ] } },
{ "type": "Feature", "properties": { "date": "2025-04-15", "region": "Northern Region", "district": "Chitipa", "market": "Chitipa Boma", "commodity": "Cowpeas", "price": 3500.0, "pct_change": 75.0, "zscore": 2.655, "spike_severity": "Critical" }, "geometry": { "type": "Point", "coordinates": [ 33.27, -9.72 ] } },
{ "type": "Feature", "properties": { "date": "2026-01-15", "region": "Northern Region", "district": "Chitipa", "market": "Chitipa Boma", "commodity": "Exotic vegetables", "price": 2000.0, "pct_change": 90.48, "zscore": 1.605, "spike_severity": "Moderate" }, "geometry": { "type": "Point", "coordinates": [ 33.27, -9.72 ] } },
{ "type": "Feature", "properties": { "date": "2026-03-15", "region": "Northern Region", "district": "Chitipa", "market": "Chitipa Boma", "commodity": "Exotic vegetables", "price": 2500.0, "pct_change": 150.0, "zscore": 1.616, "spike_severity": "Moderate" }, "geometry": { "type": "Point", "coordinates": [ 33.27, -9.72 ] } },
{ "type": "Feature", "properties": { "date": "2022-09-15", "region": "Northern Region", "district": "Chitipa", "market": "Chitipa Boma", "commodity": "Maize", "price": 330.0, "pct_change": 100.0, "zscore": 2.764, "spike_severity": "Critical" }, "geometry": { "type": "Point", "coordinates": [ 33.27, -9.72 ] } },
{ "type": "Feature", "properties": { "date": "2025-09-15", "region": "Northern Region", "district": "Chitipa", "market": "Chitipa Boma", "commodity": "Maize", "price": 989.67, "pct_change": 199.9, "zscore": 3.074, "spike_severity": "Critical" }, "geometry": { "type": "Point", "coordinates": [ 33.27, -9.72 ] } },
{ "type": "Feature", "properties": { "date": "2023-01-15", "region": "Northern Region", "district": "Chitipa", "market": "Chitipa Boma", "commodity": "Maize (new harvest)", "price": 515.56, "pct_change": 304.36, "zscore": 2.264, "spike_severity": "Severe" }, "geometry": { "type": "Point", "coordinates": [ 33.27, -9.72 ] } },
{ "type": "Feature", "properties": { "date": "2023-04-15", "region": "Northern Region", "district": "Chitipa", "market": "Chitipa Boma", "commodity": "Maize (new harvest)", "price": 667.5, "pct_change": 33.5, "zscore": 1.795, "spike_severity": "Moderate" }, "geometry": { "type": "Point", "coordinates": [ 33.27, -9.72 ] } },
{ "type": "Feature", "properties": { "date": "2025-01-15", "region": "Northern Region", "district": "Chitipa", "market": "Chitipa Boma", "commodity": "Maize (new harvest)", "price": 925.0, "pct_change": 60.87, "zscore": 2.079, "spike_severity": "Severe" }, "geometry": { "type": "Point", "coordinates": [ 33.27, -9.72 ] } },
{ "type": "Feature", "properties": { "date": "2025-02-15", "region": "Northern Region", "district": "Chitipa", "market": "Chitipa Boma", "commodity": "Maize (new harvest)", "price": 1118.75, "pct_change": 20.95, "zscore": 2.17, "spike_severity": "Moderate" }, "geometry": { "type": "Point", "coordinates": [ 33.27, -9.72 ] } },
{ "type": "Feature", "properties": { "date": "2025-03-15", "region": "Northern Region", "district": "Chitipa", "market": "Chitipa Boma", "commodity": "Maize (new harvest)", "price": 1428.89, "pct_change": 27.72, "zscore": 2.274, "spike_severity": "Moderate" }, "geometry": { "type": "Point", "coordinates": [ 33.27, -9.72 ] } },
{ "type": "Feature", "properties": { "date": "2025-05-15", "region": "Northern Region", "district": "Chitipa", "market": "Chitipa Boma", "commodity": "Millet", "price": 1946.15, "pct_change": 224.36, "zscore": 1.789, "spike_severity": "Moderate" }, "geometry": { "type": "Point", "coordinates": [ 33.27, -9.72 ] } },
{ "type": "Feature", "properties": { "date": "2025-08-15", "region": "Northern Region", "district": "Chitipa", "market": "Chitipa Boma", "commodity": "Millet", "price": 4000.0, "pct_change": 100.0, "zscore": 1.96, "spike_severity": "Moderate" }, "geometry": { "type": "Point", "coordinates": [ 33.27, -9.72 ] } },
{ "type": "Feature", "properties": { "date": "2025-04-15", "region": "Northern Region", "district": "Chitipa", "market": "Chitipa Boma", "commodity": "Oil (vegetable)", "price": 9044.12, "pct_change": 595.7, "zscore": 2.264, "spike_severity": "Severe" }, "geometry": { "type": "Point", "coordinates": [ 33.27, -9.72 ] } },
{ "type": "Feature", "properties": { "date": "2023-12-15", "region": "Northern Region", "district": "Chitipa", "market": "Chitipa Boma", "commodity": "Pigeon peas", "price": 1450.0, "pct_change": 176.19, "zscore": 2.249, "spike_severity": "Severe" }, "geometry": { "type": "Point", "coordinates": [ 33.27, -9.72 ] } },
{ "type": "Feature", "properties": { "date": "2024-02-15", "region": "Northern Region", "district": "Chitipa", "market": "Chitipa Boma", "commodity": "Pigeon peas", "price": 1818.18, "pct_change": 21.21, "zscore": 1.712, "spike_severity": "Moderate" }, "geometry": { "type": "Point", "coordinates": [ 33.27, -9.72 ] } },
{ "type": "Feature", "properties": { "date": "2025-09-15", "region": "Northern Region", "district": "Chitipa", "market": "Chitipa Boma", "commodity": "Pigeon peas", "price": 3250.0, "pct_change": 78.75, "zscore": 2.326, "spike_severity": "Severe" }, "geometry": { "type": "Point", "coordinates": [ 33.27, -9.72 ] } },
{ "type": "Feature", "properties": { "date": "2025-08-15", "region": "Northern Region", "district": "Chitipa", "market": "Chitipa Boma", "commodity": "Rice", "price": 4100.0, "pct_change": 556.0, "zscore": 2.469, "spike_severity": "Severe" }, "geometry": { "type": "Point", "coordinates": [ 33.27, -9.72 ] } },
{ "type": "Feature", "properties": { "date": "2025-10-15", "region": "Northern Region", "district": "Chitipa", "market": "Chitipa Boma", "commodity": "Rice", "price": 3937.5, "pct_change": 43.18, "zscore": 1.639, "spike_severity": "Moderate" }, "geometry": { "type": "Point", "coordinates": [ 33.27, -9.72 ] } },
{ "type": "Feature", "properties": { "date": "2025-04-15", "region": "Northern Region", "district": "Chitipa", "market": "Chitipa Boma", "commodity": "Sugar", "price": 3566.67, "pct_change": 319.61, "zscore": 2.267, "spike_severity": "Severe" }, "geometry": { "type": "Point", "coordinates": [ 33.27, -9.72 ] } },
{ "type": "Feature", "properties": { "date": "2025-06-15", "region": "Northern Region", "district": "Chitipa", "market": "Chitipa Boma", "commodity": "Sugar", "price": 5641.67, "pct_change": 37.39, "zscore": 1.923, "spike_severity": "Moderate" }, "geometry": { "type": "Point", "coordinates": [ 33.27, -9.72 ] } },
{ "type": "Feature", "properties": { "date": "2025-04-15", "region": "Northern Region", "district": "Chitipa", "market": "Chitipa Boma", "commodity": "Sweet potatoes", "price": 819.44, "pct_change": 134.13, "zscore": 2.18, "spike_severity": "Severe" }, "geometry": { "type": "Point", "coordinates": [ 33.27, -9.72 ] } },
{ "type": "Feature", "properties": { "date": "2025-12-15", "region": "Northern Region", "district": "Chitipa", "market": "Chitipa Boma", "commodity": "Sweet potatoes", "price": 1111.0, "pct_change": 23.07, "zscore": 1.743, "spike_severity": "Moderate" }, "geometry": { "type": "Point", "coordinates": [ 33.27, -9.72 ] } },
{ "type": "Feature", "properties": { "date": "2026-03-15", "region": "Northern Region", "district": "Chitipa", "market": "Chitipa Boma", "commodity": "Sweet potatoes", "price": 1111.0, "pct_change": 99.82, "zscore": 1.519, "spike_severity": "Moderate" }, "geometry": { "type": "Point", "coordinates": [ 33.27, -9.72 ] } },
{ "type": "Feature", "properties": { "date": "2022-01-15", "region": "Northern Region", "district": "Chitipa", "market": "Kameme", "commodity": "Beans", "price": 925.0, "pct_change": 23.33, "zscore": 1.618, "spike_severity": "Moderate" }, "geometry": { "type": "Point", "coordinates": [ 33.09, -9.57 ] } },
{ "type": "Feature", "properties": { "date": "2023-01-15", "region": "Northern Region", "district": "Chitipa", "market": "Kameme", "commodity": "Beans", "price": 1638.89, "pct_change": 82.1, "zscore": 2.155, "spike_severity": "Severe" }, "geometry": { "type": "Point", "coordinates": [ 33.09, -9.57 ] } },
{ "type": "Feature", "properties": { "date": "2024-09-15", "region": "Northern Region", "district": "Chitipa", "market": "Kameme", "commodity": "Beans", "price": 3000.0, "pct_change": 64.38, "zscore": 2.263, "spike_severity": "Severe" }, "geometry": { "type": "Point", "coordinates": [ 33.09, -9.57 ] } },
{ "type": "Feature", "properties": { "date": "2025-01-15", "region": "Northern Region", "district": "Chitipa", "market": "Kameme", "commodity": "Beans", "price": 4450.0, "pct_change": 48.33, "zscore": 2.371, "spike_severity": "Severe" }, "geometry": { "type": "Point", "coordinates": [ 33.09, -9.57 ] } },
{ "type": "Feature", "properties": { "date": "2025-10-15", "region": "Northern Region", "district": "Chitipa", "market": "Kameme", "commodity": "Cowpeas", "price": 4000.0, "pct_change": 136.56, "zscore": 1.926, "spike_severity": "Moderate" }, "geometry": { "type": "Point", "coordinates": [ 33.09, -9.57 ] } },
{ "type": "Feature", "properties": { "date": "2025-10-15", "region": "Northern Region", "district": "Chitipa", "market": "Kameme", "commodity": "Groundnuts (shelled)", "price": 6250.0, "pct_change": 31.58, "zscore": 1.515, "spike_severity": "Moderate" }, "geometry": { "type": "Point", "coordinates": [ 33.09, -9.57 ] } },
{ "type": "Feature", "properties": { "date": "2026-01-15", "region": "Northern Region", "district": "Chitipa", "market": "Kameme", "commodity": "Local vegetables", "price": 1000.0, "pct_change": 90.48, "zscore": 1.626, "spike_severity": "Moderate" }, "geometry": { "type": "Point", "coordinates": [ 33.09, -9.57 ] } },
{ "type": "Feature", "properties": { "date": "2022-09-15", "region": "Northern Region", "district": "Chitipa", "market": "Kameme", "commodity": "Maize", "price": 336.5, "pct_change": 92.29, "zscore": 2.918, "spike_severity": "Critical" }, "geometry": { "type": "Point", "coordinates": [ 33.09, -9.57 ] } },
{ "type": "Feature", "properties": { "date": "2025-09-15", "region": "Northern Region", "district": "Chitipa", "market": "Kameme", "commodity": "Maize", "price": 956.52, "pct_change": 184.26, "zscore": 3.051, "spike_severity": "Critical" }, "geometry": { "type": "Point", "coordinates": [ 33.09, -9.57 ] } },
{ "type": "Feature", "properties": { "date": "2025-01-15", "region": "Northern Region", "district": "Chitipa", "market": "Kameme", "commodity": "Maize (new harvest)", "price": 890.0, "pct_change": 67.92, "zscore": 2.202, "spike_severity": "Severe" }, "geometry": { "type": "Point", "coordinates": [ 33.09, -9.57 ] } },
{ "type": "Feature", "properties": { "date": "2025-03-15", "region": "Northern Region", "district": "Chitipa", "market": "Kameme", "commodity": "Maize (new harvest)", "price": 1154.44, "pct_change": 24.8, "zscore": 2.067, "spike_severity": "Moderate" }, "geometry": { "type": "Point", "coordinates": [ 33.09, -9.57 ] } },
{ "type": "Feature", "properties": { "date": "2026-01-15", "region": "Northern Region", "district": "Chitipa", "market": "Kameme", "commodity": "Rice", "price": 6000.0, "pct_change": 33.33, "zscore": 1.537, "spike_severity": "Moderate" }, "geometry": { "type": "Point", "coordinates": [ 33.09, -9.57 ] } },
{ "type": "Feature", "properties": { "date": "2025-11-15", "region": "Northern Region", "district": "Chitipa", "market": "Kameme", "commodity": "Sugar", "price": 6000.0, "pct_change": 39.91, "zscore": 1.512, "spike_severity": "Moderate" }, "geometry": { "type": "Point", "coordinates": [ 33.09, -9.57 ] } },
{ "type": "Feature", "properties": { "date": "2025-10-15", "region": "Northern Region", "district": "Chitipa", "market": "Kameme", "commodity": "Sweet potatoes", "price": 1042.0, "pct_change": 87.41, "zscore": 1.524, "spike_severity": "Moderate" }, "geometry": { "type": "Point", "coordinates": [ 33.09, -9.57 ] } },
{ "type": "Feature", "properties": { "date": "2024-06-15", "region": "Northern Region", "district": "Chitipa", "market": "Nthalire", "commodity": "Beans", "price": 2600.0, "pct_change": 52.94, "zscore": 1.841, "spike_severity": "Moderate" }, "geometry": { "type": "Point", "coordinates": [ 33.65, -10.35 ] } },
{ "type": "Feature", "properties": { "date": "2025-08-15", "region": "Northern Region", "district": "Chitipa", "market": "Nthalire", "commodity": "Groundnuts (shelled)", "price": 5250.0, "pct_change": 31.25, "zscore": 1.5, "spike_severity": "Moderate" }, "geometry": { "type": "Point", "coordinates": [ 33.65, -10.35 ] } },
{ "type": "Feature", "properties": { "date": "2022-09-15", "region": "Northern Region", "district": "Chitipa", "market": "Nthalire", "commodity": "Maize", "price": 330.0, "pct_change": 100.0, "zscore": 2.844, "spike_severity": "Critical" }, "geometry": { "type": "Point", "coordinates": [ 33.65, -10.35 ] } },
{ "type": "Feature", "properties": { "date": "2025-09-15", "region": "Northern Region", "district": "Chitipa", "market": "Nthalire", "commodity": "Maize", "price": 1001.56, "pct_change": 203.5, "zscore": 3.077, "spike_severity": "Critical" }, "geometry": { "type": "Point", "coordinates": [ 33.65, -10.35 ] } },
{ "type": "Feature", "properties": { "date": "2025-11-15", "region": "Northern Region", "district": "Chitipa", "market": "Nthalire", "commodity": "Maize", "price": 918.75, "pct_change": 22.5, "zscore": 1.692, "spike_severity": "Moderate" }, "geometry": { "type": "Point", "coordinates": [ 33.65, -10.35 ] } },
{ "type": "Feature", "properties": { "date": "2025-02-15", "region": "Northern Region", "district": "Chitipa", "market": "Nthalire", "commodity": "Maize (new harvest)", "price": 1383.75, "pct_change": 53.75, "zscore": 2.736, "spike_severity": "Severe" }, "geometry": { "type": "Point", "coordinates": [ 33.65, -10.35 ] } },
{ "type": "Feature", "properties": { "date": "2025-11-15", "region": "Northern Region", "district": "Chitipa", "market": "Nthalire", "commodity": "Soybeans", "price": 5000.0, "pct_change": 42.86, "zscore": 1.747, "spike_severity": "Moderate" }, "geometry": { "type": "Point", "coordinates": [ 33.65, -10.35 ] } },
{ "type": "Feature", "properties": { "date": "2025-11-15", "region": "Northern Region", "district": "Chitipa", "market": "Nthalire", "commodity": "Sweet potatoes", "price": 1111.0, "pct_change": 99.82, "zscore": 2.041, "spike_severity": "Severe" }, "geometry": { "type": "Point", "coordinates": [ 33.65, -10.35 ] } },
{ "type": "Feature", "properties": { "date": "2026-01-15", "region": "Central Region", "district": "Dedza", "market": "Mtakataka", "commodity": "Exotic vegetables", "price": 1200.0, "pct_change": 60.0, "zscore": 1.54, "spike_severity": "Moderate" }, "geometry": { "type": "Point", "coordinates": [ 34.52, -14.23 ] } },
{ "type": "Feature", "properties": { "date": "2025-08-15", "region": "Central Region", "district": "Dedza", "market": "Mtakataka", "commodity": "Groundnuts (shelled)", "price": 7000.0, "pct_change": 55.56, "zscore": 1.789, "spike_severity": "Moderate" }, "geometry": { "type": "Point", "coordinates": [ 34.52, -14.23 ] } },
{ "type": "Feature", "properties": { "date": "2025-11-15", "region": "Central Region", "district": "Dedza", "market": "Mtakataka", "commodity": "Oil (vegetable)", "price": 10552.82, "pct_change": 25.31, "zscore": 2.324, "spike_severity": "Moderate" }, "geometry": { "type": "Point", "coordinates": [ 34.52, -14.23 ] } },
{ "type": "Feature", "properties": { "date": "2026-03-15", "region": "Central Region", "district": "Dedza", "market": "Mtakataka", "commodity": "Oil (vegetable)", "price": 10450.38, "pct_change": 20.0, "zscore": 1.721, "spike_severity": "Moderate" }, "geometry": { "type": "Point", "coordinates": [ 34.52, -14.23 ] } },
{ "type": "Feature", "properties": { "date": "2025-10-15", "region": "Central Region", "district": "Dedza", "market": "Mtakataka", "commodity": "Soybeans", "price": 6000.0, "pct_change": 200.0, "zscore": 1.5, "spike_severity": "Moderate" }, "geometry": { "type": "Point", "coordinates": [ 34.52, -14.23 ] } },
{ "type": "Feature", "properties": { "date": "2025-11-15", "region": "Central Region", "district": "Dedza", "market": "Mtakataka", "commodity": "Sugar", "price": 5408.33, "pct_change": 21.31, "zscore": 1.636, "spike_severity": "Moderate" }, "geometry": { "type": "Point", "coordinates": [ 34.52, -14.23 ] } },
{ "type": "Feature", "properties": { "date": "2023-01-15", "region": "Central Region", "district": "Dedza", "market": "Nsikawanjala", "commodity": "Beans", "price": 1600.0, "pct_change": 33.33, "zscore": 2.522, "spike_severity": "Moderate" }, "geometry": { "type": "Point", "coordinates": [ 34.34, -14.39 ] } },
{ "type": "Feature", "properties": { "date": "2023-06-15", "region": "Central Region", "district": "Dedza", "market": "Nsikawanjala", "commodity": "Beans", "price": 1700.0, "pct_change": 56.32, "zscore": 2.12, "spike_severity": "Severe" }, "geometry": { "type": "Point", "coordinates": [ 34.34, -14.39 ] } },
{ "type": "Feature", "properties": { "date": "2024-01-15", "region": "Central Region", "district": "Dedza", "market": "Nsikawanjala", "commodity": "Beans", "price": 2650.0, "pct_change": 29.27, "zscore": 2.212, "spike_severity": "Moderate" }, "geometry": { "type": "Point", "coordinates": [ 34.34, -14.39 ] } },
{ "type": "Feature", "properties": { "date": "2024-05-15", "region": "Central Region", "district": "Dedza", "market": "Nsikawanjala", "commodity": "Beans", "price": 3600.0, "pct_change": 35.0, "zscore": 2.121, "spike_severity": "Moderate" }, "geometry": { "type": "Point", "coordinates": [ 34.34, -14.39 ] } },
{ "type": "Feature", "properties": { "date": "2025-03-15", "region": "Central Region", "district": "Dedza", "market": "Nsikawanjala", "commodity": "Cassava", "price": 3200.0, "pct_change": 1085.19, "zscore": 2.266, "spike_severity": "Severe" }, "geometry": { "type": "Point", "coordinates": [ 34.34, -14.39 ] } },
{ "type": "Feature", "properties": { "date": "2022-03-15", "region": "Central Region", "district": "Dedza", "market": "Nsikawanjala", "commodity": "Cowpeas", "price": 800.0, "pct_change": 33.33, "zscore": 1.596, "spike_severity": "Moderate" }, "geometry": { "type": "Point", "coordinates": [ 34.34, -14.39 ] } },
{ "type": "Feature", "properties": { "date": "2023-12-15", "region": "Central Region", "district": "Dedza", "market": "Nsikawanjala", "commodity": "Cowpeas", "price": 1500.0, "pct_change": 30.43, "zscore": 2.393, "spike_severity": "Moderate" }, "geometry": { "type": "Point", "coordinates": [ 34.34, -14.39 ] } },
{ "type": "Feature", "properties": { "date": "2024-09-15", "region": "Central Region", "district": "Dedza", "market": "Nsikawanjala", "commodity": "Cowpeas", "price": 2316.67, "pct_change": 40.4, "zscore": 1.954, "spike_severity": "Moderate" }, "geometry": { "type": "Point", "coordinates": [ 34.34, -14.39 ] } },
{ "type": "Feature", "properties": { "date": "2025-01-15", "region": "Central Region", "district": "Dedza", "market": "Nsikawanjala", "commodity": "Cowpeas", "price": 2900.0, "pct_change": 25.07, "zscore": 2.046, "spike_severity": "Moderate" }, "geometry": { "type": "Point", "coordinates": [ 34.34, -14.39 ] } },
{ "type": "Feature", "properties": { "date": "2025-04-15", "region": "Central Region", "district": "Dedza", "market": "Nsikawanjala", "commodity": "Cowpeas", "price": 3645.83, "pct_change": 21.53, "zscore": 2.147, "spike_severity": "Moderate" }, "geometry": { "type": "Point", "coordinates": [ 34.34, -14.39 ] } },
{ "type": "Feature", "properties": { "date": "2022-01-15", "region": "Central Region", "district": "Dedza", "market": "Nsikawanjala", "commodity": "Maize", "price": 180.0, "pct_change": 53.19, "zscore": 1.927, "spike_severity": "Moderate" }, "geometry": { "type": "Point", "coordinates": [ 34.34, -14.39 ] } },
{ "type": "Feature", "properties": { "date": "2022-08-15", "region": "Central Region", "district": "Dedza", "market": "Nsikawanjala", "commodity": "Maize", "price": 300.0, "pct_change": 66.67, "zscore": 2.898, "spike_severity": "Critical" }, "geometry": { "type": "Point", "coordinates": [ 34.34, -14.39 ] } },
{ "type": "Feature", "properties": { "date": "2025-03-15", "region": "Central Region", "district": "Dedza", "market": "Nsikawanjala", "commodity": "Maize", "price": 1600.0, "pct_change": 481.82, "zscore": 3.14, "spike_severity": "Critical" }, "geometry": { "type": "Point", "coordinates": [ 34.34, -14.39 ] } },
{ "type": "Feature", "properties": { "date": "2023-03-15", "region": "Central Region", "district": "Dedza", "market": "Nsikawanjala", "commodity": "Maize (new harvest)", "price": 575.0, "pct_change": 379.17, "zscore": 2.253, "spike_severity": "Severe" }, "geometry": { "type": "Point", "coordinates": [ 34.34, -14.39 ] } },
{ "type": "Feature", "properties": { "date": "2025-01-15", "region": "Central Region", "district": "Dedza", "market": "Nsikawanjala", "commodity": "Maize (new harvest)", "price": 1241.18, "pct_change": 30.78, "zscore": 2.561, "spike_severity": "Moderate" }, "geometry": { "type": "Point", "coordinates": [ 34.34, -14.39 ] } },
{ "type": "Feature", "properties": { "date": "2025-08-15", "region": "Central Region", "district": "Dedza", "market": "Nsikawanjala", "commodity": "Maize flour", "price": 7139.58, "pct_change": 319.98, "zscore": 2.04, "spike_severity": "Severe" }, "geometry": { "type": "Point", "coordinates": [ 34.34, -14.39 ] } },
{ "type": "Feature", "properties": { "date": "2021-04-15", "region": "Central Region", "district": "Dedza", "market": "Nsikawanjala", "commodity": "Oil (vegetable)", "price": 1500.0, "pct_change": 25.0, "zscore": 1.775, "spike_severity": "Moderate" }, "geometry": { "type": "Point", "coordinates": [ 34.34, -14.39 ] } },
{ "type": "Feature", "properties": { "date": "2025-03-15", "region": "Central Region", "district": "Dedza", "market": "Nsikawanjala", "commodity": "Oil (vegetable)", "price": 7000.0, "pct_change": 366.67, "zscore": 2.261, "spike_severity": "Severe" }, "geometry": { "type": "Point", "coordinates": [ 34.34, -14.39 ] } },
{ "type": "Feature", "properties": { "date": "2023-06-15", "region": "Central Region", "district": "Dedza", "market": "Nsikawanjala", "commodity": "Pigeon peas", "price": 900.0, "pct_change": 28.57, "zscore": 1.856, "spike_severity": "Moderate" }, "geometry": { "type": "Point", "coordinates": [ 34.34, -14.39 ] } },
{ "type": "Feature", "properties": { "date": "2023-11-15", "region": "Central Region", "district": "Dedza", "market": "Nsikawanjala", "commodity": "Pigeon peas", "price": 1200.0, "pct_change": 33.33, "zscore": 2.361, "spike_severity": "Moderate" }, "geometry": { "type": "Point", "coordinates": [ 34.34, -14.39 ] } },
{ "type": "Feature", "properties": { "date": "2024-02-15", "region": "Central Region", "district": "Dedza", "market": "Nsikawanjala", "commodity": "Pigeon peas", "price": 2000.0, "pct_change": 48.15, "zscore": 2.647, "spike_severity": "Severe" }, "geometry": { "type": "Point", "coordinates": [ 34.34, -14.39 ] } },
{ "type": "Feature", "properties": { "date": "2025-01-15", "region": "Central Region", "district": "Dedza", "market": "Nsikawanjala", "commodity": "Pigeon peas", "price": 3000.0, "pct_change": 33.33, "zscore": 1.919, "spike_severity": "Moderate" }, "geometry": { "type": "Point", "coordinates": [ 34.34, -14.39 ] } },
{ "type": "Feature", "properties": { "date": "2025-03-15", "region": "Central Region", "district": "Dedza", "market": "Nsikawanjala", "commodity": "Pigeon peas", "price": 4000.0, "pct_change": 33.33, "zscore": 2.088, "spike_severity": "Moderate" }, "geometry": { "type": "Point", "coordinates": [ 34.34, -14.39 ] } },
{ "type": "Feature", "properties": { "date": "2025-03-15", "region": "Central Region", "district": "Dedza", "market": "Nsikawanjala", "commodity": "Rice", "price": 4500.0, "pct_change": 542.86, "zscore": 2.267, "spike_severity": "Severe" }, "geometry": { "type": "Point", "coordinates": [ 34.34, -14.39 ] } },
{ "type": "Feature", "properties": { "date": "2025-03-15", "region": "Central Region", "district": "Dedza", "market": "Nsikawanjala", "commodity": "Sorghum", "price": 2000.0, "pct_change": 654.72, "zscore": 2.266, "spike_severity": "Severe" }, "geometry": { "type": "Point", "coordinates": [ 34.34, -14.39 ] } },
{ "type": "Feature", "properties": { "date": "2025-10-15", "region": "Central Region", "district": "Dedza", "market": "Nsikawanjala", "commodity": "Soybeans", "price": 3000.0, "pct_change": 30.43, "zscore": 1.901, "spike_severity": "Moderate" }, "geometry": { "type": "Point", "coordinates": [ 34.34, -14.39 ] } },
{ "type": "Feature", "properties": { "date": "2025-03-15", "region": "Central Region", "district": "Dedza", "market": "Nsikawanjala", "commodity": "Sugar", "price": 3800.0, "pct_change": 360.61, "zscore": 2.266, "spike_severity": "Severe" }, "geometry": { "type": "Point", "coordinates": [ 34.34, -14.39 ] } },
{ "type": "Feature", "properties": { "date": "2025-03-15", "region": "Central Region", "district": "Dedza", "market": "Nsikawanjala", "commodity": "Sweet potatoes", "price": 555.56, "pct_change": 146.92, "zscore": 2.082, "spike_severity": "Severe" }, "geometry": { "type": "Point", "coordinates": [ 34.34, -14.39 ] } },
{ "type": "Feature", "properties": { "date": "2025-10-15", "region": "Central Region", "district": "Dedza", "market": "Nsikawanjala", "commodity": "Sweet potatoes", "price": 1111.0, "pct_change": 59.99, "zscore": 2.42, "spike_severity": "Severe" }, "geometry": { "type": "Point", "coordinates": [ 34.34, -14.39 ] } },
{ "type": "Feature", "properties": { "date": "2023-01-15", "region": "Central Region", "district": "Dedza", "market": "Ntakataka", "commodity": "Beans", "price": 1600.0, "pct_change": 33.33, "zscore": 2.116, "spike_severity": "Moderate" }, "geometry": { "type": "Point", "coordinates": [ 34.51, -14.22 ] } },
{ "type": "Feature", "properties": { "date": "2023-06-15", "region": "Central Region", "district": "Dedza", "market": "Ntakataka", "commodity": "Beans", "price": 1800.0, "pct_change": 30.91, "zscore": 2.09, "spike_severity": "Moderate" }, "geometry": { "type": "Point", "coordinates": [ 34.51, -14.22 ] } },
{ "type": "Feature", "properties": { "date": "2023-12-15", "region": "Central Region", "district": "Dedza", "market": "Ntakataka", "commodity": "Beans", "price": 2300.0, "pct_change": 20.26, "zscore": 1.858, "spike_severity": "Moderate" }, "geometry": { "type": "Point", "coordinates": [ 34.51, -14.22 ] } },
{ "type": "Feature", "properties": { "date": "2024-01-15", "region": "Central Region", "district": "Dedza", "market": "Ntakataka", "commodity": "Beans", "price": 3000.0, "pct_change": 30.43, "zscore": 2.415, "spike_severity": "Moderate" }, "geometry": { "type": "Point", "coordinates": [ 34.51, -14.22 ] } },
{ "type": "Feature", "properties": { "date": "2024-04-15", "region": "Central Region", "district": "Dedza", "market": "Ntakataka", "commodity": "Beans", "price": 3000.0, "pct_change": 50.0, "zscore": 1.521, "spike_severity": "Moderate" }, "geometry": { "type": "Point", "coordinates": [ 34.51, -14.22 ] } },
{ "type": "Feature", "properties": { "date": "2024-05-15", "region": "Central Region", "district": "Dedza", "market": "Ntakataka", "commodity": "Beans", "price": 3650.0, "pct_change": 21.67, "zscore": 1.989, "spike_severity": "Moderate" }, "geometry": { "type": "Point", "coordinates": [ 34.51, -14.22 ] } },
{ "type": "Feature", "properties": { "date": "2023-01-15", "region": "Central Region", "district": "Dedza", "market": "Ntakataka", "commodity": "Cowpeas", "price": 850.0, "pct_change": 21.43, "zscore": 1.765, "spike_severity": "Moderate" }, "geometry": { "type": "Point", "coordinates": [ 34.51, -14.22 ] } },
{ "type": "Feature", "properties": { "date": "2023-11-15", "region": "Central Region", "district": "Dedza", "market": "Ntakataka", "commodity": "Cowpeas", "price": 1025.0, "pct_change": 39.46, "zscore": 1.829, "spike_severity": "Moderate" }, "geometry": { "type": "Point", "coordinates": [ 34.51, -14.22 ] } },
{ "type": "Feature", "properties": { "date": "2024-02-15", "region": "Central Region", "district": "Dedza", "market": "Ntakataka", "commodity": "Cowpeas", "price": 1850.0, "pct_change": 64.44, "zscore": 2.79, "spike_severity": "Critical" }, "geometry": { "type": "Point", "coordinates": [ 34.51, -14.22 ] } },
{ "type": "Feature", "properties": { "date": "2024-09-15", "region": "Central Region", "district": "Dedza", "market": "Ntakataka", "commodity": "Cowpeas", "price": 1900.0, "pct_change": 35.71, "zscore": 1.782, "spike_severity": "Moderate" }, "geometry": { "type": "Point", "coordinates": [ 34.51, -14.22 ] } },
{ "type": "Feature", "properties": { "date": "2024-11-15", "region": "Central Region", "district": "Dedza", "market": "Ntakataka", "commodity": "Cowpeas", "price": 2375.0, "pct_change": 31.94, "zscore": 1.869, "spike_severity": "Moderate" }, "geometry": { "type": "Point", "coordinates": [ 34.51, -14.22 ] } },
{ "type": "Feature", "properties": { "date": "2022-01-15", "region": "Central Region", "district": "Dedza", "market": "Ntakataka", "commodity": "Maize", "price": 205.0, "pct_change": 46.43, "zscore": 2.227, "spike_severity": "Severe" }, "geometry": { "type": "Point", "coordinates": [ 34.51, -14.22 ] } },
{ "type": "Feature", "properties": { "date": "2022-08-15", "region": "Central Region", "district": "Dedza", "market": "Ntakataka", "commodity": "Maize", "price": 320.0, "pct_change": 56.1, "zscore": 2.838, "spike_severity": "Severe" }, "geometry": { "type": "Point", "coordinates": [ 34.51, -14.22 ] } },
{ "type": "Feature", "properties": { "date": "2023-01-15", "region": "Central Region", "district": "Dedza", "market": "Ntakataka", "commodity": "Maize (new harvest)", "price": 450.0, "pct_change": 350.0, "zscore": 2.113, "spike_severity": "Severe" }, "geometry": { "type": "Point", "coordinates": [ 34.51, -14.22 ] } },
{ "type": "Feature", "properties": { "date": "2023-07-15", "region": "Central Region", "district": "Dedza", "market": "Ntakataka", "commodity": "Maize (new harvest)", "price": 653.75, "pct_change": 30.75, "zscore": 1.758, "spike_severity": "Moderate" }, "geometry": { "type": "Point", "coordinates": [ 34.51, -14.22 ] } },
{ "type": "Feature", "properties": { "date": "2025-01-15", "region": "Central Region", "district": "Dedza", "market": "Ntakataka", "commodity": "Maize (new harvest)", "price": 1300.0, "pct_change": 29.6, "zscore": 2.304, "spike_severity": "Moderate" }, "geometry": { "type": "Point", "coordinates": [ 34.51, -14.22 ] } },
{ "type": "Feature", "properties": { "date": "2025-02-15", "region": "Central Region", "district": "Dedza", "market": "Ntakataka", "commodity": "Maize (new harvest)", "price": 1633.33, "pct_change": 25.64, "zscore": 2.381, "spike_severity": "Moderate" }, "geometry": { "type": "Point", "coordinates": [ 34.51, -14.22 ] } },
{ "type": "Feature", "properties": { "date": "2021-04-15", "region": "Central Region", "district": "Dedza", "market": "Ntakataka", "commodity": "Oil (vegetable)", "price": 1700.0, "pct_change": 41.67, "zscore": 1.911, "spike_severity": "Moderate" }, "geometry": { "type": "Point", "coordinates": [ 34.51, -14.22 ] } },
{ "type": "Feature", "properties": { "date": "2023-06-15", "region": "Central Region", "district": "Dedza", "market": "Ntakataka", "commodity": "Pigeon peas", "price": 900.0, "pct_change": 80.0, "zscore": 2.163, "spike_severity": "Severe" }, "geometry": { "type": "Point", "coordinates": [ 34.51, -14.22 ] } },
{ "type": "Feature", "properties": { "date": "2023-11-15", "region": "Central Region", "district": "Dedza", "market": "Ntakataka", "commodity": "Pigeon peas", "price": 1200.0, "pct_change": 35.59, "zscore": 2.235, "spike_severity": "Moderate" }, "geometry": { "type": "Point", "coordinates": [ 34.51, -14.22 ] } },
{ "type": "Feature", "properties": { "date": "2024-01-15", "region": "Central Region", "district": "Dedza", "market": "Ntakataka", "commodity": "Pigeon peas", "price": 1800.0, "pct_change": 38.46, "zscore": 2.427, "spike_severity": "Moderate" }, "geometry": { "type": "Point", "coordinates": [ 34.51, -14.22 ] } },
{ "type": "Feature", "properties": { "date": "2024-11-15", "region": "Central Region", "district": "Dedza", "market": "Ntakataka", "commodity": "Pigeon peas", "price": 2550.0, "pct_change": 27.5, "zscore": 1.906, "spike_severity": "Moderate" }, "geometry": { "type": "Point", "coordinates": [ 34.51, -14.22 ] } },
{ "type": "Feature", "properties": { "date": "2024-01-15", "region": "Central Region", "district": "Dowa", "market": "Dowa Boma", "commodity": "Beans", "price": 2800.0, "pct_change": 40.0, "zscore": 2.065, "spike_severity": "Moderate" }, "geometry": { "type": "Point", "coordinates": [ 33.98, -13.68 ] } },
{ "type": "Feature", "properties": { "date": "2025-03-15", "region": "Central Region", "district": "Dowa", "market": "Dowa Boma", "commodity": "Beans", "price": 7000.0, "pct_change": 41.26, "zscore": 2.549, "spike_severity": "Severe" }, "geometry": { "type": "Point", "coordinates": [ 33.98, -13.68 ] } },
{ "type": "Feature", "properties": { "date": "2024-10-15", "region": "Central Region", "district": "Dowa", "market": "Dowa Boma", "commodity": "Cowpeas", "price": 2500.0, "pct_change": 25.0, "zscore": 1.939, "spike_severity": "Moderate" }, "geometry": { "type": "Point", "coordinates": [ 33.98, -13.68 ] } },
{ "type": "Feature", "properties": { "date": "2025-04-15", "region": "Central Region", "district": "Dowa", "market": "Dowa Boma", "commodity": "Cowpeas", "price": 4000.0, "pct_change": 33.33, "zscore": 2.108, "spike_severity": "Moderate" }, "geometry": { "type": "Point", "coordinates": [ 33.98, -13.68 ] } },
{ "type": "Feature", "properties": { "date": "2022-08-15", "region": "Central Region", "district": "Dowa", "market": "Dowa Boma", "commodity": "Maize", "price": 300.0, "pct_change": 140.0, "zscore": 1.932, "spike_severity": "Moderate" }, "geometry": { "type": "Point", "coordinates": [ 33.98, -13.68 ] } },
{ "type": "Feature", "properties": { "date": "2025-09-15", "region": "Central Region", "district": "Dowa", "market": "Dowa Boma", "commodity": "Maize", "price": 1275.0, "pct_change": 325.0, "zscore": 3.114, "spike_severity": "Critical" }, "geometry": { "type": "Point", "coordinates": [ 33.98, -13.68 ] } },
{ "type": "Feature", "properties": { "date": "2025-01-15", "region": "Central Region", "district": "Dowa", "market": "Dowa Boma", "commodity": "Maize (new harvest)", "price": 1200.0, "pct_change": 31.51, "zscore": 2.562, "spike_severity": "Moderate" }, "geometry": { "type": "Point", "coordinates": [ 33.98, -13.68 ] } },
{ "type": "Feature", "properties": { "date": "2025-02-15", "region": "Central Region", "district": "Dowa", "market": "Dowa Boma", "commodity": "Maize (new harvest)", "price": 1511.11, "pct_change": 25.93, "zscore": 2.495, "spike_severity": "Moderate" }, "geometry": { "type": "Point", "coordinates": [ 33.98, -13.68 ] } },
{ "type": "Feature", "properties": { "date": "2025-03-15", "region": "Central Region", "district": "Dowa", "market": "Dowa Boma", "commodity": "Pigeon peas", "price": 3500.0, "pct_change": 27.27, "zscore": 1.826, "spike_severity": "Moderate" }, "geometry": { "type": "Point", "coordinates": [ 33.98, -13.68 ] } },
{ "type": "Feature", "properties": { "date": "2023-02-15", "region": "Central Region", "district": "Dowa", "market": "Dzaleka", "commodity": "Beans", "price": 1500.0, "pct_change": 49.81, "zscore": 2.163, "spike_severity": "Severe" }, "geometry": { "type": "Point", "coordinates": [ 33.87, -13.66 ] } },
{ "type": "Feature", "properties": { "date": "2023-12-15", "region": "Central Region", "district": "Dowa", "market": "Dzaleka", "commodity": "Beans", "price": 2400.0, "pct_change": 44.36, "zscore": 2.351, "spike_severity": "Severe" }, "geometry": { "type": "Point", "coordinates": [ 33.87, -13.66 ] } },
{ "type": "Feature", "properties": { "date": "2024-05-15", "region": "Central Region", "district": "Dowa", "market": "Dzaleka", "commodity": "Beans", "price": 3000.0, "pct_change": 30.43, "zscore": 1.553, "spike_severity": "Moderate" }, "geometry": { "type": "Point", "coordinates": [ 33.87, -13.66 ] } },
{ "type": "Feature", "properties": { "date": "2024-06-15", "region": "Central Region", "district": "Dowa", "market": "Dzaleka", "commodity": "Beans", "price": 3750.0, "pct_change": 25.0, "zscore": 2.046, "spike_severity": "Moderate" }, "geometry": { "type": "Point", "coordinates": [ 33.87, -13.66 ] } },
{ "type": "Feature", "properties": { "date": "2025-04-15", "region": "Central Region", "district": "Dowa", "market": "Dzaleka", "commodity": "Cassava", "price": 3430.0, "pct_change": 757.5, "zscore": 2.268, "spike_severity": "Severe" }, "geometry": { "type": "Point", "coordinates": [ 33.87, -13.66 ] } },
{ "type": "Feature", "properties": { "date": "2022-02-15", "region": "Central Region", "district": "Dowa", "market": "Dzaleka", "commodity": "Cowpeas", "price": 800.0, "pct_change": 77.78, "zscore": 1.704, "spike_severity": "Moderate" }, "geometry": { "type": "Point", "coordinates": [ 33.87, -13.66 ] } },
{ "type": "Feature", "properties": { "date": "2023-01-15", "region": "Central Region", "district": "Dowa", "market": "Dzaleka", "commodity": "Cowpeas", "price": 1012.5, "pct_change": 26.56, "zscore": 2.009, "spike_severity": "Moderate" }, "geometry": { "type": "Point", "coordinates": [ 33.87, -13.66 ] } },
{ "type": "Feature", "properties": { "date": "2023-06-15", "region": "Central Region", "district": "Dowa", "market": "Dzaleka", "commodity": "Cowpeas", "price": 1200.0, "pct_change": 50.0, "zscore": 1.879, "spike_severity": "Moderate" }, "geometry": { "type": "Point", "coordinates": [ 33.87, -13.66 ] } },
{ "type": "Feature", "properties": { "date": "2024-01-15", "region": "Central Region", "district": "Dowa", "market": "Dzaleka", "commodity": "Cowpeas", "price": 1570.0, "pct_change": 23.14, "zscore": 2.286, "spike_severity": "Moderate" }, "geometry": { "type": "Point", "coordinates": [ 33.87, -13.66 ] } },
{ "type": "Feature", "properties": { "date": "2024-09-15", "region": "Central Region", "district": "Dowa", "market": "Dzaleka", "commodity": "Cowpeas", "price": 2000.0, "pct_change": 21.21, "zscore": 1.822, "spike_severity": "Moderate" }, "geometry": { "type": "Point", "coordinates": [ 33.87, -13.66 ] } },
{ "type": "Feature", "properties": { "date": "2024-12-15", "region": "Central Region", "district": "Dowa", "market": "Dzaleka", "commodity": "Cowpeas", "price": 2718.75, "pct_change": 20.83, "zscore": 1.861, "spike_severity": "Moderate" }, "geometry": { "type": "Point", "coordinates": [ 33.87, -13.66 ] } },
{ "type": "Feature", "properties": { "date": "2025-03-15", "region": "Central Region", "district": "Dowa", "market": "Dzaleka", "commodity": "Cowpeas", "price": 5000.0, "pct_change": 62.45, "zscore": 2.579, "spike_severity": "Critical" }, "geometry": { "type": "Point", "coordinates": [ 33.87, -13.66 ] } },
{ "type": "Feature", "properties": { "date": "2026-01-15", "region": "Central Region", "district": "Dowa", "market": "Dzaleka", "commodity": "Exotic vegetables", "price": 2000.0, "pct_change": 60.0, "zscore": 1.54, "spike_severity": "Moderate" }, "geometry": { "type": "Point", "coordinates": [ 33.87, -13.66 ] } },
{ "type": "Feature", "properties": { "date": "2025-12-15", "region": "Central Region", "district": "Dowa", "market": "Dzaleka", "commodity": "Groundnuts (shelled)", "price": 7875.0, "pct_change": 31.25, "zscore": 1.736, "spike_severity": "Moderate" }, "geometry": { "type": "Point", "coordinates": [ 33.87, -13.66 ] } },
{ "type": "Feature", "properties": { "date": "2026-03-15", "region": "Central Region", "district": "Dowa", "market": "Dzaleka", "commodity": "Local vegetables", "price": 2000.0, "pct_change": 100.0, "zscore": 1.778, "spike_severity": "Moderate" }, "geometry": { "type": "Point", "coordinates": [ 33.87, -13.66 ] } },
{ "type": "Feature", "properties": { "date": "2022-01-15", "region": "Central Region", "district": "Dowa", "market": "Dzaleka", "commodity": "Maize", "price": 202.5, "pct_change": 62.0, "zscore": 2.162, "spike_severity": "Severe" }, "geometry": { "type": "Point", "coordinates": [ 33.87, -13.66 ] } },
{ "type": "Feature", "properties": { "date": "2022-08-15", "region": "Central Region", "district": "Dowa", "market": "Dzaleka", "commodity": "Maize", "price": 310.0, "pct_change": 53.09, "zscore": 2.787, "spike_severity": "Severe" }, "geometry": { "type": "Point", "coordinates": [ 33.87, -13.66 ] } },
{ "type": "Feature", "properties": { "date": "2025-03-15", "region": "Central Region", "district": "Dowa", "market": "Dzaleka", "commodity": "Maize", "price": 1700.0, "pct_change": 476.27, "zscore": 3.14, "spike_severity": "Critical" }, "geometry": { "type": "Point", "coordinates": [ 33.87, -13.66 ] } },
{ "type": "Feature", "properties": { "date": "2023-01-15", "region": "Central Region", "district": "Dowa", "market": "Dzaleka", "commodity": "Maize (new harvest)", "price": 493.12, "pct_change": 208.2, "zscore": 2.263, "spike_severity": "Severe" }, "geometry": { "type": "Point", "coordinates": [ 33.87, -13.66 ] } },
{ "type": "Feature", "properties": { "date": "2025-01-15", "region": "Central Region", "district": "Dowa", "market": "Dzaleka", "commodity": "Maize (new harvest)", "price": 1163.24, "pct_change": 32.94, "zscore": 2.571, "spike_severity": "Moderate" }, "geometry": { "type": "Point", "coordinates": [ 33.87, -13.66 ] } },
{ "type": "Feature", "properties": { "date": "2025-02-15", "region": "Central Region", "district": "Dowa", "market": "Dzaleka", "commodity": "Maize (new harvest)", "price": 1497.22, "pct_change": 28.71, "zscore": 2.583, "spike_severity": "Moderate" }, "geometry": { "type": "Point", "coordinates": [ 33.87, -13.66 ] } },
{ "type": "Feature", "properties": { "date": "2025-03-15", "region": "Central Region", "district": "Dowa", "market": "Dzaleka", "commodity": "Oil (vegetable)", "price": 7000.0, "pct_change": 438.46, "zscore": 2.266, "spike_severity": "Severe" }, "geometry": { "type": "Point", "coordinates": [ 33.87, -13.66 ] } },
{ "type": "Feature", "properties": { "date": "2023-12-15", "region": "Central Region", "district": "Dowa", "market": "Dzaleka", "commodity": "Pigeon peas", "price": 1300.0, "pct_change": 23.81, "zscore": 1.593, "spike_severity": "Moderate" }, "geometry": { "type": "Point", "coordinates": [ 33.87, -13.66 ] } },
{ "type": "Feature", "properties": { "date": "2024-01-15", "region": "Central Region", "district": "Dowa", "market": "Dzaleka", "commodity": "Pigeon peas", "price": 1800.0, "pct_change": 38.46, "zscore": 2.023, "spike_severity": "Moderate" }, "geometry": { "type": "Point", "coordinates": [ 33.87, -13.66 ] } },
{ "type": "Feature", "properties": { "date": "2024-11-15", "region": "Central Region", "district": "Dowa", "market": "Dzaleka", "commodity": "Pigeon peas", "price": 2500.0, "pct_change": 25.0, "zscore": 1.763, "spike_severity": "Moderate" }, "geometry": { "type": "Point", "coordinates": [ 33.87, -13.66 ] } },
{ "type": "Feature", "properties": { "date": "2025-03-15", "region": "Central Region", "district": "Dowa", "market": "Dzaleka", "commodity": "Pigeon peas", "price": 4500.0, "pct_change": 50.0, "zscore": 2.221, "spike_severity": "Severe" }, "geometry": { "type": "Point", "coordinates": [ 33.87, -13.66 ] } },
{ "type": "Feature", "properties": { "date": "2025-03-15", "region": "Central Region", "district": "Dowa", "market": "Dzaleka", "commodity": "Rice", "price": 4500.0, "pct_change": 592.31, "zscore": 2.267, "spike_severity": "Severe" }, "geometry": { "type": "Point", "coordinates": [ 33.87, -13.66 ] } },
{ "type": "Feature", "properties": { "date": "2026-03-15", "region": "Central Region", "district": "Dowa", "market": "Dzaleka", "commodity": "Rice", "price": 5000.0, "pct_change": 25.0, "zscore": 2.12, "spike_severity": "Moderate" }, "geometry": { "type": "Point", "coordinates": [ 33.87, -13.66 ] } },
{ "type": "Feature", "properties": { "date": "2025-10-15", "region": "Central Region", "district": "Dowa", "market": "Dzaleka", "commodity": "Soybeans", "price": 3039.47, "pct_change": 21.58, "zscore": 1.506, "spike_severity": "Moderate" }, "geometry": { "type": "Point", "coordinates": [ 33.87, -13.66 ] } },
{ "type": "Feature", "properties": { "date": "2025-03-15", "region": "Central Region", "district": "Dowa", "market": "Dzaleka", "commodity": "Sugar", "price": 3700.0, "pct_change": 362.5, "zscore": 2.268, "spike_severity": "Severe" }, "geometry": { "type": "Point", "coordinates": [ 33.87, -13.66 ] } },
{ "type": "Feature", "properties": { "date": "2025-09-15", "region": "Central Region", "district": "Dowa", "market": "Dzaleka", "commodity": "Sweet potatoes", "price": 1111.0, "pct_change": 33.32, "zscore": 1.796, "spike_severity": "Moderate" }, "geometry": { "type": "Point", "coordinates": [ 33.87, -13.66 ] } },
{ "type": "Feature", "properties": { "date": "2023-12-15", "region": "Central Region", "district": "Dowa", "market": "Dzaleka (inside Camp)", "commodity": "Beans", "price": 2375.0, "pct_change": 44.49, "zscore": 2.533, "spike_severity": "Severe" }, "geometry": { "type": "Point", "coordinates": [ 33.87, -13.66 ] } },
{ "type": "Feature", "properties": { "date": "2024-01-15", "region": "Central Region", "district": "Dowa", "market": "Dzaleka (inside Camp)", "commodity": "Beans", "price": 2860.0, "pct_change": 20.42, "zscore": 2.494, "spike_severity": "Moderate" }, "geometry": { "type": "Point", "coordinates": [ 33.87, -13.66 ] } },
{ "type": "Feature", "properties": { "date": "2024-05-15", "region": "Central Region", "district": "Dowa", "market": "Dzaleka (inside Camp)", "commodity": "Beans", "price": 3250.0, "pct_change": 28.29, "zscore": 1.733, "spike_severity": "Moderate" }, "geometry": { "type": "Point", "coordinates": [ 33.87, -13.66 ] } },
{ "type": "Feature", "properties": { "date": "2024-11-15", "region": "Central Region", "district": "Dowa", "market": "Dzaleka (inside Camp)", "commodity": "Beans", "price": 4500.0, "pct_change": 42.86, "zscore": 1.878, "spike_severity": "Moderate" }, "geometry": { "type": "Point", "coordinates": [ 33.87, -13.66 ] } },
{ "type": "Feature", "properties": { "date": "2024-09-15", "region": "Central Region", "district": "Dowa", "market": "Dzaleka (inside Camp)", "commodity": "Cowpeas", "price": 2000.0, "pct_change": 21.21, "zscore": 1.838, "spike_severity": "Moderate" }, "geometry": { "type": "Point", "coordinates": [ 33.87, -13.66 ] } },
{ "type": "Feature", "properties": { "date": "2024-12-15", "region": "Central Region", "district": "Dowa", "market": "Dzaleka (inside Camp)", "commodity": "Cowpeas", "price": 2737.5, "pct_change": 36.87, "zscore": 1.97, "spike_severity": "Moderate" }, "geometry": { "type": "Point", "coordinates": [ 33.87, -13.66 ] } },
{ "type": "Feature", "properties": { "date": "2025-03-15", "region": "Central Region", "district": "Dowa", "market": "Dzaleka (inside Camp)", "commodity": "Cowpeas", "price": 4500.0, "pct_change": 45.16, "zscore": 2.376, "spike_severity": "Severe" }, "geometry": { "type": "Point", "coordinates": [ 33.87, -13.66 ] } },
{ "type": "Feature", "properties": { "date": "2026-01-15", "region": "Central Region", "district": "Dowa", "market": "Dzaleka (inside Camp)", "commodity": "Exotic vegetables", "price": 2500.0, "pct_change": 900.0, "zscore": 1.781, "spike_severity": "Moderate" }, "geometry": { "type": "Point", "coordinates": [ 33.87, -13.66 ] } },
{ "type": "Feature", "properties": { "date": "2026-01-15", "region": "Central Region", "district": "Dowa", "market": "Dzaleka (inside Camp)", "commodity": "Local vegetables", "price": 1000.0, "pct_change": 300.0, "zscore": 1.789, "spike_severity": "Moderate" }, "geometry": { "type": "Point", "coordinates": [ 33.87, -13.66 ] } },
{ "type": "Feature", "properties": { "date": "2023-07-15", "region": "Central Region", "district": "Dowa", "market": "Dzaleka (inside Camp)", "commodity": "Maize (new harvest)", "price": 608.75, "pct_change": 28.16, "zscore": 1.527, "spike_severity": "Moderate" }, "geometry": { "type": "Point", "coordinates": [ 33.87, -13.66 ] } },
{ "type": "Feature", "properties": { "date": "2024-04-15", "region": "Central Region", "district": "Dowa", "market": "Dzaleka (inside Camp)", "commodity": "Maize (new harvest)", "price": 950.0, "pct_change": 29.01, "zscore": 1.824, "spike_severity": "Moderate" }, "geometry": { "type": "Point", "coordinates": [ 33.87, -13.66 ] } },
{ "type": "Feature", "properties": { "date": "2025-01-15", "region": "Central Region", "district": "Dowa", "market": "Dzaleka (inside Camp)", "commodity": "Maize (new harvest)", "price": 1170.59, "pct_change": 33.31, "zscore": 2.474, "spike_severity": "Moderate" }, "geometry": { "type": "Point", "coordinates": [ 33.87, -13.66 ] } },
{ "type": "Feature", "properties": { "date": "2025-02-15", "region": "Central Region", "district": "Dowa", "market": "Dzaleka (inside Camp)", "commodity": "Maize (new harvest)", "price": 1477.78, "pct_change": 26.24, "zscore": 2.55, "spike_severity": "Moderate" }, "geometry": { "type": "Point", "coordinates": [ 33.87, -13.66 ] } },
{ "type": "Feature", "properties": { "date": "2024-01-15", "region": "Central Region", "district": "Dowa", "market": "Dzaleka (inside Camp)", "commodity": "Pigeon peas", "price": 1600.0, "pct_change": 33.33, "zscore": 1.952, "spike_severity": "Moderate" }, "geometry": { "type": "Point", "coordinates": [ 33.87, -13.66 ] } },
{ "type": "Feature", "properties": { "date": "2024-11-15", "region": "Central Region", "district": "Dowa", "market": "Dzaleka (inside Camp)", "commodity": "Pigeon peas", "price": 2450.0, "pct_change": 22.5, "zscore": 1.773, "spike_severity": "Moderate" }, "geometry": { "type": "Point", "coordinates": [ 33.87, -13.66 ] } },
{ "type": "Feature", "properties": { "date": "2025-03-15", "region": "Central Region", "district": "Dowa", "market": "Dzaleka (inside Camp)", "commodity": "Pigeon peas", "price": 3800.0, "pct_change": 26.67, "zscore": 1.925, "spike_severity": "Moderate" }, "geometry": { "type": "Point", "coordinates": [ 33.87, -13.66 ] } },
{ "type": "Feature", "properties": { "date": "2025-07-15", "region": "Central Region", "district": "Dowa", "market": "Dzaleka (inside Camp)", "commodity": "Sweet potatoes", "price": 833.33, "pct_change": 50.0, "zscore": 1.529, "spike_severity": "Moderate" }, "geometry": { "type": "Point", "coordinates": [ 33.87, -13.66 ] } },
{ "type": "Feature", "properties": { "date": "2025-08-15", "region": "Central Region", "district": "Dowa", "market": "Dzaleka (inside Camp)", "commodity": "Sweet potatoes", "price": 1111.11, "pct_change": 33.33, "zscore": 1.785, "spike_severity": "Moderate" }, "geometry": { "type": "Point", "coordinates": [ 33.87, -13.66 ] } },
{ "type": "Feature", "properties": { "date": "2025-10-15", "region": "Central Region", "district": "Dowa", "market": "Dzaleka (inside Camp)", "commodity": "Sweet potatoes", "price": 1342.67, "pct_change": 20.85, "zscore": 1.638, "spike_severity": "Moderate" }, "geometry": { "type": "Point", "coordinates": [ 33.87, -13.66 ] } },
{ "type": "Feature", "properties": { "date": "2022-03-15", "region": "Central Region", "district": "Dowa", "market": "Mponela", "commodity": "Beans", "price": 1550.0, "pct_change": 55.0, "zscore": 1.918, "spike_severity": "Moderate" }, "geometry": { "type": "Point", "coordinates": [ 33.72, -13.52 ] } },
{ "type": "Feature", "properties": { "date": "2023-01-15", "region": "Central Region", "district": "Dowa", "market": "Mponela", "commodity": "Beans", "price": 1912.5, "pct_change": 21.43, "zscore": 2.181, "spike_severity": "Moderate" }, "geometry": { "type": "Point", "coordinates": [ 33.72, -13.52 ] } },
{ "type": "Feature", "properties": { "date": "2023-12-15", "region": "Central Region", "district": "Dowa", "market": "Mponela", "commodity": "Beans", "price": 2500.0, "pct_change": 31.58, "zscore": 2.4, "spike_severity": "Moderate" }, "geometry": { "type": "Point", "coordinates": [ 33.72, -13.52 ] } },
{ "type": "Feature", "properties": { "date": "2024-09-15", "region": "Central Region", "district": "Dowa", "market": "Mponela", "commodity": "Beans", "price": 3950.0, "pct_change": 58.0, "zscore": 2.48, "spike_severity": "Severe" }, "geometry": { "type": "Point", "coordinates": [ 33.72, -13.52 ] } },
{ "type": "Feature", "properties": { "date": "2024-12-15", "region": "Central Region", "district": "Dowa", "market": "Mponela", "commodity": "Beans", "price": 4706.25, "pct_change": 96.09, "zscore": 2.064, "spike_severity": "Severe" }, "geometry": { "type": "Point", "coordinates": [ 33.72, -13.52 ] } },
{ "type": "Feature", "properties": { "date": "2025-02-15", "region": "Central Region", "district": "Dowa", "market": "Mponela", "commodity": "Beans", "price": 6166.67, "pct_change": 25.17, "zscore": 2.092, "spike_severity": "Moderate" }, "geometry": { "type": "Point", "coordinates": [ 33.72, -13.52 ] } },
{ "type": "Feature", "properties": { "date": "2025-03-15", "region": "Central Region", "district": "Dowa", "market": "Mponela", "commodity": "Cassava", "price": 3600.0, "pct_change": 747.06, "zscore": 1.789, "spike_severity": "Moderate" }, "geometry": { "type": "Point", "coordinates": [ 33.72, -13.52 ] } },
{ "type": "Feature", "properties": { "date": "2023-02-15", "region": "Central Region", "district": "Dowa", "market": "Mponela", "commodity": "Cowpeas", "price": 1200.0, "pct_change": 34.27, "zscore": 2.695, "spike_severity": "Moderate" }, "geometry": { "type": "Point", "coordinates": [ 33.72, -13.52 ] } },
{ "type": "Feature", "properties": { "date": "2023-09-15", "region": "Central Region", "district": "Dowa", "market": "Mponela", "commodity": "Cowpeas", "price": 1216.67, "pct_change": 24.15, "zscore": 1.989, "spike_severity": "Moderate" }, "geometry": { "type": "Point", "coordinates": [ 33.72, -13.52 ] } },
{ "type": "Feature", "properties": { "date": "2025-02-15", "region": "Central Region", "district": "Dowa", "market": "Mponela", "commodity": "Cowpeas", "price": 3777.78, "pct_change": 25.93, "zscore": 2.142, "spike_severity": "Moderate" }, "geometry": { "type": "Point", "coordinates": [ 33.72, -13.52 ] } },
{ "type": "Feature", "properties": { "date": "2026-01-15", "region": "Central Region", "district": "Dowa", "market": "Mponela", "commodity": "Exotic vegetables", "price": 800.0, "pct_change": 60.0, "zscore": 1.556, "spike_severity": "Moderate" }, "geometry": { "type": "Point", "coordinates": [ 33.72, -13.52 ] } },
{ "type": "Feature", "properties": { "date": "2025-12-15", "region": "Central Region", "district": "Dowa", "market": "Mponela", "commodity": "Groundnuts (shelled)", "price": 8500.0, "pct_change": 41.67, "zscore": 1.752, "spike_severity": "Moderate" }, "geometry": { "type": "Point", "coordinates": [ 33.72, -13.52 ] } },
{ "type": "Feature", "properties": { "date": "2022-08-15", "region": "Central Region", "district": "Dowa", "market": "Mponela", "commodity": "Maize", "price": 300.0, "pct_change": 66.67, "zscore": 1.956, "spike_severity": "Moderate" }, "geometry": { "type": "Point", "coordinates": [ 33.72, -13.52 ] } },
{ "type": "Feature", "properties": { "date": "2025-04-15", "region": "Central Region", "district": "Dowa", "market": "Mponela", "commodity": "Maize", "price": 920.0, "pct_change": 206.67, "zscore": 3.097, "spike_severity": "Critical" }, "geometry": { "type": "Point", "coordinates": [ 33.72, -13.52 ] } },
{ "type": "Feature", "properties": { "date": "2025-05-15", "region": "Central Region", "district": "Dowa", "market": "Mponela", "commodity": "Maize", "price": 1200.0, "pct_change": 30.43, "zscore": 2.479, "spike_severity": "Moderate" }, "geometry": { "type": "Point", "coordinates": [ 33.72, -13.52 ] } },
{ "type": "Feature", "properties": { "date": "2023-01-15", "region": "Central Region", "district": "Dowa", "market": "Mponela", "commodity": "Maize (new harvest)", "price": 462.5, "pct_change": 168.12, "zscore": 2.257, "spike_severity": "Severe" }, "geometry": { "type": "Point", "coordinates": [ 33.72, -13.52 ] } },
{ "type": "Feature", "properties": { "date": "2023-07-15", "region": "Central Region", "district": "Dowa", "market": "Mponela", "commodity": "Maize (new harvest)", "price": 612.5, "pct_change": 22.5, "zscore": 1.562, "spike_severity": "Moderate" }, "geometry": { "type": "Point", "coordinates": [ 33.72, -13.52 ] } },
{ "type": "Feature", "properties": { "date": "2023-12-15", "region": "Central Region", "district": "Dowa", "market": "Mponela", "commodity": "Maize (new harvest)", "price": 900.0, "pct_change": 28.57, "zscore": 1.543, "spike_severity": "Moderate" }, "geometry": { "type": "Point", "coordinates": [ 33.72, -13.52 ] } },
{ "type": "Feature", "properties": { "date": "2025-01-15", "region": "Central Region", "district": "Dowa", "market": "Mponela", "commodity": "Maize (new harvest)", "price": 1241.18, "pct_change": 37.43, "zscore": 2.633, "spike_severity": "Moderate" }, "geometry": { "type": "Point", "coordinates": [ 33.72, -13.52 ] } },
{ "type": "Feature", "properties": { "date": "2025-03-15", "region": "Central Region", "district": "Dowa", "market": "Mponela", "commodity": "Oil (vegetable)", "price": 7000.0, "pct_change": 382.76, "zscore": 2.265, "spike_severity": "Severe" }, "geometry": { "type": "Point", "coordinates": [ 33.72, -13.52 ] } },
{ "type": "Feature", "properties": { "date": "2023-10-15", "region": "Central Region", "district": "Dowa", "market": "Mponela", "commodity": "Pigeon peas", "price": 1216.67, "pct_change": 62.22, "zscore": 2.608, "spike_severity": "Critical" }, "geometry": { "type": "Point", "coordinates": [ 33.72, -13.52 ] } },
{ "type": "Feature", "properties": { "date": "2023-11-15", "region": "Central Region", "district": "Dowa", "market": "Mponela", "commodity": "Pigeon peas", "price": 1500.0, "pct_change": 23.29, "zscore": 2.451, "spike_severity": "Moderate" }, "geometry": { "type": "Point", "coordinates": [ 33.72, -13.52 ] } },
{ "type": "Feature", "properties": { "date": "2024-10-15", "region": "Central Region", "district": "Dowa", "market": "Mponela", "commodity": "Pigeon peas", "price": 2500.0, "pct_change": 25.0, "zscore": 1.953, "spike_severity": "Moderate" }, "geometry": { "type": "Point", "coordinates": [ 33.72, -13.52 ] } },
{ "type": "Feature", "properties": { "date": "2025-03-15", "region": "Central Region", "district": "Dowa", "market": "Mponela", "commodity": "Rice", "price": 4000.0, "pct_change": 400.0, "zscore": 2.268, "spike_severity": "Severe" }, "geometry": { "type": "Point", "coordinates": [ 33.72, -13.52 ] } },
{ "type": "Feature", "properties": { "date": "2025-07-15", "region": "Central Region", "district": "Dowa", "market": "Mponela", "commodity": "Rice", "price": 17000.0, "pct_change": 325.0, "zscore": 2.83, "spike_severity": "Critical" }, "geometry": { "type": "Point", "coordinates": [ 33.72, -13.52 ] } },
{ "type": "Feature", "properties": { "date": "2026-02-15", "region": "Central Region", "district": "Dowa", "market": "Mponela", "commodity": "Soybeans", "price": 3000.0, "pct_change": 50.0, "zscore": 1.57, "spike_severity": "Moderate" }, "geometry": { "type": "Point", "coordinates": [ 33.72, -13.52 ] } },
{ "type": "Feature", "properties": { "date": "2025-03-15", "region": "Central Region", "district": "Dowa", "market": "Mponela", "commodity": "Sugar", "price": 3500.0, "pct_change": 337.5, "zscore": 2.268, "spike_severity": "Severe" }, "geometry": { "type": "Point", "coordinates": [ 33.72, -13.52 ] } },
{ "type": "Feature", "properties": { "date": "2025-06-15", "region": "Central Region", "district": "Dowa", "market": "Mponela", "commodity": "Sugar", "price": 5241.38, "pct_change": 39.4, "zscore": 1.83, "spike_severity": "Moderate" }, "geometry": { "type": "Point", "coordinates": [ 33.72, -13.52 ] } },
{ "type": "Feature", "properties": { "date": "2025-09-15", "region": "Central Region", "district": "Dowa", "market": "Mponela", "commodity": "Sweet potatoes", "price": 1111.0, "pct_change": 59.99, "zscore": 2.041, "spike_severity": "Severe" }, "geometry": { "type": "Point", "coordinates": [ 33.72, -13.52 ] } },
{ "type": "Feature", "properties": { "date": "2024-01-15", "region": "Central Region", "district": "Dowa", "market": "Nambuma", "commodity": "Beans", "price": 2488.24, "pct_change": 21.38, "zscore": 2.103, "spike_severity": "Moderate" }, "geometry": { "type": "Point", "coordinates": [ 33.6, -13.7 ] } },
{ "type": "Feature", "properties": { "date": "2024-04-15", "region": "Central Region", "district": "Dowa", "market": "Nambuma", "commodity": "Beans", "price": 2888.89, "pct_change": 44.44, "zscore": 1.919, "spike_severity": "Moderate" }, "geometry": { "type": "Point", "coordinates": [ 33.6, -13.7 ] } },
{ "type": "Feature", "properties": { "date": "2024-09-15", "region": "Central Region", "district": "Dowa", "market": "Nambuma", "commodity": "Beans", "price": 3900.0, "pct_change": 56.0, "zscore": 2.54, "spike_severity": "Severe" }, "geometry": { "type": "Point", "coordinates": [ 33.6, -13.7 ] } },
{ "type": "Feature", "properties": { "date": "2025-02-15", "region": "Central Region", "district": "Dowa", "market": "Nambuma", "commodity": "Cowpeas", "price": 3777.78, "pct_change": 25.93, "zscore": 2.161, "spike_severity": "Moderate" }, "geometry": { "type": "Point", "coordinates": [ 33.6, -13.7 ] } },
{ "type": "Feature", "properties": { "date": "2025-09-15", "region": "Central Region", "district": "Dowa", "market": "Nambuma", "commodity": "Cowpeas", "price": 5093.75, "pct_change": 45.54, "zscore": 1.915, "spike_severity": "Moderate" }, "geometry": { "type": "Point", "coordinates": [ 33.6, -13.7 ] } },
{ "type": "Feature", "properties": { "date": "2026-02-15", "region": "Central Region", "district": "Dowa", "market": "Nambuma", "commodity": "Exotic vegetables", "price": 2000.0, "pct_change": 233.33, "zscore": 1.947, "spike_severity": "Moderate" }, "geometry": { "type": "Point", "coordinates": [ 33.6, -13.7 ] } },
{ "type": "Feature", "properties": { "date": "2026-02-15", "region": "Central Region", "district": "Dowa", "market": "Nambuma", "commodity": "Fish (small, dry)", "price": 16000.0, "pct_change": 33.33, "zscore": 1.977, "spike_severity": "Moderate" }, "geometry": { "type": "Point", "coordinates": [ 33.6, -13.7 ] } },
{ "type": "Feature", "properties": { "date": "2025-09-15", "region": "Central Region", "district": "Dowa", "market": "Nambuma", "commodity": "Groundnuts (shelled)", "price": 7000.0, "pct_change": 55.56, "zscore": 1.666, "spike_severity": "Moderate" }, "geometry": { "type": "Point", "coordinates": [ 33.6, -13.7 ] } },
{ "type": "Feature", "properties": { "date": "2025-12-15", "region": "Central Region", "district": "Dowa", "market": "Nambuma", "commodity": "Groundnuts (shelled)", "price": 8750.0, "pct_change": 29.63, "zscore": 1.92, "spike_severity": "Moderate" }, "geometry": { "type": "Point", "coordinates": [ 33.6, -13.7 ] } },
{ "type": "Feature", "properties": { "date": "2026-02-15", "region": "Central Region", "district": "Dowa", "market": "Nambuma", "commodity": "Groundnuts (shelled)", "price": 11000.0, "pct_change": 37.5, "zscore": 2.168, "spike_severity": "Moderate" }, "geometry": { "type": "Point", "coordinates": [ 33.6, -13.7 ] } },
{ "type": "Feature", "properties": { "date": "2025-12-15", "region": "Central Region", "district": "Dowa", "market": "Nambuma", "commodity": "Local vegetables", "price": 537.5, "pct_change": 115.0, "zscore": 1.5, "spike_severity": "Moderate" }, "geometry": { "type": "Point", "coordinates": [ 33.6, -13.7 ] } },
{ "type": "Feature", "properties": { "date": "2026-02-15", "region": "Central Region", "district": "Dowa", "market": "Nambuma", "commodity": "Local vegetables", "price": 1000.0, "pct_change": 66.67, "zscore": 1.735, "spike_severity": "Moderate" }, "geometry": { "type": "Point", "coordinates": [ 33.6, -13.7 ] } },
{ "type": "Feature", "properties": { "date": "2022-01-15", "region": "Central Region", "district": "Dowa", "market": "Nambuma", "commodity": "Maize", "price": 185.0, "pct_change": 54.17, "zscore": 1.542, "spike_severity": "Moderate" }, "geometry": { "type": "Point", "coordinates": [ 33.6, -13.7 ] } },
{ "type": "Feature", "properties": { "date": "2022-08-15", "region": "Central Region", "district": "Dowa", "market": "Nambuma", "commodity": "Maize", "price": 270.0, "pct_change": 45.95, "zscore": 2.595, "spike_severity": "Severe" }, "geometry": { "type": "Point", "coordinates": [ 33.6, -13.7 ] } },
{ "type": "Feature", "properties": { "date": "2025-03-15", "region": "Central Region", "district": "Dowa", "market": "Nambuma", "commodity": "Maize", "price": 900.0, "pct_change": 205.08, "zscore": 3.06, "spike_severity": "Critical" }, "geometry": { "type": "Point", "coordinates": [ 33.6, -13.7 ] } },
{ "type": "Feature", "properties": { "date": "2025-09-15", "region": "Central Region", "district": "Dowa", "market": "Nambuma", "commodity": "Maize", "price": 1321.74, "pct_change": 56.21, "zscore": 2.314, "spike_severity": "Severe" }, "geometry": { "type": "Point", "coordinates": [ 33.6, -13.7 ] } },
{ "type": "Feature", "properties": { "date": "2025-01-15", "region": "Central Region", "district": "Dowa", "market": "Nambuma", "commodity": "Maize (new harvest)", "price": 1241.18, "pct_change": 37.43, "zscore": 2.659, "spike_severity": "Moderate" }, "geometry": { "type": "Point", "coordinates": [ 33.6, -13.7 ] } },
{ "type": "Feature", "properties": { "date": "2024-09-15", "region": "Central Region", "district": "Dowa", "market": "Nambuma", "commodity": "Pigeon peas", "price": 2250.0, "pct_change": 30.95, "zscore": 2.031, "spike_severity": "Moderate" }, "geometry": { "type": "Point", "coordinates": [ 33.6, -13.7 ] } },
{ "type": "Feature", "properties": { "date": "2026-03-15", "region": "Central Region", "district": "Dowa", "market": "Nambuma", "commodity": "Soybeans", "price": 4000.0, "pct_change": 33.33, "zscore": 2.276, "spike_severity": "Moderate" }, "geometry": { "type": "Point", "coordinates": [ 33.6, -13.7 ] } },
{ "type": "Feature", "properties": { "date": "2025-11-15", "region": "Central Region", "district": "Dowa", "market": "Nambuma", "commodity": "Sugar", "price": 5250.0, "pct_change": 20.18, "zscore": 1.767, "spike_severity": "Moderate" }, "geometry": { "type": "Point", "coordinates": [ 33.6, -13.7 ] } },
{ "type": "Feature", "properties": { "date": "2025-10-15", "region": "Central Region", "district": "Dowa", "market": "Nambuma", "commodity": "Sweet potatoes", "price": 1666.5, "pct_change": 1399.86, "zscore": 1.602, "spike_severity": "Moderate" }, "geometry": { "type": "Point", "coordinates": [ 33.6, -13.7 ] } },
{ "type": "Feature", "properties": { "date": "2022-03-15", "region": "Central Region", "district": "Dowa", "market": "Nsungwi", "commodity": "Beans", "price": 1450.0, "pct_change": 61.11, "zscore": 1.881, "spike_severity": "Moderate" }, "geometry": { "type": "Point", "coordinates": [ 33.46, -13.53 ] } },
{ "type": "Feature", "properties": { "date": "2023-01-15", "region": "Central Region", "district": "Dowa", "market": "Nsungwi", "commodity": "Beans", "price": 2000.0, "pct_change": 37.93, "zscore": 2.168, "spike_severity": "Moderate" }, "geometry": { "type": "Point", "coordinates": [ 33.46, -13.53 ] } },
{ "type": "Feature", "properties": { "date": "2024-02-15", "region": "Central Region", "district": "Dowa", "market": "Nsungwi", "commodity": "Beans", "price": 3318.18, "pct_change": 21.99, "zscore": 2.311, "spike_severity": "Moderate" }, "geometry": { "type": "Point", "coordinates": [ 33.46, -13.53 ] } },
{ "type": "Feature", "properties": { "date": "2024-05-15", "region": "Central Region", "district": "Dowa", "market": "Nsungwi", "commodity": "Beans", "price": 4000.0, "pct_change": 56.86, "zscore": 2.311, "spike_severity": "Severe" }, "geometry": { "type": "Point", "coordinates": [ 33.46, -13.53 ] } },
{ "type": "Feature", "properties": { "date": "2025-04-15", "region": "Central Region", "district": "Dowa", "market": "Nsungwi", "commodity": "Beans", "price": 6200.0, "pct_change": 28.83, "zscore": 1.709, "spike_severity": "Moderate" }, "geometry": { "type": "Point", "coordinates": [ 33.46, -13.53 ] } },
{ "type": "Feature", "properties": { "date": "2021-04-15", "region": "Central Region", "district": "Dowa", "market": "Nsungwi", "commodity": "Cassava", "price": 600.0, "pct_change": 53.85, "zscore": 1.5, "spike_severity": "Moderate" }, "geometry": { "type": "Point", "coordinates": [ 33.46, -13.53 ] } },
{ "type": "Feature", "properties": { "date": "2025-03-15", "region": "Central Region", "district": "Dowa", "market": "Nsungwi", "commodity": "Cassava", "price": 4000.0, "pct_change": 566.67, "zscore": 2.263, "spike_severity": "Severe" }, "geometry": { "type": "Point", "coordinates": [ 33.46, -13.53 ] } },
{ "type": "Feature", "properties": { "date": "2023-01-15", "region": "Central Region", "district": "Dowa", "market": "Nsungwi", "commodity": "Cowpeas", "price": 1000.0, "pct_change": 25.0, "zscore": 2.182, "spike_severity": "Moderate" }, "geometry": { "type": "Point", "coordinates": [ 33.46, -13.53 ] } },
{ "type": "Feature", "properties": { "date": "2023-09-15", "region": "Central Region", "district": "Dowa", "market": "Nsungwi", "commodity": "Cowpeas", "price": 1200.0, "pct_change": 25.0, "zscore": 1.68, "spike_severity": "Moderate" }, "geometry": { "type": "Point", "coordinates": [ 33.46, -13.53 ] } },
{ "type": "Feature", "properties": { "date": "2023-10-15", "region": "Central Region", "district": "Dowa", "market": "Nsungwi", "commodity": "Cowpeas", "price": 1480.0, "pct_change": 23.33, "zscore": 2.092, "spike_severity": "Moderate" }, "geometry": { "type": "Point", "coordinates": [ 33.46, -13.53 ] } },
{ "type": "Feature", "properties": { "date": "2024-02-15", "region": "Central Region", "district": "Dowa", "market": "Nsungwi", "commodity": "Cowpeas", "price": 2072.73, "pct_change": 38.18, "zscore": 2.183, "spike_severity": "Moderate" }, "geometry": { "type": "Point", "coordinates": [ 33.46, -13.53 ] } },
{ "type": "Feature", "properties": { "date": "2024-09-15", "region": "Central Region", "district": "Dowa", "market": "Nsungwi", "commodity": "Cowpeas", "price": 2250.0, "pct_change": 25.0, "zscore": 1.875, "spike_severity": "Moderate" }, "geometry": { "type": "Point", "coordinates": [ 33.46, -13.53 ] } },
{ "type": "Feature", "properties": { "date": "2025-03-15", "region": "Central Region", "district": "Dowa", "market": "Nsungwi", "commodity": "Cowpeas", "price": 5000.0, "pct_change": 32.35, "zscore": 2.327, "spike_severity": "Moderate" }, "geometry": { "type": "Point", "coordinates": [ 33.46, -13.53 ] } },
{ "type": "Feature", "properties": { "date": "2026-01-15", "region": "Central Region", "district": "Dowa", "market": "Nsungwi", "commodity": "Groundnuts (shelled)", "price": 10000.0, "pct_change": 21.21, "zscore": 1.89, "spike_severity": "Moderate" }, "geometry": { "type": "Point", "coordinates": [ 33.46, -13.53 ] } },
{ "type": "Feature", "properties": { "date": "2022-01-15", "region": "Central Region", "district": "Dowa", "market": "Nsungwi", "commodity": "Maize", "price": 196.5, "pct_change": 40.36, "zscore": 1.819, "spike_severity": "Moderate" }, "geometry": { "type": "Point", "coordinates": [ 33.46, -13.53 ] } },
{ "type": "Feature", "properties": { "date": "2022-08-15", "region": "Central Region", "district": "Dowa", "market": "Nsungwi", "commodity": "Maize", "price": 330.0, "pct_change": 67.94, "zscore": 2.946, "spike_severity": "Critical" }, "geometry": { "type": "Point", "coordinates": [ 33.46, -13.53 ] } },
{ "type": "Feature", "properties": { "date": "2025-03-15", "region": "Central Region", "district": "Dowa", "market": "Nsungwi", "commodity": "Maize", "price": 1800.0, "pct_change": 520.69, "zscore": 3.146, "spike_severity": "Critical" }, "geometry": { "type": "Point", "coordinates": [ 33.46, -13.53 ] } },
{ "type": "Feature", "properties": { "date": "2023-01-15", "region": "Central Region", "district": "Dowa", "market": "Nsungwi", "commodity": "Maize (new harvest)", "price": 500.0, "pct_change": 257.14, "zscore": 2.228, "spike_severity": "Severe" }, "geometry": { "type": "Point", "coordinates": [ 33.46, -13.53 ] } },
{ "type": "Feature", "properties": { "date": "2025-01-15", "region": "Central Region", "district": "Dowa", "market": "Nsungwi", "commodity": "Maize (new harvest)", "price": 1229.41, "pct_change": 28.15, "zscore": 2.254, "spike_severity": "Moderate" }, "geometry": { "type": "Point", "coordinates": [ 33.46, -13.53 ] } },
{ "type": "Feature", "properties": { "date": "2025-02-15", "region": "Central Region", "district": "Dowa", "market": "Nsungwi", "commodity": "Maize (new harvest)", "price": 1485.71, "pct_change": 20.85, "zscore": 2.322, "spike_severity": "Moderate" }, "geometry": { "type": "Point", "coordinates": [ 33.46, -13.53 ] } },
{ "type": "Feature", "properties": { "date": "2025-03-15", "region": "Central Region", "district": "Dowa", "market": "Nsungwi", "commodity": "Millet", "price": 2508.0, "pct_change": 318.0, "zscore": 2.251, "spike_severity": "Severe" }, "geometry": { "type": "Point", "coordinates": [ 33.46, -13.53 ] } },
{ "type": "Feature", "properties": { "date": "2025-08-15", "region": "Central Region", "district": "Dowa", "market": "Nsungwi", "commodity": "Millet", "price": 2800.0, "pct_change": 211.11, "zscore": 1.639, "spike_severity": "Moderate" }, "geometry": { "type": "Point", "coordinates": [ 33.46, -13.53 ] } },
{ "type": "Feature", "properties": { "date": "2025-10-15", "region": "Central Region", "district": "Dowa", "market": "Nsungwi", "commodity": "Millet", "price": 3500.0, "pct_change": 40.0, "zscore": 1.754, "spike_severity": "Moderate" }, "geometry": { "type": "Point", "coordinates": [ 33.46, -13.53 ] } },
{ "type": "Feature", "properties": { "date": "2025-03-15", "region": "Central Region", "district": "Dowa", "market": "Nsungwi", "commodity": "Oil (vegetable)", "price": 7000.0, "pct_change": 366.67, "zscore": 2.266, "spike_severity": "Severe" }, "geometry": { "type": "Point", "coordinates": [ 33.46, -13.53 ] } },
{ "type": "Feature", "properties": { "date": "2023-01-15", "region": "Central Region", "district": "Dowa", "market": "Nsungwi", "commodity": "Pigeon peas", "price": 900.0, "pct_change": 50.0, "zscore": 2.132, "spike_severity": "Severe" }, "geometry": { "type": "Point", "coordinates": [ 33.46, -13.53 ] } },
{ "type": "Feature", "properties": { "date": "2023-02-15", "region": "Central Region", "district": "Dowa", "market": "Nsungwi", "commodity": "Pigeon peas", "price": 1200.0, "pct_change": 33.33, "zscore": 2.184, "spike_severity": "Moderate" }, "geometry": { "type": "Point", "coordinates": [ 33.46, -13.53 ] } },
{ "type": "Feature", "properties": { "date": "2023-09-15", "region": "Central Region", "district": "Dowa", "market": "Nsungwi", "commodity": "Pigeon peas", "price": 1300.0, "pct_change": 47.73, "zscore": 1.982, "spike_severity": "Moderate" }, "geometry": { "type": "Point", "coordinates": [ 33.46, -13.53 ] } },
{ "type": "Feature", "properties": { "date": "2024-02-15", "region": "Central Region", "district": "Dowa", "market": "Nsungwi", "commodity": "Pigeon peas", "price": 2136.36, "pct_change": 36.07, "zscore": 2.109, "spike_severity": "Moderate" }, "geometry": { "type": "Point", "coordinates": [ 33.46, -13.53 ] } },
{ "type": "Feature", "properties": { "date": "2025-03-15", "region": "Central Region", "district": "Dowa", "market": "Nsungwi", "commodity": "Pigeon peas", "price": 5000.0, "pct_change": 56.52, "zscore": 2.464, "spike_severity": "Severe" }, "geometry": { "type": "Point", "coordinates": [ 33.46, -13.53 ] } },
{ "type": "Feature", "properties": { "date": "2021-03-15", "region": "Central Region", "district": "Dowa", "market": "Nsungwi", "commodity": "Potatoes", "price": 475.0, "pct_change": 43.94, "zscore": 1.735, "spike_severity": "Moderate" }, "geometry": { "type": "Point", "coordinates": [ 33.46, -13.53 ] } },
{ "type": "Feature", "properties": { "date": "2025-03-15", "region": "Central Region", "district": "Dowa", "market": "Nsungwi", "commodity": "Rice", "price": 4500.0, "pct_change": 650.0, "zscore": 2.266, "spike_severity": "Severe" }, "geometry": { "type": "Point", "coordinates": [ 33.46, -13.53 ] } },
{ "type": "Feature", "properties": { "date": "2025-03-15", "region": "Central Region", "district": "Dowa", "market": "Nsungwi", "commodity": "Sorghum", "price": 2500.0, "pct_change": 257.14, "zscore": 2.251, "spike_severity": "Severe" }, "geometry": { "type": "Point", "coordinates": [ 33.46, -13.53 ] } },
{ "type": "Feature", "properties": { "date": "2025-08-15", "region": "Central Region", "district": "Dowa", "market": "Nsungwi", "commodity": "Sorghum", "price": 3000.0, "pct_change": 252.94, "zscore": 1.767, "spike_severity": "Moderate" }, "geometry": { "type": "Point", "coordinates": [ 33.46, -13.53 ] } },
{ "type": "Feature", "properties": { "date": "2025-10-15", "region": "Central Region", "district": "Dowa", "market": "Nsungwi", "commodity": "Sorghum", "price": 3500.0, "pct_change": 40.0, "zscore": 1.682, "spike_severity": "Moderate" }, "geometry": { "type": "Point", "coordinates": [ 33.46, -13.53 ] } },
{ "type": "Feature", "properties": { "date": "2025-10-15", "region": "Central Region", "district": "Dowa", "market": "Nsungwi", "commodity": "Soybeans", "price": 3250.0, "pct_change": 30.0, "zscore": 2.053, "spike_severity": "Moderate" }, "geometry": { "type": "Point", "coordinates": [ 33.46, -13.53 ] } },
{ "type": "Feature", "properties": { "date": "2025-03-15", "region": "Central Region", "district": "Dowa", "market": "Nsungwi", "commodity": "Sugar", "price": 3500.0, "pct_change": 337.5, "zscore": 2.267, "spike_severity": "Severe" }, "geometry": { "type": "Point", "coordinates": [ 33.46, -13.53 ] } },
{ "type": "Feature", "properties": { "date": "2025-06-15", "region": "Central Region", "district": "Dowa", "market": "Nsungwi", "commodity": "Sugar", "price": 5261.67, "pct_change": 26.3, "zscore": 1.763, "spike_severity": "Moderate" }, "geometry": { "type": "Point", "coordinates": [ 33.46, -13.53 ] } },
{ "type": "Feature", "properties": { "date": "2025-03-15", "region": "Central Region", "district": "Dowa", "market": "Nsungwi", "commodity": "Sweet potatoes", "price": 1111.11, "pct_change": 270.37, "zscore": 2.18, "spike_severity": "Severe" }, "geometry": { "type": "Point", "coordinates": [ 33.46, -13.53 ] } },
{ "type": "Feature", "properties": { "date": "2023-01-15", "region": "Northern Region", "district": "Karonga", "market": "Karonga Boma", "commodity": "Beans", "price": 1675.0, "pct_change": 157.69, "zscore": 2.333, "spike_severity": "Severe" }, "geometry": { "type": "Point", "coordinates": [ 33.93, -9.93 ] } },
{ "type": "Feature", "properties": { "date": "2024-01-15", "region": "Northern Region", "district": "Karonga", "market": "Karonga Boma", "commodity": "Beans", "price": 2425.0, "pct_change": 22.78, "zscore": 2.404, "spike_severity": "Moderate" }, "geometry": { "type": "Point", "coordinates": [ 33.93, -9.93 ] } },
{ "type": "Feature", "properties": { "date": "2024-09-15", "region": "Northern Region", "district": "Karonga", "market": "Karonga Boma", "commodity": "Beans", "price": 3281.25, "pct_change": 49.15, "zscore": 2.356, "spike_severity": "Severe" }, "geometry": { "type": "Point", "coordinates": [ 33.93, -9.93 ] } },
{ "type": "Feature", "properties": { "date": "2025-01-15", "region": "Northern Region", "district": "Karonga", "market": "Karonga Boma", "commodity": "Beans", "price": 4600.0, "pct_change": 31.43, "zscore": 2.025, "spike_severity": "Moderate" }, "geometry": { "type": "Point", "coordinates": [ 33.93, -9.93 ] } },
{ "type": "Feature", "properties": { "date": "2025-04-15", "region": "Northern Region", "district": "Karonga", "market": "Karonga Boma", "commodity": "Beans", "price": 6000.0, "pct_change": 31.55, "zscore": 2.027, "spike_severity": "Moderate" }, "geometry": { "type": "Point", "coordinates": [ 33.93, -9.93 ] } },
{ "type": "Feature", "properties": { "date": "2025-09-15", "region": "Northern Region", "district": "Karonga", "market": "Karonga Boma", "commodity": "Beans", "price": 6352.17, "pct_change": 27.04, "zscore": 1.73, "spike_severity": "Moderate" }, "geometry": { "type": "Point", "coordinates": [ 33.93, -9.93 ] } },
{ "type": "Feature", "properties": { "date": "2025-06-15", "region": "Northern Region", "district": "Karonga", "market": "Karonga Boma", "commodity": "Cassava", "price": 2000.0, "pct_change": 566.67, "zscore": 2.462, "spike_severity": "Severe" }, "geometry": { "type": "Point", "coordinates": [ 33.93, -9.93 ] } },
{ "type": "Feature", "properties": { "date": "2023-01-15", "region": "Northern Region", "district": "Karonga", "market": "Karonga Boma", "commodity": "Cowpeas", "price": 1000.0, "pct_change": 46.34, "zscore": 1.918, "spike_severity": "Moderate" }, "geometry": { "type": "Point", "coordinates": [ 33.93, -9.93 ] } },
{ "type": "Feature", "properties": { "date": "2023-12-15", "region": "Northern Region", "district": "Karonga", "market": "Karonga Boma", "commodity": "Cowpeas", "price": 1600.0, "pct_change": 25.49, "zscore": 2.008, "spike_severity": "Moderate" }, "geometry": { "type": "Point", "coordinates": [ 33.93, -9.93 ] } },
{ "type": "Feature", "properties": { "date": "2025-02-15", "region": "Northern Region", "district": "Karonga", "market": "Karonga Boma", "commodity": "Cowpeas", "price": 3000.0, "pct_change": 50.0, "zscore": 2.455, "spike_severity": "Severe" }, "geometry": { "type": "Point", "coordinates": [ 33.93, -9.93 ] } },
{ "type": "Feature", "properties": { "date": "2026-01-15", "region": "Northern Region", "district": "Karonga", "market": "Karonga Boma", "commodity": "Exotic vegetables", "price": 1500.0, "pct_change": 126.42, "zscore": 1.697, "spike_severity": "Moderate" }, "geometry": { "type": "Point", "coordinates": [ 33.93, -9.93 ] } },
{ "type": "Feature", "properties": { "date": "2026-01-15", "region": "Northern Region", "district": "Karonga", "market": "Karonga Boma", "commodity": "Local vegetables", "price": 1200.0, "pct_change": 247.83, "zscore": 1.77, "spike_severity": "Moderate" }, "geometry": { "type": "Point", "coordinates": [ 33.93, -9.93 ] } },
{ "type": "Feature", "properties": { "date": "2022-09-15", "region": "Northern Region", "district": "Karonga", "market": "Karonga Boma", "commodity": "Maize", "price": 346.5, "pct_change": 82.37, "zscore": 2.985, "spike_severity": "Critical" }, "geometry": { "type": "Point", "coordinates": [ 33.93, -9.93 ] } },
{ "type": "Feature", "properties": { "date": "2025-09-15", "region": "Northern Region", "district": "Karonga", "market": "Karonga Boma", "commodity": "Maize", "price": 1150.87, "pct_change": 232.14, "zscore": 3.101, "spike_severity": "Critical" }, "geometry": { "type": "Point", "coordinates": [ 33.93, -9.93 ] } },
{ "type": "Feature", "properties": { "date": "2023-01-15", "region": "Northern Region", "district": "Karonga", "market": "Karonga Boma", "commodity": "Maize (new harvest)", "price": 487.5, "pct_change": 204.69, "zscore": 2.454, "spike_severity": "Severe" }, "geometry": { "type": "Point", "coordinates": [ 33.93, -9.93 ] } },
{ "type": "Feature", "properties": { "date": "2023-02-15", "region": "Northern Region", "district": "Karonga", "market": "Karonga Boma", "commodity": "Maize (new harvest)", "price": 1136.46, "pct_change": 133.12, "zscore": 2.518, "spike_severity": "Critical" }, "geometry": { "type": "Point", "coordinates": [ 33.93, -9.93 ] } },
{ "type": "Feature", "properties": { "date": "2025-01-15", "region": "Northern Region", "district": "Karonga", "market": "Karonga Boma", "commodity": "Maize (new harvest)", "price": 1000.0, "pct_change": 35.14, "zscore": 2.326, "spike_severity": "Moderate" }, "geometry": { "type": "Point", "coordinates": [ 33.93, -9.93 ] } },
{ "type": "Feature", "properties": { "date": "2025-02-15", "region": "Northern Region", "district": "Karonga", "market": "Karonga Boma", "commodity": "Maize (new harvest)", "price": 1225.0, "pct_change": 22.5, "zscore": 2.36, "spike_severity": "Moderate" }, "geometry": { "type": "Point", "coordinates": [ 33.93, -9.93 ] } },
{ "type": "Feature", "properties": { "date": "2025-03-15", "region": "Northern Region", "district": "Karonga", "market": "Karonga Boma", "commodity": "Maize (new harvest)", "price": 1516.67, "pct_change": 23.81, "zscore": 2.314, "spike_severity": "Moderate" }, "geometry": { "type": "Point", "coordinates": [ 33.93, -9.93 ] } },
{ "type": "Feature", "properties": { "date": "2025-05-15", "region": "Northern Region", "district": "Karonga", "market": "Karonga Boma", "commodity": "Millet", "price": 1800.0, "pct_change": 260.0, "zscore": 2.46, "spike_severity": "Severe" }, "geometry": { "type": "Point", "coordinates": [ 33.93, -9.93 ] } },
{ "type": "Feature", "properties": { "date": "2025-08-15", "region": "Northern Region", "district": "Karonga", "market": "Karonga Boma", "commodity": "Millet", "price": 3000.0, "pct_change": 66.67, "zscore": 2.321, "spike_severity": "Severe" }, "geometry": { "type": "Point", "coordinates": [ 33.93, -9.93 ] } },
{ "type": "Feature", "properties": { "date": "2025-03-15", "region": "Northern Region", "district": "Karonga", "market": "Karonga Boma", "commodity": "Oil (vegetable)", "price": 8000.0, "pct_change": 433.33, "zscore": 2.471, "spike_severity": "Severe" }, "geometry": { "type": "Point", "coordinates": [ 33.93, -9.93 ] } },
{ "type": "Feature", "properties": { "date": "2023-11-15", "region": "Northern Region", "district": "Karonga", "market": "Karonga Boma", "commodity": "Pigeon peas", "price": 950.0, "pct_change": 245.45, "zscore": 1.882, "spike_severity": "Moderate" }, "geometry": { "type": "Point", "coordinates": [ 33.93, -9.93 ] } },
{ "type": "Feature", "properties": { "date": "2023-12-15", "region": "Northern Region", "district": "Karonga", "market": "Karonga Boma", "commodity": "Pigeon peas", "price": 1400.0, "pct_change": 47.37, "zscore": 1.925, "spike_severity": "Moderate" }, "geometry": { "type": "Point", "coordinates": [ 33.93, -9.93 ] } },
{ "type": "Feature", "properties": { "date": "2024-01-15", "region": "Northern Region", "district": "Karonga", "market": "Karonga Boma", "commodity": "Pigeon peas", "price": 1700.0, "pct_change": 21.43, "zscore": 1.775, "spike_severity": "Moderate" }, "geometry": { "type": "Point", "coordinates": [ 33.93, -9.93 ] } },
{ "type": "Feature", "properties": { "date": "2025-01-15", "region": "Northern Region", "district": "Karonga", "market": "Karonga Boma", "commodity": "Pigeon peas", "price": 3000.0, "pct_change": 50.0, "zscore": 1.917, "spike_severity": "Moderate" }, "geometry": { "type": "Point", "coordinates": [ 33.93, -9.93 ] } },
{ "type": "Feature", "properties": { "date": "2026-02-15", "region": "Northern Region", "district": "Karonga", "market": "Karonga Boma", "commodity": "Pigeon peas", "price": 3750.0, "pct_change": 25.0, "zscore": 2.121, "spike_severity": "Moderate" }, "geometry": { "type": "Point", "coordinates": [ 33.93, -9.93 ] } },
{ "type": "Feature", "properties": { "date": "2025-04-15", "region": "Northern Region", "district": "Karonga", "market": "Karonga Boma", "commodity": "Rice", "price": 2500.0, "pct_change": 284.62, "zscore": 2.652, "spike_severity": "Critical" }, "geometry": { "type": "Point", "coordinates": [ 33.93, -9.93 ] } },
{ "type": "Feature", "properties": { "date": "2025-09-15", "region": "Northern Region", "district": "Karonga", "market": "Karonga Boma", "commodity": "Rice", "price": 3250.0, "pct_change": 30.0, "zscore": 2.015, "spike_severity": "Moderate" }, "geometry": { "type": "Point", "coordinates": [ 33.93, -9.93 ] } },
{ "type": "Feature", "properties": { "date": "2026-02-15", "region": "Northern Region", "district": "Karonga", "market": "Karonga Boma", "commodity": "Soybeans", "price": 4500.0, "pct_change": 28.57, "zscore": 2.143, "spike_severity": "Moderate" }, "geometry": { "type": "Point", "coordinates": [ 33.93, -9.93 ] } },
{ "type": "Feature", "properties": { "date": "2025-03-15", "region": "Northern Region", "district": "Karonga", "market": "Karonga Boma", "commodity": "Sugar", "price": 3500.0, "pct_change": 337.5, "zscore": 2.473, "spike_severity": "Severe" }, "geometry": { "type": "Point", "coordinates": [ 33.93, -9.93 ] } },
{ "type": "Feature", "properties": { "date": "2025-05-15", "region": "Northern Region", "district": "Karonga", "market": "Karonga Boma", "commodity": "Sugar", "price": 4514.52, "pct_change": 26.46, "zscore": 1.865, "spike_severity": "Moderate" }, "geometry": { "type": "Point", "coordinates": [ 33.93, -9.93 ] } },
{ "type": "Feature", "properties": { "date": "2025-04-15", "region": "Northern Region", "district": "Karonga", "market": "Karonga Boma", "commodity": "Sweet potatoes", "price": 875.0, "pct_change": 337.5, "zscore": 2.391, "spike_severity": "Severe" }, "geometry": { "type": "Point", "coordinates": [ 33.93, -9.93 ] } },
{ "type": "Feature", "properties": { "date": "2025-10-15", "region": "Northern Region", "district": "Karonga", "market": "Karonga Boma", "commodity": "Sweet potatoes", "price": 1111.0, "pct_change": 33.37, "zscore": 1.894, "spike_severity": "Moderate" }, "geometry": { "type": "Point", "coordinates": [ 33.93, -9.93 ] } },
{ "type": "Feature", "properties": { "date": "2023-01-15", "region": "Northern Region", "district": "Karonga", "market": "Uliwa", "commodity": "Beans", "price": 1650.0, "pct_change": 83.33, "zscore": 3.084, "spike_severity": "Critical" }, "geometry": { "type": "Point", "coordinates": [ 34.21, -10.45 ] } },
{ "type": "Feature", "properties": { "date": "2024-09-15", "region": "Northern Region", "district": "Karonga", "market": "Uliwa", "commodity": "Beans", "price": 3468.75, "pct_change": 73.44, "zscore": 2.922, "spike_severity": "Critical" }, "geometry": { "type": "Point", "coordinates": [ 34.21, -10.45 ] } },
{ "type": "Feature", "properties": { "date": "2025-01-15", "region": "Northern Region", "district": "Karonga", "market": "Uliwa", "commodity": "Beans", "price": 4250.0, "pct_change": 21.43, "zscore": 1.804, "spike_severity": "Moderate" }, "geometry": { "type": "Point", "coordinates": [ 34.21, -10.45 ] } },
{ "type": "Feature", "properties": { "date": "2025-05-15", "region": "Northern Region", "district": "Karonga", "market": "Uliwa", "commodity": "Beans", "price": 6000.0, "pct_change": 27.81, "zscore": 2.065, "spike_severity": "Moderate" }, "geometry": { "type": "Point", "coordinates": [ 34.21, -10.45 ] } },
{ "type": "Feature", "properties": { "date": "2025-09-15", "region": "Northern Region", "district": "Karonga", "market": "Uliwa", "commodity": "Cassava", "price": 2800.0, "pct_change": 646.67, "zscore": 2.258, "spike_severity": "Severe" }, "geometry": { "type": "Point", "coordinates": [ 34.21, -10.45 ] } },
{ "type": "Feature", "properties": { "date": "2025-11-15", "region": "Northern Region", "district": "Karonga", "market": "Uliwa", "commodity": "Cassava", "price": 4000.0, "pct_change": 100.0, "zscore": 2.036, "spike_severity": "Severe" }, "geometry": { "type": "Point", "coordinates": [ 34.21, -10.45 ] } },
{ "type": "Feature", "properties": { "date": "2023-04-15", "region": "Northern Region", "district": "Karonga", "market": "Uliwa", "commodity": "Cowpeas", "price": 900.0, "pct_change": 50.0, "zscore": 1.984, "spike_severity": "Moderate" }, "geometry": { "type": "Point", "coordinates": [ 34.21, -10.45 ] } },
{ "type": "Feature", "properties": { "date": "2023-10-15", "region": "Northern Region", "district": "Karonga", "market": "Uliwa", "commodity": "Cowpeas", "price": 1200.0, "pct_change": 33.33, "zscore": 2.515, "spike_severity": "Moderate" }, "geometry": { "type": "Point", "coordinates": [ 34.21, -10.45 ] } },
{ "type": "Feature", "properties": { "date": "2023-12-15", "region": "Northern Region", "district": "Karonga", "market": "Uliwa", "commodity": "Cowpeas", "price": 1525.0, "pct_change": 27.08, "zscore": 2.471, "spike_severity": "Moderate" }, "geometry": { "type": "Point", "coordinates": [ 34.21, -10.45 ] } },
{ "type": "Feature", "properties": { "date": "2025-09-15", "region": "Northern Region", "district": "Karonga", "market": "Uliwa", "commodity": "Cowpeas", "price": 4500.0, "pct_change": 155.15, "zscore": 2.934, "spike_severity": "Critical" }, "geometry": { "type": "Point", "coordinates": [ 34.21, -10.45 ] } },
{ "type": "Feature", "properties": { "date": "2026-02-15", "region": "Northern Region", "district": "Karonga", "market": "Uliwa", "commodity": "Groundnuts (shelled)", "price": 9000.0, "pct_change": 50.0, "zscore": 2.243, "spike_severity": "Severe" }, "geometry": { "type": "Point", "coordinates": [ 34.21, -10.45 ] } },
{ "type": "Feature", "properties": { "date": "2022-09-15", "region": "Northern Region", "district": "Karonga", "market": "Uliwa", "commodity": "Maize", "price": 332.5, "pct_change": 84.72, "zscore": 2.951, "spike_severity": "Critical" }, "geometry": { "type": "Point", "coordinates": [ 34.21, -10.45 ] } },
{ "type": "Feature", "properties": { "date": "2025-09-15", "region": "Northern Region", "district": "Karonga", "market": "Uliwa", "commodity": "Maize", "price": 1226.09, "pct_change": 268.75, "zscore": 3.124, "spike_severity": "Critical" }, "geometry": { "type": "Point", "coordinates": [ 34.21, -10.45 ] } },
{ "type": "Feature", "properties": { "date": "2023-01-15", "region": "Northern Region", "district": "Karonga", "market": "Uliwa", "commodity": "Maize (new harvest)", "price": 490.0, "pct_change": 292.0, "zscore": 2.236, "spike_severity": "Severe" }, "geometry": { "type": "Point", "coordinates": [ 34.21, -10.45 ] } },
{ "type": "Feature", "properties": { "date": "2023-04-15", "region": "Northern Region", "district": "Karonga", "market": "Uliwa", "commodity": "Maize (new harvest)", "price": 687.5, "pct_change": 40.31, "zscore": 1.918, "spike_severity": "Moderate" }, "geometry": { "type": "Point", "coordinates": [ 34.21, -10.45 ] } },
{ "type": "Feature", "properties": { "date": "2024-09-15", "region": "Northern Region", "district": "Karonga", "market": "Uliwa", "commodity": "Maize (new harvest)", "price": 733.44, "pct_change": 22.24, "zscore": 1.601, "spike_severity": "Moderate" }, "geometry": { "type": "Point", "coordinates": [ 34.21, -10.45 ] } },
{ "type": "Feature", "properties": { "date": "2025-01-15", "region": "Northern Region", "district": "Karonga", "market": "Uliwa", "commodity": "Maize (new harvest)", "price": 1150.0, "pct_change": 50.33, "zscore": 2.83, "spike_severity": "Severe" }, "geometry": { "type": "Point", "coordinates": [ 34.21, -10.45 ] } },
{ "type": "Feature", "properties": { "date": "2025-05-15", "region": "Northern Region", "district": "Karonga", "market": "Uliwa", "commodity": "Millet", "price": 2000.0, "pct_change": 207.69, "zscore": 2.225, "spike_severity": "Severe" }, "geometry": { "type": "Point", "coordinates": [ 34.21, -10.45 ] } },
{ "type": "Feature", "properties": { "date": "2025-08-15", "region": "Northern Region", "district": "Karonga", "market": "Uliwa", "commodity": "Millet", "price": 3000.0, "pct_change": 50.0, "zscore": 1.971, "spike_severity": "Moderate" }, "geometry": { "type": "Point", "coordinates": [ 34.21, -10.45 ] } },
{ "type": "Feature", "properties": { "date": "2025-11-15", "region": "Northern Region", "district": "Karonga", "market": "Uliwa", "commodity": "Millet", "price": 5000.0, "pct_change": 150.0, "zscore": 2.384, "spike_severity": "Severe" }, "geometry": { "type": "Point", "coordinates": [ 34.21, -10.45 ] } },
{ "type": "Feature", "properties": { "date": "2025-03-15", "region": "Northern Region", "district": "Karonga", "market": "Uliwa", "commodity": "Oil (vegetable)", "price": 7500.0, "pct_change": 316.67, "zscore": 2.257, "spike_severity": "Severe" }, "geometry": { "type": "Point", "coordinates": [ 34.21, -10.45 ] } },
{ "type": "Feature", "properties": { "date": "2023-12-15", "region": "Northern Region", "district": "Karonga", "market": "Uliwa", "commodity": "Pigeon peas", "price": 1475.0, "pct_change": 40.48, "zscore": 1.58, "spike_severity": "Moderate" }, "geometry": { "type": "Point", "coordinates": [ 34.21, -10.45 ] } },
{ "type": "Feature", "properties": { "date": "2025-10-15", "region": "Northern Region", "district": "Karonga", "market": "Uliwa", "commodity": "Pigeon peas", "price": 3500.0, "pct_change": 66.67, "zscore": 2.181, "spike_severity": "Severe" }, "geometry": { "type": "Point", "coordinates": [ 34.21, -10.45 ] } },
{ "type": "Feature", "properties": { "date": "2026-02-15", "region": "Northern Region", "district": "Karonga", "market": "Uliwa", "commodity": "Pigeon peas", "price": 4500.0, "pct_change": 28.57, "zscore": 1.931, "spike_severity": "Moderate" }, "geometry": { "type": "Point", "coordinates": [ 34.21, -10.45 ] } },
{ "type": "Feature", "properties": { "date": "2025-06-15", "region": "Northern Region", "district": "Karonga", "market": "Uliwa", "commodity": "Rice", "price": 3500.0, "pct_change": 636.84, "zscore": 2.264, "spike_severity": "Severe" }, "geometry": { "type": "Point", "coordinates": [ 34.21, -10.45 ] } },
{ "type": "Feature", "properties": { "date": "2025-09-15", "region": "Northern Region", "district": "Karonga", "market": "Uliwa", "commodity": "Rice", "price": 3750.0, "pct_change": 25.0, "zscore": 1.546, "spike_severity": "Moderate" }, "geometry": { "type": "Point", "coordinates": [ 34.21, -10.45 ] } },
{ "type": "Feature", "properties": { "date": "2025-11-15", "region": "Northern Region", "district": "Karonga", "market": "Uliwa", "commodity": "Soybeans", "price": 4625.0, "pct_change": 23.33, "zscore": 1.642, "spike_severity": "Moderate" }, "geometry": { "type": "Point", "coordinates": [ 34.21, -10.45 ] } },
{ "type": "Feature", "properties": { "date": "2025-03-15", "region": "Northern Region", "district": "Karonga", "market": "Uliwa", "commodity": "Sugar", "price": 3500.0, "pct_change": 337.5, "zscore": 2.268, "spike_severity": "Severe" }, "geometry": { "type": "Point", "coordinates": [ 34.21, -10.45 ] } },
{ "type": "Feature", "properties": { "date": "2025-06-15", "region": "Northern Region", "district": "Karonga", "market": "Uliwa", "commodity": "Sugar", "price": 5466.67, "pct_change": 30.61, "zscore": 1.81, "spike_severity": "Moderate" }, "geometry": { "type": "Point", "coordinates": [ 34.21, -10.45 ] } },
{ "type": "Feature", "properties": { "date": "2025-03-15", "region": "Northern Region", "district": "Karonga", "market": "Uliwa", "commodity": "Sweet potatoes", "price": 833.33, "pct_change": 316.67, "zscore": 1.918, "spike_severity": "Moderate" }, "geometry": { "type": "Point", "coordinates": [ 34.21, -10.45 ] } },
{ "type": "Feature", "properties": { "date": "2025-10-15", "region": "Northern Region", "district": "Karonga", "market": "Uliwa", "commodity": "Sweet potatoes", "price": 1111.0, "pct_change": 33.37, "zscore": 1.869, "spike_severity": "Moderate" }, "geometry": { "type": "Point", "coordinates": [ 34.21, -10.45 ] } },
{ "type": "Feature", "properties": { "date": "2023-01-15", "region": "Central Region", "district": "Kasungu", "market": "Kasungu Boma", "commodity": "Beans", "price": 1800.0, "pct_change": 56.52, "zscore": 1.776, "spike_severity": "Moderate" }, "geometry": { "type": "Point", "coordinates": [ 33.48, -13.03 ] } },
{ "type": "Feature", "properties": { "date": "2023-10-15", "region": "Central Region", "district": "Kasungu", "market": "Kasungu Boma", "commodity": "Beans", "price": 1950.0, "pct_change": 21.88, "zscore": 1.809, "spike_severity": "Moderate" }, "geometry": { "type": "Point", "coordinates": [ 33.48, -13.03 ] } },
{ "type": "Feature", "properties": { "date": "2023-11-15", "region": "Central Region", "district": "Kasungu", "market": "Kasungu Boma", "commodity": "Beans", "price": 2450.0, "pct_change": 25.64, "zscore": 2.364, "spike_severity": "Moderate" }, "geometry": { "type": "Point", "coordinates": [ 33.48, -13.03 ] } },
{ "type": "Feature", "properties": { "date": "2025-02-15", "region": "Central Region", "district": "Kasungu", "market": "Kasungu Boma", "commodity": "Beans", "price": 5631.58, "pct_change": 40.79, "zscore": 2.432, "spike_severity": "Severe" }, "geometry": { "type": "Point", "coordinates": [ 33.48, -13.03 ] } },
{ "type": "Feature", "properties": { "date": "2025-09-15", "region": "Central Region", "district": "Kasungu", "market": "Kasungu Boma", "commodity": "Beans", "price": 7218.75, "pct_change": 28.77, "zscore": 1.828, "spike_severity": "Moderate" }, "geometry": { "type": "Point", "coordinates": [ 33.48, -13.03 ] } },
{ "type": "Feature", "properties": { "date": "2025-09-15", "region": "Central Region", "district": "Kasungu", "market": "Kasungu Boma", "commodity": "Cassava", "price": 2500.0, "pct_change": 2400.0, "zscore": 1.5, "spike_severity": "Moderate" }, "geometry": { "type": "Point", "coordinates": [ 33.48, -13.03 ] } },
{ "type": "Feature", "properties": { "date": "2023-01-15", "region": "Central Region", "district": "Kasungu", "market": "Kasungu Boma", "commodity": "Cowpeas", "price": 1000.0, "pct_change": 60.0, "zscore": 2.178, "spike_severity": "Severe" }, "geometry": { "type": "Point", "coordinates": [ 33.48, -13.03 ] } },
{ "type": "Feature", "properties": { "date": "2024-02-15", "region": "Central Region", "district": "Kasungu", "market": "Kasungu Boma", "commodity": "Cowpeas", "price": 1909.09, "pct_change": 21.21, "zscore": 1.967, "spike_severity": "Moderate" }, "geometry": { "type": "Point", "coordinates": [ 33.48, -13.03 ] } },
{ "type": "Feature", "properties": { "date": "2024-09-15", "region": "Central Region", "district": "Kasungu", "market": "Kasungu Boma", "commodity": "Cowpeas", "price": 2487.5, "pct_change": 55.47, "zscore": 2.485, "spike_severity": "Severe" }, "geometry": { "type": "Point", "coordinates": [ 33.48, -13.03 ] } },
{ "type": "Feature", "properties": { "date": "2025-02-15", "region": "Central Region", "district": "Kasungu", "market": "Kasungu Boma", "commodity": "Cowpeas", "price": 3631.58, "pct_change": 48.23, "zscore": 2.377, "spike_severity": "Severe" }, "geometry": { "type": "Point", "coordinates": [ 33.48, -13.03 ] } },
{ "type": "Feature", "properties": { "date": "2025-09-15", "region": "Central Region", "district": "Kasungu", "market": "Kasungu Boma", "commodity": "Groundnuts (shelled)", "price": 7000.0, "pct_change": 33.33, "zscore": 1.704, "spike_severity": "Moderate" }, "geometry": { "type": "Point", "coordinates": [ 33.48, -13.03 ] } },
{ "type": "Feature", "properties": { "date": "2026-01-15", "region": "Central Region", "district": "Kasungu", "market": "Kasungu Boma", "commodity": "Local vegetables", "price": 1200.0, "pct_change": 140.0, "zscore": 1.693, "spike_severity": "Moderate" }, "geometry": { "type": "Point", "coordinates": [ 33.48, -13.03 ] } },
{ "type": "Feature", "properties": { "date": "2022-09-15", "region": "Central Region", "district": "Kasungu", "market": "Kasungu Boma", "commodity": "Maize", "price": 303.5, "pct_change": 89.69, "zscore": 2.976, "spike_severity": "Critical" }, "geometry": { "type": "Point", "coordinates": [ 33.48, -13.03 ] } },
{ "type": "Feature", "properties": { "date": "2025-04-15", "region": "Central Region", "district": "Kasungu", "market": "Kasungu Boma", "commodity": "Maize", "price": 1264.58, "pct_change": 316.67, "zscore": 3.135, "spike_severity": "Critical" }, "geometry": { "type": "Point", "coordinates": [ 33.48, -13.03 ] } },
{ "type": "Feature", "properties": { "date": "2023-01-15", "region": "Central Region", "district": "Kasungu", "market": "Kasungu Boma", "commodity": "Maize (new harvest)", "price": 450.0, "pct_change": 210.34, "zscore": 2.259, "spike_severity": "Severe" }, "geometry": { "type": "Point", "coordinates": [ 33.48, -13.03 ] } },
{ "type": "Feature", "properties": { "date": "2025-02-15", "region": "Central Region", "district": "Kasungu", "market": "Kasungu Boma", "commodity": "Maize (new harvest)", "price": 1352.63, "pct_change": 103.4, "zscore": 2.808, "spike_severity": "Critical" }, "geometry": { "type": "Point", "coordinates": [ 33.48, -13.03 ] } },
{ "type": "Feature", "properties": { "date": "2025-06-15", "region": "Central Region", "district": "Kasungu", "market": "Kasungu Boma", "commodity": "Millet", "price": 3000.0, "pct_change": 566.67, "zscore": 2.263, "spike_severity": "Severe" }, "geometry": { "type": "Point", "coordinates": [ 33.48, -13.03 ] } },
{ "type": "Feature", "properties": { "date": "2025-10-15", "region": "Central Region", "district": "Kasungu", "market": "Kasungu Boma", "commodity": "Millet", "price": 4520.83, "pct_change": 50.69, "zscore": 2.038, "spike_severity": "Severe" }, "geometry": { "type": "Point", "coordinates": [ 33.48, -13.03 ] } },
{ "type": "Feature", "properties": { "date": "2025-04-15", "region": "Central Region", "district": "Kasungu", "market": "Kasungu Boma", "commodity": "Oil (vegetable)", "price": 8197.92, "pct_change": 662.6, "zscore": 2.267, "spike_severity": "Severe" }, "geometry": { "type": "Point", "coordinates": [ 33.48, -13.03 ] } },
{ "type": "Feature", "properties": { "date": "2025-02-15", "region": "Central Region", "district": "Kasungu", "market": "Kasungu Boma", "commodity": "Pigeon peas", "price": 5000.0, "pct_change": 169.61, "zscore": 1.944, "spike_severity": "Moderate" }, "geometry": { "type": "Point", "coordinates": [ 33.48, -13.03 ] } },
{ "type": "Feature", "properties": { "date": "2025-04-15", "region": "Central Region", "district": "Kasungu", "market": "Kasungu Boma", "commodity": "Rice", "price": 5700.0, "pct_change": 714.29, "zscore": 2.267, "spike_severity": "Severe" }, "geometry": { "type": "Point", "coordinates": [ 33.48, -13.03 ] } },
{ "type": "Feature", "properties": { "date": "2025-04-15", "region": "Central Region", "district": "Kasungu", "market": "Kasungu Boma", "commodity": "Sugar", "price": 3558.33, "pct_change": 318.63, "zscore": 2.268, "spike_severity": "Severe" }, "geometry": { "type": "Point", "coordinates": [ 33.48, -13.03 ] } },
{ "type": "Feature", "properties": { "date": "2025-05-15", "region": "Central Region", "district": "Kasungu", "market": "Kasungu Boma", "commodity": "Sugar", "price": 4661.29, "pct_change": 31.0, "zscore": 1.949, "spike_severity": "Moderate" }, "geometry": { "type": "Point", "coordinates": [ 33.48, -13.03 ] } },
{ "type": "Feature", "properties": { "date": "2025-04-15", "region": "Central Region", "district": "Kasungu", "market": "Kasungu Boma", "commodity": "Sweet potatoes", "price": 833.33, "pct_change": 177.78, "zscore": 2.22, "spike_severity": "Severe" }, "geometry": { "type": "Point", "coordinates": [ 33.48, -13.03 ] } },
{ "type": "Feature", "properties": { "date": "2025-08-15", "region": "Central Region", "district": "Kasungu", "market": "Kasungu Boma", "commodity": "Sweet potatoes", "price": 833.33, "pct_change": 50.0, "zscore": 1.598, "spike_severity": "Moderate" }, "geometry": { "type": "Point", "coordinates": [ 33.48, -13.03 ] } },
{ "type": "Feature", "properties": { "date": "2025-10-15", "region": "Central Region", "district": "Kasungu", "market": "Kasungu Boma", "commodity": "Sweet potatoes", "price": 1111.0, "pct_change": 99.82, "zscore": 2.048, "spike_severity": "Severe" }, "geometry": { "type": "Point", "coordinates": [ 33.48, -13.03 ] } },
{ "type": "Feature", "properties": { "date": "2026-01-15", "region": "Central Region", "district": "Kasungu", "market": "Kasungu Boma", "commodity": "Sweet potatoes", "price": 1111.0, "pct_change": 33.29, "zscore": 1.555, "spike_severity": "Moderate" }, "geometry": { "type": "Point", "coordinates": [ 33.48, -13.03 ] } },
{ "type": "Feature", "properties": { "date": "2023-12-15", "region": "Central Region", "district": "Kasungu", "market": "Nkhamenya", "commodity": "Beans", "price": 2400.0, "pct_change": 33.33, "zscore": 2.232, "spike_severity": "Moderate" }, "geometry": { "type": "Point", "coordinates": [ 33.52, -12.57 ] } },
{ "type": "Feature", "properties": { "date": "2024-02-15", "region": "Central Region", "district": "Kasungu", "market": "Nkhamenya", "commodity": "Beans", "price": 3500.0, "pct_change": 28.79, "zscore": 2.296, "spike_severity": "Moderate" }, "geometry": { "type": "Point", "coordinates": [ 33.52, -12.57 ] } },
{ "type": "Feature", "properties": { "date": "2024-10-15", "region": "Central Region", "district": "Kasungu", "market": "Nkhamenya", "commodity": "Beans", "price": 3500.0, "pct_change": 21.21, "zscore": 1.65, "spike_severity": "Moderate" }, "geometry": { "type": "Point", "coordinates": [ 33.52, -12.57 ] } },
{ "type": "Feature", "properties": { "date": "2025-02-15", "region": "Central Region", "district": "Kasungu", "market": "Nkhamenya", "commodity": "Beans", "price": 5041.67, "pct_change": 44.05, "zscore": 2.357, "spike_severity": "Severe" }, "geometry": { "type": "Point", "coordinates": [ 33.52, -12.57 ] } },
{ "type": "Feature", "properties": { "date": "2025-09-15", "region": "Central Region", "district": "Kasungu", "market": "Nkhamenya", "commodity": "Cassava", "price": 2000.0, "pct_change": 1233.33, "zscore": 1.789, "spike_severity": "Moderate" }, "geometry": { "type": "Point", "coordinates": [ 33.52, -12.57 ] } },
{ "type": "Feature", "properties": { "date": "2023-06-15", "region": "Central Region", "district": "Kasungu", "market": "Nkhamenya", "commodity": "Cowpeas", "price": 1000.0, "pct_change": 90.48, "zscore": 1.789, "spike_severity": "Moderate" }, "geometry": { "type": "Point", "coordinates": [ 33.52, -12.57 ] } },
{ "type": "Feature", "properties": { "date": "2023-09-15", "region": "Central Region", "district": "Kasungu", "market": "Nkhamenya", "commodity": "Cowpeas", "price": 1200.0, "pct_change": 71.43, "zscore": 1.752, "spike_severity": "Moderate" }, "geometry": { "type": "Point", "coordinates": [ 33.52, -12.57 ] } },
{ "type": "Feature", "properties": { "date": "2023-12-15", "region": "Central Region", "district": "Kasungu", "market": "Nkhamenya", "commodity": "Cowpeas", "price": 1700.0, "pct_change": 54.55, "zscore": 1.872, "spike_severity": "Moderate" }, "geometry": { "type": "Point", "coordinates": [ 33.52, -12.57 ] } },
{ "type": "Feature", "properties": { "date": "2025-02-15", "region": "Central Region", "district": "Kasungu", "market": "Nkhamenya", "commodity": "Cowpeas", "price": 3500.0, "pct_change": 75.0, "zscore": 2.462, "spike_severity": "Severe" }, "geometry": { "type": "Point", "coordinates": [ 33.52, -12.57 ] } },
{ "type": "Feature", "properties": { "date": "2025-11-15", "region": "Central Region", "district": "Kasungu", "market": "Nkhamenya", "commodity": "Groundnuts (shelled)", "price": 10000.0, "pct_change": 42.86, "zscore": 2.098, "spike_severity": "Severe" }, "geometry": { "type": "Point", "coordinates": [ 33.52, -12.57 ] } },
{ "type": "Feature", "properties": { "date": "2026-03-15", "region": "Central Region", "district": "Kasungu", "market": "Nkhamenya", "commodity": "Groundnuts (shelled)", "price": 12000.0, "pct_change": 50.0, "zscore": 1.881, "spike_severity": "Moderate" }, "geometry": { "type": "Point", "coordinates": [ 33.52, -12.57 ] } },
{ "type": "Feature", "properties": { "date": "2022-08-15", "region": "Central Region", "district": "Kasungu", "market": "Nkhamenya", "commodity": "Maize", "price": 250.0, "pct_change": 47.06, "zscore": 2.361, "spike_severity": "Severe" }, "geometry": { "type": "Point", "coordinates": [ 33.52, -12.57 ] } },
{ "type": "Feature", "properties": { "date": "2025-04-15", "region": "Central Region", "district": "Kasungu", "market": "Nkhamenya", "commodity": "Maize", "price": 1330.0, "pct_change": 383.64, "zscore": 3.134, "spike_severity": "Critical" }, "geometry": { "type": "Point", "coordinates": [ 33.52, -12.57 ] } },
{ "type": "Feature", "properties": { "date": "2025-09-15", "region": "Central Region", "district": "Kasungu", "market": "Nkhamenya", "commodity": "Maize", "price": 1143.48, "pct_change": 89.15, "zscore": 1.797, "spike_severity": "Moderate" }, "geometry": { "type": "Point", "coordinates": [ 33.52, -12.57 ] } },
{ "type": "Feature", "properties": { "date": "2023-04-15", "region": "Central Region", "district": "Kasungu", "market": "Nkhamenya", "commodity": "Maize (new harvest)", "price": 375.0, "pct_change": 212.5, "zscore": 2.232, "spike_severity": "Severe" }, "geometry": { "type": "Point", "coordinates": [ 33.52, -12.57 ] } },
{ "type": "Feature", "properties": { "date": "2025-02-15", "region": "Central Region", "district": "Kasungu", "market": "Nkhamenya", "commodity": "Maize (new harvest)", "price": 1381.25, "pct_change": 104.63, "zscore": 2.866, "spike_severity": "Critical" }, "geometry": { "type": "Point", "coordinates": [ 33.52, -12.57 ] } },
{ "type": "Feature", "properties": { "date": "2025-03-15", "region": "Central Region", "district": "Kasungu", "market": "Nkhamenya", "commodity": "Maize (new harvest)", "price": 1677.78, "pct_change": 21.47, "zscore": 2.439, "spike_severity": "Moderate" }, "geometry": { "type": "Point", "coordinates": [ 33.52, -12.57 ] } },
{ "type": "Feature", "properties": { "date": "2025-10-15", "region": "Central Region", "district": "Kasungu", "market": "Nkhamenya", "commodity": "Millet", "price": 2300.0, "pct_change": 411.11, "zscore": 1.5, "spike_severity": "Moderate" }, "geometry": { "type": "Point", "coordinates": [ 33.52, -12.57 ] } },
{ "type": "Feature", "properties": { "date": "2025-04-15", "region": "Central Region", "district": "Kasungu", "market": "Nkhamenya", "commodity": "Oil (vegetable)", "price": 7975.0, "pct_change": 578.72, "zscore": 2.267, "spike_severity": "Severe" }, "geometry": { "type": "Point", "coordinates": [ 33.52, -12.57 ] } },
{ "type": "Feature", "properties": { "date": "2024-01-15", "region": "Central Region", "district": "Kasungu", "market": "Nkhamenya", "commodity": "Pigeon peas", "price": 1600.0, "pct_change": 255.56, "zscore": 1.789, "spike_severity": "Moderate" }, "geometry": { "type": "Point", "coordinates": [ 33.52, -12.57 ] } },
{ "type": "Feature", "properties": { "date": "2024-02-15", "region": "Central Region", "district": "Kasungu", "market": "Nkhamenya", "commodity": "Pigeon peas", "price": 2000.0, "pct_change": 25.0, "zscore": 1.553, "spike_severity": "Moderate" }, "geometry": { "type": "Point", "coordinates": [ 33.52, -12.57 ] } },
{ "type": "Feature", "properties": { "date": "2025-02-15", "region": "Central Region", "district": "Kasungu", "market": "Nkhamenya", "commodity": "Pigeon peas", "price": 3000.0, "pct_change": 50.0, "zscore": 1.758, "spike_severity": "Moderate" }, "geometry": { "type": "Point", "coordinates": [ 33.52, -12.57 ] } },
{ "type": "Feature", "properties": { "date": "2026-01-15", "region": "Central Region", "district": "Kasungu", "market": "Nkhamenya", "commodity": "Pigeon peas", "price": 4111.11, "pct_change": 37.04, "zscore": 1.598, "spike_severity": "Moderate" }, "geometry": { "type": "Point", "coordinates": [ 33.52, -12.57 ] } },
{ "type": "Feature", "properties": { "date": "2026-02-15", "region": "Central Region", "district": "Kasungu", "market": "Nkhamenya", "commodity": "Pigeon peas", "price": 4937.5, "pct_change": 20.1, "zscore": 1.766, "spike_severity": "Moderate" }, "geometry": { "type": "Point", "coordinates": [ 33.52, -12.57 ] } },
{ "type": "Feature", "properties": { "date": "2025-04-15", "region": "Central Region", "district": "Kasungu", "market": "Nkhamenya", "commodity": "Rice", "price": 5000.0, "pct_change": 589.66, "zscore": 2.474, "spike_severity": "Severe" }, "geometry": { "type": "Point", "coordinates": [ 33.52, -12.57 ] } },
{ "type": "Feature", "properties": { "date": "2026-02-15", "region": "Central Region", "district": "Kasungu", "market": "Nkhamenya", "commodity": "Soybeans", "price": 4000.0, "pct_change": 33.33, "zscore": 1.824, "spike_severity": "Moderate" }, "geometry": { "type": "Point", "coordinates": [ 33.52, -12.57 ] } },
{ "type": "Feature", "properties": { "date": "2025-04-15", "region": "Central Region", "district": "Kasungu", "market": "Nkhamenya", "commodity": "Sugar", "price": 3780.0, "pct_change": 320.0, "zscore": 2.268, "spike_severity": "Severe" }, "geometry": { "type": "Point", "coordinates": [ 33.52, -12.57 ] } },
{ "type": "Feature", "properties": { "date": "2025-05-15", "region": "Central Region", "district": "Kasungu", "market": "Nkhamenya", "commodity": "Sugar", "price": 4683.87, "pct_change": 23.91, "zscore": 1.89, "spike_severity": "Moderate" }, "geometry": { "type": "Point", "coordinates": [ 33.52, -12.57 ] } },
{ "type": "Feature", "properties": { "date": "2025-04-15", "region": "Central Region", "district": "Kasungu", "market": "Nkhamenya", "commodity": "Sweet potatoes", "price": 1111.11, "pct_change": 270.37, "zscore": 2.268, "spike_severity": "Severe" }, "geometry": { "type": "Point", "coordinates": [ 33.52, -12.57 ] } },
{ "type": "Feature", "properties": { "date": "2025-10-15", "region": "Central Region", "district": "Kasungu", "market": "Nkhamenya", "commodity": "Sweet potatoes", "price": 1111.0, "pct_change": 99.82, "zscore": 1.89, "spike_severity": "Moderate" }, "geometry": { "type": "Point", "coordinates": [ 33.52, -12.57 ] } },
{ "type": "Feature", "properties": { "date": "2026-01-15", "region": "Central Region", "district": "Kasungu", "market": "Nkhamenya", "commodity": "Tomatoes", "price": 3000.0, "pct_change": 133.1, "zscore": 1.755, "spike_severity": "Moderate" }, "geometry": { "type": "Point", "coordinates": [ 33.52, -12.57 ] } },
{ "type": "Feature", "properties": { "date": "2023-11-15", "region": "Central Region", "district": "Lilongwe", "market": "Area 23", "commodity": "Beans", "price": 2000.0, "pct_change": 100.0, "zscore": 2.345, "spike_severity": "Severe" }, "geometry": { "type": "Point", "coordinates": [ 33.49, -14.03 ] } },
{ "type": "Feature", "properties": { "date": "2024-01-15", "region": "Central Region", "district": "Lilongwe", "market": "Area 23", "commodity": "Beans", "price": 2835.29, "pct_change": 23.27, "zscore": 1.985, "spike_severity": "Moderate" }, "geometry": { "type": "Point", "coordinates": [ 33.49, -14.03 ] } },
{ "type": "Feature", "properties": { "date": "2025-02-15", "region": "Central Region", "district": "Lilongwe", "market": "Area 23", "commodity": "Beans", "price": 6000.0, "pct_change": 80.82, "zscore": 2.618, "spike_severity": "Critical" }, "geometry": { "type": "Point", "coordinates": [ 33.49, -14.03 ] } },
{ "type": "Feature", "properties": { "date": "2025-09-15", "region": "Central Region", "district": "Lilongwe", "market": "Area 23", "commodity": "Beans", "price": 6777.78, "pct_change": 29.79, "zscore": 1.862, "spike_severity": "Moderate" }, "geometry": { "type": "Point", "coordinates": [ 33.49, -14.03 ] } },
{ "type": "Feature", "properties": { "date": "2021-02-15", "region": "Central Region", "district": "Lilongwe", "market": "Area 23", "commodity": "Cowpeas", "price": 800.0, "pct_change": 45.45, "zscore": 2.179, "spike_severity": "Severe" }, "geometry": { "type": "Point", "coordinates": [ 33.49, -14.03 ] } },
{ "type": "Feature", "properties": { "date": "2023-11-15", "region": "Central Region", "district": "Lilongwe", "market": "Area 23", "commodity": "Cowpeas", "price": 1500.0, "pct_change": 87.5, "zscore": 2.4, "spike_severity": "Severe" }, "geometry": { "type": "Point", "coordinates": [ 33.49, -14.03 ] } },
{ "type": "Feature", "properties": { "date": "2024-02-15", "region": "Central Region", "district": "Lilongwe", "market": "Area 23", "commodity": "Cowpeas", "price": 1927.27, "pct_change": 24.1, "zscore": 1.808, "spike_severity": "Moderate" }, "geometry": { "type": "Point", "coordinates": [ 33.49, -14.03 ] } },
{ "type": "Feature", "properties": { "date": "2025-02-15", "region": "Central Region", "district": "Lilongwe", "market": "Area 23", "commodity": "Cowpeas", "price": 3500.0, "pct_change": 81.6, "zscore": 2.617, "spike_severity": "Critical" }, "geometry": { "type": "Point", "coordinates": [ 33.49, -14.03 ] } },
{ "type": "Feature", "properties": { "date": "2025-09-15", "region": "Central Region", "district": "Lilongwe", "market": "Area 23", "commodity": "Groundnuts (shelled)", "price": 7000.0, "pct_change": 21.74, "zscore": 1.548, "spike_severity": "Moderate" }, "geometry": { "type": "Point", "coordinates": [ 33.49, -14.03 ] } },
{ "type": "Feature", "properties": { "date": "2025-09-15", "region": "Central Region", "district": "Lilongwe", "market": "Area 23", "commodity": "Maize", "price": 1222.22, "pct_change": 618.95, "zscore": 2.788, "spike_severity": "Critical" }, "geometry": { "type": "Point", "coordinates": [ 33.49, -14.03 ] } },
{ "type": "Feature", "properties": { "date": "2025-02-15", "region": "Central Region", "district": "Lilongwe", "market": "Area 23", "commodity": "Maize (new harvest)", "price": 1600.0, "pct_change": 95.56, "zscore": 1.736, "spike_severity": "Moderate" }, "geometry": { "type": "Point", "coordinates": [ 33.49, -14.03 ] } },
{ "type": "Feature", "properties": { "date": "2025-09-15", "region": "Central Region", "district": "Lilongwe", "market": "Area 23", "commodity": "Pigeon peas", "price": 2500.0, "pct_change": 25.0, "zscore": 1.512, "spike_severity": "Moderate" }, "geometry": { "type": "Point", "coordinates": [ 33.49, -14.03 ] } },
{ "type": "Feature", "properties": { "date": "2025-09-15", "region": "Central Region", "district": "Lilongwe", "market": "Area 23", "commodity": "Sweet potatoes", "price": 1111.0, "pct_change": 99.98, "zscore": 1.986, "spike_severity": "Moderate" }, "geometry": { "type": "Point", "coordinates": [ 33.49, -14.03 ] } },
{ "type": "Feature", "properties": { "date": "2023-01-15", "region": "Central Region", "district": "Lilongwe", "market": "Kamwendo", "commodity": "Beans", "price": 2000.0, "pct_change": 100.0, "zscore": 2.607, "spike_severity": "Critical" }, "geometry": { "type": "Point", "coordinates": [ 34.02, -13.82 ] } },
{ "type": "Feature", "properties": { "date": "2024-01-15", "region": "Central Region", "district": "Lilongwe", "market": "Kamwendo", "commodity": "Beans", "price": 2588.24, "pct_change": 23.25, "zscore": 1.902, "spike_severity": "Moderate" }, "geometry": { "type": "Point", "coordinates": [ 34.02, -13.82 ] } },
{ "type": "Feature", "properties": { "date": "2024-09-15", "region": "Central Region", "district": "Lilongwe", "market": "Kamwendo", "commodity": "Beans", "price": 5000.0, "pct_change": 56.25, "zscore": 2.558, "spike_severity": "Severe" }, "geometry": { "type": "Point", "coordinates": [ 34.02, -13.82 ] } },
{ "type": "Feature", "properties": { "date": "2025-04-15", "region": "Central Region", "district": "Lilongwe", "market": "Kamwendo", "commodity": "Beans", "price": 6500.0, "pct_change": 25.81, "zscore": 1.928, "spike_severity": "Moderate" }, "geometry": { "type": "Point", "coordinates": [ 34.02, -13.82 ] } },
{ "type": "Feature", "properties": { "date": "2025-10-15", "region": "Central Region", "district": "Lilongwe", "market": "Kamwendo", "commodity": "Cassava", "price": 4000.0, "pct_change": 1900.0, "zscore": 2.267, "spike_severity": "Severe" }, "geometry": { "type": "Point", "coordinates": [ 34.02, -13.82 ] } },
{ "type": "Feature", "properties": { "date": "2021-09-15", "region": "Central Region", "district": "Lilongwe", "market": "Kamwendo", "commodity": "Cowpeas", "price": 1000.0, "pct_change": 122.22, "zscore": 2.156, "spike_severity": "Severe" }, "geometry": { "type": "Point", "coordinates": [ 34.02, -13.82 ] } },
{ "type": "Feature", "properties": { "date": "2023-12-15", "region": "Central Region", "district": "Lilongwe", "market": "Kamwendo", "commodity": "Cowpeas", "price": 1700.0, "pct_change": 21.43, "zscore": 1.633, "spike_severity": "Moderate" }, "geometry": { "type": "Point", "coordinates": [ 34.02, -13.82 ] } },
{ "type": "Feature", "properties": { "date": "2025-02-15", "region": "Central Region", "district": "Lilongwe", "market": "Kamwendo", "commodity": "Cowpeas", "price": 3184.21, "pct_change": 27.37, "zscore": 1.911, "spike_severity": "Moderate" }, "geometry": { "type": "Point", "coordinates": [ 34.02, -13.82 ] } },
{ "type": "Feature", "properties": { "date": "2025-04-15", "region": "Central Region", "district": "Lilongwe", "market": "Kamwendo", "commodity": "Cowpeas", "price": 4500.0, "pct_change": 40.87, "zscore": 2.252, "spike_severity": "Severe" }, "geometry": { "type": "Point", "coordinates": [ 34.02, -13.82 ] } },
{ "type": "Feature", "properties": { "date": "2025-10-15", "region": "Central Region", "district": "Lilongwe", "market": "Kamwendo", "commodity": "Groundnuts (shelled)", "price": 8000.0, "pct_change": 60.0, "zscore": 1.85, "spike_severity": "Moderate" }, "geometry": { "type": "Point", "coordinates": [ 34.02, -13.82 ] } },
{ "type": "Feature", "properties": { "date": "2022-09-15", "region": "Central Region", "district": "Lilongwe", "market": "Kamwendo", "commodity": "Maize", "price": 287.5, "pct_change": 59.72, "zscore": 2.375, "spike_severity": "Severe" }, "geometry": { "type": "Point", "coordinates": [ 34.02, -13.82 ] } },
{ "type": "Feature", "properties": { "date": "2025-04-15", "region": "Central Region", "district": "Lilongwe", "market": "Kamwendo", "commodity": "Maize", "price": 770.0, "pct_change": 167.83, "zscore": 3.056, "spike_severity": "Critical" }, "geometry": { "type": "Point", "coordinates": [ 34.02, -13.82 ] } },
{ "type": "Feature", "properties": { "date": "2025-09-15", "region": "Central Region", "district": "Lilongwe", "market": "Kamwendo", "commodity": "Maize", "price": 1150.0, "pct_change": 50.59, "zscore": 2.307, "spike_severity": "Severe" }, "geometry": { "type": "Point", "coordinates": [ 34.02, -13.82 ] } },
{ "type": "Feature", "properties": { "date": "2023-01-15", "region": "Central Region", "district": "Lilongwe", "market": "Kamwendo", "commodity": "Maize (new harvest)", "price": 447.5, "pct_change": 231.48, "zscore": 2.205, "spike_severity": "Severe" }, "geometry": { "type": "Point", "coordinates": [ 34.02, -13.82 ] } },
{ "type": "Feature", "properties": { "date": "2023-12-15", "region": "Central Region", "district": "Lilongwe", "market": "Kamwendo", "commodity": "Maize (new harvest)", "price": 900.0, "pct_change": 32.35, "zscore": 1.633, "spike_severity": "Moderate" }, "geometry": { "type": "Point", "coordinates": [ 34.02, -13.82 ] } },
{ "type": "Feature", "properties": { "date": "2025-02-15", "region": "Central Region", "district": "Lilongwe", "market": "Kamwendo", "commodity": "Maize (new harvest)", "price": 1326.32, "pct_change": 76.84, "zscore": 2.514, "spike_severity": "Critical" }, "geometry": { "type": "Point", "coordinates": [ 34.02, -13.82 ] } },
{ "type": "Feature", "properties": { "date": "2025-04-15", "region": "Central Region", "district": "Lilongwe", "market": "Kamwendo", "commodity": "Oil (vegetable)", "price": 8300.0, "pct_change": 591.67, "zscore": 2.267, "spike_severity": "Severe" }, "geometry": { "type": "Point", "coordinates": [ 34.02, -13.82 ] } },
{ "type": "Feature", "properties": { "date": "2023-12-15", "region": "Central Region", "district": "Lilongwe", "market": "Kamwendo", "commodity": "Pigeon peas", "price": 1450.0, "pct_change": 141.67, "zscore": 1.775, "spike_severity": "Moderate" }, "geometry": { "type": "Point", "coordinates": [ 34.02, -13.82 ] } },
{ "type": "Feature", "properties": { "date": "2024-01-15", "region": "Central Region", "district": "Lilongwe", "market": "Kamwendo", "commodity": "Pigeon peas", "price": 1779.41, "pct_change": 22.72, "zscore": 1.558, "spike_severity": "Moderate" }, "geometry": { "type": "Point", "coordinates": [ 34.02, -13.82 ] } },
{ "type": "Feature", "properties": { "date": "2024-02-15", "region": "Central Region", "district": "Lilongwe", "market": "Kamwendo", "commodity": "Pigeon peas", "price": 2500.0, "pct_change": 40.5, "zscore": 1.728, "spike_severity": "Moderate" }, "geometry": { "type": "Point", "coordinates": [ 34.02, -13.82 ] } },
{ "type": "Feature", "properties": { "date": "2025-04-15", "region": "Central Region", "district": "Lilongwe", "market": "Kamwendo", "commodity": "Rice", "price": 5000.0, "pct_change": 589.66, "zscore": 2.268, "spike_severity": "Severe" }, "geometry": { "type": "Point", "coordinates": [ 34.02, -13.82 ] } },
{ "type": "Feature", "properties": { "date": "2025-04-15", "region": "Central Region", "district": "Lilongwe", "market": "Kamwendo", "commodity": "Sugar", "price": 3640.0, "pct_change": 355.0, "zscore": 2.267, "spike_severity": "Severe" }, "geometry": { "type": "Point", "coordinates": [ 34.02, -13.82 ] } },
{ "type": "Feature", "properties": { "date": "2025-05-15", "region": "Central Region", "district": "Lilongwe", "market": "Kamwendo", "commodity": "Sugar", "price": 4445.83, "pct_change": 22.14, "zscore": 1.871, "spike_severity": "Moderate" }, "geometry": { "type": "Point", "coordinates": [ 34.02, -13.82 ] } },
{ "type": "Feature", "properties": { "date": "2025-06-15", "region": "Central Region", "district": "Lilongwe", "market": "Kamwendo", "commodity": "Sugar", "price": 5608.7, "pct_change": 26.16, "zscore": 1.828, "spike_severity": "Moderate" }, "geometry": { "type": "Point", "coordinates": [ 34.02, -13.82 ] } },
{ "type": "Feature", "properties": { "date": "2025-04-15", "region": "Central Region", "district": "Lilongwe", "market": "Kamwendo", "commodity": "Sweet potatoes", "price": 1111.11, "pct_change": 217.46, "zscore": 2.261, "spike_severity": "Severe" }, "geometry": { "type": "Point", "coordinates": [ 34.02, -13.82 ] } },
{ "type": "Feature", "properties": { "date": "2025-10-15", "region": "Central Region", "district": "Lilongwe", "market": "Kamwendo", "commodity": "Sweet potatoes", "price": 1111.0, "pct_change": 99.98, "zscore": 1.569, "spike_severity": "Moderate" }, "geometry": { "type": "Point", "coordinates": [ 34.02, -13.82 ] } },
{ "type": "Feature", "properties": { "date": "2022-05-15", "region": "Central Region", "district": "Lilongwe City", "market": "Lilongwe", "commodity": "Maize", "price": 250.0, "pct_change": 25.0, "zscore": 2.062, "spike_severity": "Moderate" }, "geometry": { "type": "Point", "coordinates": [ 33.78, -13.98 ] } },
{ "type": "Feature", "properties": { "date": "2024-02-15", "region": "Central Region", "district": "Lilongwe City", "market": "Songwe", "commodity": "Beans", "price": 2700.0, "pct_change": 22.73, "zscore": 2.321, "spike_severity": "Moderate" }, "geometry": { "type": "Point", "coordinates": [ 33.78, -13.96 ] } },
{ "type": "Feature", "properties": { "date": "2025-01-15", "region": "Central Region", "district": "Lilongwe City", "market": "Songwe", "commodity": "Beans", "price": 5000.0, "pct_change": 42.86, "zscore": 2.283, "spike_severity": "Severe" }, "geometry": { "type": "Point", "coordinates": [ 33.78, -13.96 ] } },
{ "type": "Feature", "properties": { "date": "2024-01-15", "region": "Central Region", "district": "Lilongwe City", "market": "Songwe", "commodity": "Cowpeas", "price": 1600.0, "pct_change": 23.08, "zscore": 1.714, "spike_severity": "Moderate" }, "geometry": { "type": "Point", "coordinates": [ 33.78, -13.96 ] } },
{ "type": "Feature", "properties": { "date": "2025-02-15", "region": "Central Region", "district": "Lilongwe City", "market": "Songwe", "commodity": "Cowpeas", "price": 3500.0, "pct_change": 94.44, "zscore": 2.491, "spike_severity": "Severe" }, "geometry": { "type": "Point", "coordinates": [ 33.78, -13.96 ] } },
{ "type": "Feature", "properties": { "date": "2025-11-15", "region": "Central Region", "district": "Lilongwe City", "market": "Songwe", "commodity": "Cowpeas", "price": 5600.0, "pct_change": 60.0, "zscore": 2.365, "spike_severity": "Severe" }, "geometry": { "type": "Point", "coordinates": [ 33.78, -13.96 ] } },
{ "type": "Feature", "properties": { "date": "2026-01-15", "region": "Central Region", "district": "Lilongwe City", "market": "Songwe", "commodity": "Exotic vegetables", "price": 2000.0, "pct_change": 166.67, "zscore": 1.646, "spike_severity": "Moderate" }, "geometry": { "type": "Point", "coordinates": [ 33.78, -13.96 ] } },
{ "type": "Feature", "properties": { "date": "2026-02-15", "region": "Central Region", "district": "Lilongwe City", "market": "Songwe", "commodity": "Exotic vegetables", "price": 4000.0, "pct_change": 100.0, "zscore": 1.821, "spike_severity": "Moderate" }, "geometry": { "type": "Point", "coordinates": [ 33.78, -13.96 ] } },
{ "type": "Feature", "properties": { "date": "2026-03-15", "region": "Central Region", "district": "Lilongwe City", "market": "Songwe", "commodity": "Local vegetables", "price": 2000.0, "pct_change": 100.0, "zscore": 1.604, "spike_severity": "Moderate" }, "geometry": { "type": "Point", "coordinates": [ 33.78, -13.96 ] } },
{ "type": "Feature", "properties": { "date": "2025-01-15", "region": "Central Region", "district": "Lilongwe City", "market": "Songwe", "commodity": "Maize (new harvest)", "price": 1000.0, "pct_change": 41.84, "zscore": 2.688, "spike_severity": "Severe" }, "geometry": { "type": "Point", "coordinates": [ 33.78, -13.96 ] } },
{ "type": "Feature", "properties": { "date": "2025-11-15", "region": "Central Region", "district": "Lilongwe City", "market": "Songwe", "commodity": "Pigeon peas", "price": 5000.0, "pct_change": 203.03, "zscore": 1.771, "spike_severity": "Moderate" }, "geometry": { "type": "Point", "coordinates": [ 33.78, -13.96 ] } },
{ "type": "Feature", "properties": { "date": "2026-03-15", "region": "Central Region", "district": "Lilongwe City", "market": "Songwe", "commodity": "Rice", "price": 6000.0, "pct_change": 60.0, "zscore": 2.379, "spike_severity": "Severe" }, "geometry": { "type": "Point", "coordinates": [ 33.78, -13.96 ] } },
{ "type": "Feature", "properties": { "date": "2025-11-15", "region": "Central Region", "district": "Lilongwe City", "market": "Songwe", "commodity": "Soybeans", "price": 6000.0, "pct_change": 62.16, "zscore": 1.91, "spike_severity": "Moderate" }, "geometry": { "type": "Point", "coordinates": [ 33.78, -13.96 ] } },
{ "type": "Feature", "properties": { "date": "2025-09-15", "region": "Central Region", "district": "Lilongwe City", "market": "Songwe", "commodity": "Sweet potatoes", "price": 1111.0, "pct_change": 99.98, "zscore": 1.664, "spike_severity": "Moderate" }, "geometry": { "type": "Point", "coordinates": [ 33.78, -13.96 ] } },
{ "type": "Feature", "properties": { "date": "2023-01-15", "region": "Southern Region", "district": "Machinga", "market": "Chikweo", "commodity": "Beans", "price": 1834.37, "pct_change": 31.03, "zscore": 1.984, "spike_severity": "Moderate" }, "geometry": { "type": "Point", "coordinates": [ 35.67, -14.77 ] } },
{ "type": "Feature", "properties": { "date": "2023-12-15", "region": "Southern Region", "district": "Machinga", "market": "Chikweo", "commodity": "Beans", "price": 2575.0, "pct_change": 32.05, "zscore": 2.068, "spike_severity": "Moderate" }, "geometry": { "type": "Point", "coordinates": [ 35.67, -14.77 ] } },
{ "type": "Feature", "properties": { "date": "2025-04-15", "region": "Southern Region", "district": "Machinga", "market": "Chikweo", "commodity": "Beans", "price": 6000.0, "pct_change": 33.33, "zscore": 1.846, "spike_severity": "Moderate" }, "geometry": { "type": "Point", "coordinates": [ 35.67, -14.77 ] } },
{ "type": "Feature", "properties": { "date": "2025-08-15", "region": "Southern Region", "district": "Machinga", "market": "Chikweo", "commodity": "Beans", "price": 7000.0, "pct_change": 40.0, "zscore": 2.184, "spike_severity": "Moderate" }, "geometry": { "type": "Point", "coordinates": [ 35.67, -14.77 ] } },
{ "type": "Feature", "properties": { "date": "2025-04-15", "region": "Southern Region", "district": "Machinga", "market": "Chikweo", "commodity": "Cassava", "price": 3600.0, "pct_change": 3500.0, "zscore": 2.246, "spike_severity": "Severe" }, "geometry": { "type": "Point", "coordinates": [ 35.67, -14.77 ] } },
{ "type": "Feature", "properties": { "date": "2022-02-15", "region": "Southern Region", "district": "Machinga", "market": "Chikweo", "commodity": "Cowpeas", "price": 893.75, "pct_change": 62.5, "zscore": 1.701, "spike_severity": "Moderate" }, "geometry": { "type": "Point", "coordinates": [ 35.67, -14.77 ] } },
{ "type": "Feature", "properties": { "date": "2023-06-15", "region": "Southern Region", "district": "Machinga", "market": "Chikweo", "commodity": "Cowpeas", "price": 1200.0, "pct_change": 33.33, "zscore": 2.089, "spike_severity": "Moderate" }, "geometry": { "type": "Point", "coordinates": [ 35.67, -14.77 ] } },
{ "type": "Feature", "properties": { "date": "2023-12-15", "region": "Southern Region", "district": "Machinga", "market": "Chikweo", "commodity": "Cowpeas", "price": 1625.0, "pct_change": 25.0, "zscore": 2.177, "spike_severity": "Moderate" }, "geometry": { "type": "Point", "coordinates": [ 35.67, -14.77 ] } },
{ "type": "Feature", "properties": { "date": "2024-01-15", "region": "Southern Region", "district": "Machinga", "market": "Chikweo", "commodity": "Cowpeas", "price": 2100.0, "pct_change": 29.23, "zscore": 2.463, "spike_severity": "Moderate" }, "geometry": { "type": "Point", "coordinates": [ 35.67, -14.77 ] } },
{ "type": "Feature", "properties": { "date": "2024-09-15", "region": "Southern Region", "district": "Machinga", "market": "Chikweo", "commodity": "Cowpeas", "price": 2200.0, "pct_change": 22.22, "zscore": 1.54, "spike_severity": "Moderate" }, "geometry": { "type": "Point", "coordinates": [ 35.67, -14.77 ] } },
{ "type": "Feature", "properties": { "date": "2024-11-15", "region": "Southern Region", "district": "Machinga", "market": "Chikweo", "commodity": "Cowpeas", "price": 3000.0, "pct_change": 50.0, "zscore": 2.057, "spike_severity": "Severe" }, "geometry": { "type": "Point", "coordinates": [ 35.67, -14.77 ] } },
{ "type": "Feature", "properties": { "date": "2026-02-15", "region": "Southern Region", "district": "Machinga", "market": "Chikweo", "commodity": "Exotic vegetables", "price": 2500.0, "pct_change": 110.53, "zscore": 1.64, "spike_severity": "Moderate" }, "geometry": { "type": "Point", "coordinates": [ 35.67, -14.77 ] } },
{ "type": "Feature", "properties": { "date": "2025-08-15", "region": "Southern Region", "district": "Machinga", "market": "Chikweo", "commodity": "Groundnuts (shelled)", "price": 6250.0, "pct_change": 25.0, "zscore": 1.572, "spike_severity": "Moderate" }, "geometry": { "type": "Point", "coordinates": [ 35.67, -14.77 ] } },
{ "type": "Feature", "properties": { "date": "2022-08-15", "region": "Southern Region", "district": "Machinga", "market": "Chikweo", "commodity": "Maize", "price": 345.0, "pct_change": 60.47, "zscore": 2.326, "spike_severity": "Severe" }, "geometry": { "type": "Point", "coordinates": [ 35.67, -14.77 ] } },
{ "type": "Feature", "properties": { "date": "2025-09-15", "region": "Southern Region", "district": "Machinga", "market": "Chikweo", "commodity": "Maize", "price": 1586.67, "pct_change": 373.63, "zscore": 3.125, "spike_severity": "Critical" }, "geometry": { "type": "Point", "coordinates": [ 35.67, -14.77 ] } },
{ "type": "Feature", "properties": { "date": "2023-01-15", "region": "Southern Region", "district": "Machinga", "market": "Chikweo", "commodity": "Maize (new harvest)", "price": 519.37, "pct_change": 299.52, "zscore": 2.217, "spike_severity": "Severe" }, "geometry": { "type": "Point", "coordinates": [ 35.67, -14.77 ] } },
{ "type": "Feature", "properties": { "date": "2023-07-15", "region": "Southern Region", "district": "Machinga", "market": "Chikweo", "commodity": "Maize (new harvest)", "price": 667.5, "pct_change": 33.5, "zscore": 1.702, "spike_severity": "Moderate" }, "geometry": { "type": "Point", "coordinates": [ 35.67, -14.77 ] } },
{ "type": "Feature", "properties": { "date": "2023-12-15", "region": "Southern Region", "district": "Machinga", "market": "Chikweo", "commodity": "Maize (new harvest)", "price": 1175.0, "pct_change": 46.88, "zscore": 2.049, "spike_severity": "Severe" }, "geometry": { "type": "Point", "coordinates": [ 35.67, -14.77 ] } },
{ "type": "Feature", "properties": { "date": "2025-01-15", "region": "Southern Region", "district": "Machinga", "market": "Chikweo", "commodity": "Maize (new harvest)", "price": 1329.41, "pct_change": 22.95, "zscore": 1.926, "spike_severity": "Moderate" }, "geometry": { "type": "Point", "coordinates": [ 35.67, -14.77 ] } },
{ "type": "Feature", "properties": { "date": "2025-02-15", "region": "Southern Region", "district": "Machinga", "market": "Chikweo", "commodity": "Maize (new harvest)", "price": 1613.89, "pct_change": 21.4, "zscore": 2.3, "spike_severity": "Moderate" }, "geometry": { "type": "Point", "coordinates": [ 35.67, -14.77 ] } },
{ "type": "Feature", "properties": { "date": "2025-11-15", "region": "Southern Region", "district": "Machinga", "market": "Chikweo", "commodity": "Millet", "price": 800.0, "pct_change": 60.0, "zscore": 1.926, "spike_severity": "Moderate" }, "geometry": { "type": "Point", "coordinates": [ 35.67, -14.77 ] } },
{ "type": "Feature", "properties": { "date": "2025-12-15", "region": "Southern Region", "district": "Machinga", "market": "Chikweo", "commodity": "Millet", "price": 1000.0, "pct_change": 25.0, "zscore": 2.014, "spike_severity": "Moderate" }, "geometry": { "type": "Point", "coordinates": [ 35.67, -14.77 ] } },
{ "type": "Feature", "properties": { "date": "2025-03-15", "region": "Southern Region", "district": "Machinga", "market": "Chikweo", "commodity": "Oil (vegetable)", "price": 7000.0, "pct_change": 366.67, "zscore": 2.266, "spike_severity": "Severe" }, "geometry": { "type": "Point", "coordinates": [ 35.67, -14.77 ] } },
{ "type": "Feature", "properties": { "date": "2025-12-15", "region": "Southern Region", "district": "Machinga", "market": "Chikweo", "commodity": "Oil (vegetable)", "price": 11252.08, "pct_change": 66.44, "zscore": 1.741, "spike_severity": "Moderate" }, "geometry": { "type": "Point", "coordinates": [ 35.67, -14.77 ] } },
{ "type": "Feature", "properties": { "date": "2023-01-15", "region": "Southern Region", "district": "Machinga", "market": "Chikweo", "commodity": "Pigeon peas", "price": 712.5, "pct_change": 137.5, "zscore": 2.028, "spike_severity": "Severe" }, "geometry": { "type": "Point", "coordinates": [ 35.67, -14.77 ] } },
{ "type": "Feature", "properties": { "date": "2023-06-15", "region": "Southern Region", "district": "Machinga", "market": "Chikweo", "commodity": "Pigeon peas", "price": 1200.0, "pct_change": 68.42, "zscore": 2.043, "spike_severity": "Severe" }, "geometry": { "type": "Point", "coordinates": [ 35.67, -14.77 ] } },
{ "type": "Feature", "properties": { "date": "2023-12-15", "region": "Southern Region", "district": "Machinga", "market": "Chikweo", "commodity": "Pigeon peas", "price": 1525.0, "pct_change": 27.08, "zscore": 1.732, "spike_severity": "Moderate" }, "geometry": { "type": "Point", "coordinates": [ 35.67, -14.77 ] } },
{ "type": "Feature", "properties": { "date": "2024-01-15", "region": "Southern Region", "district": "Machinga", "market": "Chikweo", "commodity": "Pigeon peas", "price": 1950.0, "pct_change": 27.87, "zscore": 2.008, "spike_severity": "Moderate" }, "geometry": { "type": "Point", "coordinates": [ 35.67, -14.77 ] } },
{ "type": "Feature", "properties": { "date": "2024-11-15", "region": "Southern Region", "district": "Machinga", "market": "Chikweo", "commodity": "Pigeon peas", "price": 2450.0, "pct_change": 22.5, "zscore": 1.6, "spike_severity": "Moderate" }, "geometry": { "type": "Point", "coordinates": [ 35.67, -14.77 ] } },
{ "type": "Feature", "properties": { "date": "2025-03-15", "region": "Southern Region", "district": "Machinga", "market": "Chikweo", "commodity": "Rice", "price": 4500.0, "pct_change": 718.18, "zscore": 2.266, "spike_severity": "Severe" }, "geometry": { "type": "Point", "coordinates": [ 35.67, -14.77 ] } },
{ "type": "Feature", "properties": { "date": "2025-04-15", "region": "Southern Region", "district": "Machinga", "market": "Chikweo", "commodity": "Sorghum", "price": 1500.0, "pct_change": 275.0, "zscore": 2.239, "spike_severity": "Severe" }, "geometry": { "type": "Point", "coordinates": [ 35.67, -14.77 ] } },
{ "type": "Feature", "properties": { "date": "2025-08-15", "region": "Southern Region", "district": "Machinga", "market": "Chikweo", "commodity": "Sorghum", "price": 3000.0, "pct_change": 100.0, "zscore": 2.262, "spike_severity": "Severe" }, "geometry": { "type": "Point", "coordinates": [ 35.67, -14.77 ] } },
{ "type": "Feature", "properties": { "date": "2025-11-15", "region": "Southern Region", "district": "Machinga", "market": "Chikweo", "commodity": "Soybeans", "price": 4050.0, "pct_change": 35.0, "zscore": 2.085, "spike_severity": "Moderate" }, "geometry": { "type": "Point", "coordinates": [ 35.67, -14.77 ] } },
{ "type": "Feature", "properties": { "date": "2025-03-15", "region": "Southern Region", "district": "Machinga", "market": "Chikweo", "commodity": "Sugar", "price": 3800.0, "pct_change": 347.06, "zscore": 2.267, "spike_severity": "Severe" }, "geometry": { "type": "Point", "coordinates": [ 35.67, -14.77 ] } },
{ "type": "Feature", "properties": { "date": "2025-06-15", "region": "Southern Region", "district": "Machinga", "market": "Chikweo", "commodity": "Sugar", "price": 5360.0, "pct_change": 31.2, "zscore": 1.765, "spike_severity": "Moderate" }, "geometry": { "type": "Point", "coordinates": [ 35.67, -14.77 ] } },
{ "type": "Feature", "properties": { "date": "2025-03-15", "region": "Southern Region", "district": "Machinga", "market": "Chikweo", "commodity": "Sweet potatoes", "price": 1111.11, "pct_change": 270.37, "zscore": 2.196, "spike_severity": "Severe" }, "geometry": { "type": "Point", "coordinates": [ 35.67, -14.77 ] } },
{ "type": "Feature", "properties": { "date": "2025-12-15", "region": "Southern Region", "district": "Machinga", "market": "Chikweo", "commodity": "Sweet potatoes", "price": 1111.0, "pct_change": 166.43, "zscore": 1.547, "spike_severity": "Moderate" }, "geometry": { "type": "Point", "coordinates": [ 35.67, -14.77 ] } },
{ "type": "Feature", "properties": { "date": "2022-02-15", "region": "Southern Region", "district": "Machinga", "market": "Liwonde", "commodity": "Beans", "price": 1543.75, "pct_change": 28.65, "zscore": 1.741, "spike_severity": "Moderate" }, "geometry": { "type": "Point", "coordinates": [ 35.23, -15.07 ] } },
{ "type": "Feature", "properties": { "date": "2023-01-15", "region": "Southern Region", "district": "Machinga", "market": "Liwonde", "commodity": "Beans", "price": 2109.38, "pct_change": 40.63, "zscore": 2.129, "spike_severity": "Severe" }, "geometry": { "type": "Point", "coordinates": [ 35.23, -15.07 ] } },
{ "type": "Feature", "properties": { "date": "2024-02-15", "region": "Southern Region", "district": "Machinga", "market": "Liwonde", "commodity": "Beans", "price": 3818.18, "pct_change": 30.6, "zscore": 2.577, "spike_severity": "Moderate" }, "geometry": { "type": "Point", "coordinates": [ 35.23, -15.07 ] } },
{ "type": "Feature", "properties": { "date": "2024-04-15", "region": "Southern Region", "district": "Machinga", "market": "Liwonde", "commodity": "Beans", "price": 3500.0, "pct_change": 40.0, "zscore": 1.636, "spike_severity": "Moderate" }, "geometry": { "type": "Point", "coordinates": [ 35.23, -15.07 ] } },
{ "type": "Feature", "properties": { "date": "2025-08-15", "region": "Southern Region", "district": "Machinga", "market": "Liwonde", "commodity": "Beans", "price": 6500.0, "pct_change": 29.28, "zscore": 1.785, "spike_severity": "Moderate" }, "geometry": { "type": "Point", "coordinates": [ 35.23, -15.07 ] } },
{ "type": "Feature", "properties": { "date": "2022-02-15", "region": "Southern Region", "district": "Machinga", "market": "Liwonde", "commodity": "Cowpeas", "price": 1065.63, "pct_change": 52.23, "zscore": 1.959, "spike_severity": "Moderate" }, "geometry": { "type": "Point", "coordinates": [ 35.23, -15.07 ] } },
{ "type": "Feature", "properties": { "date": "2024-02-15", "region": "Southern Region", "district": "Machinga", "market": "Liwonde", "commodity": "Cowpeas", "price": 2404.55, "pct_change": 30.6, "zscore": 2.434, "spike_severity": "Moderate" }, "geometry": { "type": "Point", "coordinates": [ 35.23, -15.07 ] } },
{ "type": "Feature", "properties": { "date": "2025-02-15", "region": "Southern Region", "district": "Machinga", "market": "Liwonde", "commodity": "Cowpeas", "price": 3833.33, "pct_change": 22.0, "zscore": 2.21, "spike_severity": "Moderate" }, "geometry": { "type": "Point", "coordinates": [ 35.23, -15.07 ] } },
{ "type": "Feature", "properties": { "date": "2026-01-15", "region": "Southern Region", "district": "Machinga", "market": "Liwonde", "commodity": "Exotic vegetables", "price": 1200.0, "pct_change": 255.56, "zscore": 1.779, "spike_severity": "Moderate" }, "geometry": { "type": "Point", "coordinates": [ 35.23, -15.07 ] } },
{ "type": "Feature", "properties": { "date": "2026-02-15", "region": "Southern Region", "district": "Machinga", "market": "Liwonde", "commodity": "Exotic vegetables", "price": 2500.0, "pct_change": 108.33, "zscore": 1.872, "spike_severity": "Moderate" }, "geometry": { "type": "Point", "coordinates": [ 35.23, -15.07 ] } },
{ "type": "Feature", "properties": { "date": "2026-01-15", "region": "Southern Region", "district": "Machinga", "market": "Liwonde", "commodity": "Local vegetables", "price": 600.0, "pct_change": 166.67, "zscore": 1.732, "spike_severity": "Moderate" }, "geometry": { "type": "Point", "coordinates": [ 35.23, -15.07 ] } },
{ "type": "Feature", "properties": { "date": "2026-02-15", "region": "Southern Region", "district": "Machinga", "market": "Liwonde", "commodity": "Local vegetables", "price": 1000.0, "pct_change": 66.67, "zscore": 1.816, "spike_severity": "Moderate" }, "geometry": { "type": "Point", "coordinates": [ 35.23, -15.07 ] } },
{ "type": "Feature", "properties": { "date": "2022-01-15", "region": "Southern Region", "district": "Machinga", "market": "Liwonde", "commodity": "Maize", "price": 215.0, "pct_change": 32.72, "zscore": 1.879, "spike_severity": "Moderate" }, "geometry": { "type": "Point", "coordinates": [ 35.23, -15.07 ] } },
{ "type": "Feature", "properties": { "date": "2022-08-15", "region": "Southern Region", "district": "Machinga", "market": "Liwonde", "commodity": "Maize", "price": 355.0, "pct_change": 75.31, "zscore": 2.755, "spike_severity": "Critical" }, "geometry": { "type": "Point", "coordinates": [ 35.23, -15.07 ] } },
{ "type": "Feature", "properties": { "date": "2025-09-15", "region": "Southern Region", "district": "Machinga", "market": "Liwonde", "commodity": "Maize", "price": 1482.61, "pct_change": 323.6, "zscore": 3.122, "spike_severity": "Critical" }, "geometry": { "type": "Point", "coordinates": [ 35.23, -15.07 ] } },
{ "type": "Feature", "properties": { "date": "2025-01-15", "region": "Southern Region", "district": "Machinga", "market": "Liwonde", "commodity": "Maize (new harvest)", "price": 1316.18, "pct_change": 24.24, "zscore": 2.267, "spike_severity": "Moderate" }, "geometry": { "type": "Point", "coordinates": [ 35.23, -15.07 ] } },
{ "type": "Feature", "properties": { "date": "2025-02-15", "region": "Southern Region", "district": "Machinga", "market": "Liwonde", "commodity": "Maize (new harvest)", "price": 1686.43, "pct_change": 28.13, "zscore": 2.453, "spike_severity": "Moderate" }, "geometry": { "type": "Point", "coordinates": [ 35.23, -15.07 ] } },
{ "type": "Feature", "properties": { "date": "2025-07-15", "region": "Southern Region", "district": "Machinga", "market": "Liwonde", "commodity": "Maize flour", "price": 2497.06, "pct_change": 25.21, "zscore": 1.639, "spike_severity": "Moderate" }, "geometry": { "type": "Point", "coordinates": [ 35.23, -15.07 ] } },
{ "type": "Feature", "properties": { "date": "2023-09-15", "region": "Southern Region", "district": "Machinga", "market": "Liwonde", "commodity": "Pigeon peas", "price": 1100.0, "pct_change": 22.22, "zscore": 1.778, "spike_severity": "Moderate" }, "geometry": { "type": "Point", "coordinates": [ 35.23, -15.07 ] } },
{ "type": "Feature", "properties": { "date": "2024-01-15", "region": "Southern Region", "district": "Machinga", "market": "Liwonde", "commodity": "Pigeon peas", "price": 1800.0, "pct_change": 24.14, "zscore": 2.066, "spike_severity": "Moderate" }, "geometry": { "type": "Point", "coordinates": [ 35.23, -15.07 ] } },
{ "type": "Feature", "properties": { "date": "2024-02-15", "region": "Southern Region", "district": "Machinga", "market": "Liwonde", "commodity": "Pigeon peas", "price": 2436.36, "pct_change": 35.35, "zscore": 2.306, "spike_severity": "Moderate" }, "geometry": { "type": "Point", "coordinates": [ 35.23, -15.07 ] } },
{ "type": "Feature", "properties": { "date": "2025-01-15", "region": "Southern Region", "district": "Machinga", "market": "Liwonde", "commodity": "Pigeon peas", "price": 3183.33, "pct_change": 21.13, "zscore": 1.761, "spike_severity": "Moderate" }, "geometry": { "type": "Point", "coordinates": [ 35.23, -15.07 ] } },
{ "type": "Feature", "properties": { "date": "2026-03-15", "region": "Southern Region", "district": "Machinga", "market": "Liwonde", "commodity": "Sorghum", "price": 6000.0, "pct_change": 200.0, "zscore": 1.82, "spike_severity": "Moderate" }, "geometry": { "type": "Point", "coordinates": [ 35.23, -15.07 ] } },
{ "type": "Feature", "properties": { "date": "2025-10-15", "region": "Southern Region", "district": "Machinga", "market": "Liwonde", "commodity": "Soybeans", "price": 3575.0, "pct_change": 62.5, "zscore": 1.987, "spike_severity": "Moderate" }, "geometry": { "type": "Point", "coordinates": [ 35.23, -15.07 ] } },
{ "type": "Feature", "properties": { "date": "2026-03-15", "region": "Southern Region", "district": "Machinga", "market": "Liwonde", "commodity": "Soybeans", "price": 4500.0, "pct_change": 25.0, "zscore": 1.947, "spike_severity": "Moderate" }, "geometry": { "type": "Point", "coordinates": [ 35.23, -15.07 ] } },
{ "type": "Feature", "properties": { "date": "2023-01-15", "region": "Southern Region", "district": "Machinga", "market": "Mangamba", "commodity": "Beans", "price": 2043.75, "pct_change": 27.73, "zscore": 2.588, "spike_severity": "Moderate" }, "geometry": { "type": "Point", "coordinates": [ 35.44, -14.79 ] } },
{ "type": "Feature", "properties": { "date": "2024-03-15", "region": "Southern Region", "district": "Machinga", "market": "Mangamba", "commodity": "Beans", "price": 4000.0, "pct_change": 33.33, "zscore": 2.245, "spike_severity": "Moderate" }, "geometry": { "type": "Point", "coordinates": [ 35.44, -14.79 ] } },
{ "type": "Feature", "properties": { "date": "2024-09-15", "region": "Southern Region", "district": "Machinga", "market": "Mangamba", "commodity": "Beans", "price": 4200.0, "pct_change": 40.0, "zscore": 2.049, "spike_severity": "Moderate" }, "geometry": { "type": "Point", "coordinates": [ 35.44, -14.79 ] } },
{ "type": "Feature", "properties": { "date": "2024-12-15", "region": "Southern Region", "district": "Machinga", "market": "Mangamba", "commodity": "Beans", "price": 4956.25, "pct_change": 23.91, "zscore": 1.856, "spike_severity": "Moderate" }, "geometry": { "type": "Point", "coordinates": [ 35.44, -14.79 ] } },
{ "type": "Feature", "properties": { "date": "2026-01-15", "region": "Southern Region", "district": "Machinga", "market": "Mangamba", "commodity": "Beans", "price": 7806.45, "pct_change": 47.23, "zscore": 2.379, "spike_severity": "Severe" }, "geometry": { "type": "Point", "coordinates": [ 35.44, -14.79 ] } },
{ "type": "Feature", "properties": { "date": "2025-04-15", "region": "Southern Region", "district": "Machinga", "market": "Mangamba", "commodity": "Cassava", "price": 4000.0, "pct_change": 1233.33, "zscore": 2.041, "spike_severity": "Severe" }, "geometry": { "type": "Point", "coordinates": [ 35.44, -14.79 ] } },
{ "type": "Feature", "properties": { "date": "2022-02-15", "region": "Southern Region", "district": "Machinga", "market": "Mangamba", "commodity": "Cowpeas", "price": 1000.0, "pct_change": 66.67, "zscore": 1.511, "spike_severity": "Moderate" }, "geometry": { "type": "Point", "coordinates": [ 35.44, -14.79 ] } },
{ "type": "Feature", "properties": { "date": "2022-07-15", "region": "Southern Region", "district": "Machinga", "market": "Mangamba", "commodity": "Cowpeas", "price": 1400.0, "pct_change": 40.0, "zscore": 2.395, "spike_severity": "Moderate" }, "geometry": { "type": "Point", "coordinates": [ 35.44, -14.79 ] } },
{ "type": "Feature", "properties": { "date": "2023-01-15", "region": "Southern Region", "district": "Machinga", "market": "Mangamba", "commodity": "Cowpeas", "price": 1868.75, "pct_change": 33.48, "zscore": 2.503, "spike_severity": "Moderate" }, "geometry": { "type": "Point", "coordinates": [ 35.44, -14.79 ] } },
{ "type": "Feature", "properties": { "date": "2024-09-15", "region": "Southern Region", "district": "Machinga", "market": "Mangamba", "commodity": "Cowpeas", "price": 2575.0, "pct_change": 28.75, "zscore": 2.037, "spike_severity": "Moderate" }, "geometry": { "type": "Point", "coordinates": [ 35.44, -14.79 ] } },
{ "type": "Feature", "properties": { "date": "2025-01-15", "region": "Southern Region", "district": "Machinga", "market": "Mangamba", "commodity": "Cowpeas", "price": 3750.0, "pct_change": 25.0, "zscore": 1.917, "spike_severity": "Moderate" }, "geometry": { "type": "Point", "coordinates": [ 35.44, -14.79 ] } },
{ "type": "Feature", "properties": { "date": "2025-05-15", "region": "Southern Region", "district": "Machinga", "market": "Mangamba", "commodity": "Cowpeas", "price": 5600.0, "pct_change": 60.51, "zscore": 2.39, "spike_severity": "Severe" }, "geometry": { "type": "Point", "coordinates": [ 35.44, -14.79 ] } },
{ "type": "Feature", "properties": { "date": "2026-01-15", "region": "Southern Region", "district": "Machinga", "market": "Mangamba", "commodity": "Exotic vegetables", "price": 2000.0, "pct_change": 56.86, "zscore": 1.507, "spike_severity": "Moderate" }, "geometry": { "type": "Point", "coordinates": [ 35.44, -14.79 ] } },
{ "type": "Feature", "properties": { "date": "2026-03-15", "region": "Southern Region", "district": "Machinga", "market": "Mangamba", "commodity": "Fish (small, dry)", "price": 16000.0, "pct_change": 100.0, "zscore": 1.705, "spike_severity": "Moderate" }, "geometry": { "type": "Point", "coordinates": [ 35.44, -14.79 ] } },
{ "type": "Feature", "properties": { "date": "2021-09-15", "region": "Southern Region", "district": "Machinga", "market": "Mangamba", "commodity": "Maize", "price": 385.45, "pct_change": 148.68, "zscore": 1.575, "spike_severity": "Moderate" }, "geometry": { "type": "Point", "coordinates": [ 35.44, -14.79 ] } },
{ "type": "Feature", "properties": { "date": "2025-09-15", "region": "Southern Region", "district": "Machinga", "market": "Mangamba", "commodity": "Maize", "price": 1500.0, "pct_change": 316.67, "zscore": 3.087, "spike_severity": "Critical" }, "geometry": { "type": "Point", "coordinates": [ 35.44, -14.79 ] } },
{ "type": "Feature", "properties": { "date": "2023-01-15", "region": "Southern Region", "district": "Machinga", "market": "Mangamba", "commodity": "Maize (new harvest)", "price": 521.25, "pct_change": 479.17, "zscore": 2.116, "spike_severity": "Severe" }, "geometry": { "type": "Point", "coordinates": [ 35.44, -14.79 ] } },
{ "type": "Feature", "properties": { "date": "2023-07-15", "region": "Southern Region", "district": "Machinga", "market": "Mangamba", "commodity": "Maize (new harvest)", "price": 712.5, "pct_change": 45.41, "zscore": 1.867, "spike_severity": "Moderate" }, "geometry": { "type": "Point", "coordinates": [ 35.44, -14.79 ] } },
{ "type": "Feature", "properties": { "date": "2025-01-15", "region": "Southern Region", "district": "Machinga", "market": "Mangamba", "commodity": "Maize (new harvest)", "price": 1400.0, "pct_change": 23.08, "zscore": 2.219, "spike_severity": "Moderate" }, "geometry": { "type": "Point", "coordinates": [ 35.44, -14.79 ] } },
{ "type": "Feature", "properties": { "date": "2025-02-15", "region": "Southern Region", "district": "Machinga", "market": "Mangamba", "commodity": "Maize (new harvest)", "price": 1764.29, "pct_change": 26.02, "zscore": 2.399, "spike_severity": "Moderate" }, "geometry": { "type": "Point", "coordinates": [ 35.44, -14.79 ] } },
{ "type": "Feature", "properties": { "date": "2025-09-15", "region": "Southern Region", "district": "Machinga", "market": "Mangamba", "commodity": "Millet", "price": 1000.0, "pct_change": 185.71, "zscore": 1.735, "spike_severity": "Moderate" }, "geometry": { "type": "Point", "coordinates": [ 35.44, -14.79 ] } },
{ "type": "Feature", "properties": { "date": "2026-03-15", "region": "Southern Region", "district": "Machinga", "market": "Mangamba", "commodity": "Millet", "price": 2000.0, "pct_change": 66.67, "zscore": 1.886, "spike_severity": "Moderate" }, "geometry": { "type": "Point", "coordinates": [ 35.44, -14.79 ] } },
{ "type": "Feature", "properties": { "date": "2025-03-15", "region": "Southern Region", "district": "Machinga", "market": "Mangamba", "commodity": "Oil (vegetable)", "price": 7000.0, "pct_change": 324.24, "zscore": 2.26, "spike_severity": "Severe" }, "geometry": { "type": "Point", "coordinates": [ 35.44, -14.79 ] } },
{ "type": "Feature", "properties": { "date": "2023-12-15", "region": "Southern Region", "district": "Machinga", "market": "Mangamba", "commodity": "Pigeon peas", "price": 1650.0, "pct_change": 65.0, "zscore": 2.969, "spike_severity": "Critical" }, "geometry": { "type": "Point", "coordinates": [ 35.44, -14.79 ] } },
{ "type": "Feature", "properties": { "date": "2024-01-15", "region": "Southern Region", "district": "Machinga", "market": "Mangamba", "commodity": "Pigeon peas", "price": 2350.0, "pct_change": 42.42, "zscore": 2.719, "spike_severity": "Severe" }, "geometry": { "type": "Point", "coordinates": [ 35.44, -14.79 ] } },
{ "type": "Feature", "properties": { "date": "2024-02-15", "region": "Southern Region", "district": "Machinga", "market": "Mangamba", "commodity": "Pigeon peas", "price": 2950.0, "pct_change": 25.53, "zscore": 2.389, "spike_severity": "Moderate" }, "geometry": { "type": "Point", "coordinates": [ 35.44, -14.79 ] } },
{ "type": "Feature", "properties": { "date": "2021-04-15", "region": "Southern Region", "district": "Machinga", "market": "Mangamba", "commodity": "Rice", "price": 900.0, "pct_change": 24.14, "zscore": 1.555, "spike_severity": "Moderate" }, "geometry": { "type": "Point", "coordinates": [ 35.44, -14.79 ] } },
{ "type": "Feature", "properties": { "date": "2025-04-15", "region": "Southern Region", "district": "Machinga", "market": "Mangamba", "commodity": "Rice", "price": 3500.0, "pct_change": 288.89, "zscore": 2.264, "spike_severity": "Severe" }, "geometry": { "type": "Point", "coordinates": [ 35.44, -14.79 ] } },
{ "type": "Feature", "properties": { "date": "2025-04-15", "region": "Southern Region", "district": "Machinga", "market": "Mangamba", "commodity": "Sorghum", "price": 1000.0, "pct_change": 207.69, "zscore": 2.007, "spike_severity": "Severe" }, "geometry": { "type": "Point", "coordinates": [ 35.44, -14.79 ] } },
{ "type": "Feature", "properties": { "date": "2025-10-15", "region": "Southern Region", "district": "Machinga", "market": "Mangamba", "commodity": "Soybeans", "price": 2816.67, "pct_change": 28.03, "zscore": 1.586, "spike_severity": "Moderate" }, "geometry": { "type": "Point", "coordinates": [ 35.44, -14.79 ] } },
{ "type": "Feature", "properties": { "date": "2025-12-15", "region": "Southern Region", "district": "Machinga", "market": "Mangamba", "commodity": "Soybeans", "price": 3500.0, "pct_change": 26.0, "zscore": 1.668, "spike_severity": "Moderate" }, "geometry": { "type": "Point", "coordinates": [ 35.44, -14.79 ] } },
{ "type": "Feature", "properties": { "date": "2026-03-15", "region": "Southern Region", "district": "Machinga", "market": "Mangamba", "commodity": "Soybeans", "price": 5000.0, "pct_change": 66.67, "zscore": 2.261, "spike_severity": "Severe" }, "geometry": { "type": "Point", "coordinates": [ 35.44, -14.79 ] } },
{ "type": "Feature", "properties": { "date": "2025-03-15", "region": "Southern Region", "district": "Machinga", "market": "Mangamba", "commodity": "Sugar", "price": 3500.0, "pct_change": 311.76, "zscore": 2.267, "spike_severity": "Severe" }, "geometry": { "type": "Point", "coordinates": [ 35.44, -14.79 ] } },
{ "type": "Feature", "properties": { "date": "2025-06-15", "region": "Southern Region", "district": "Machinga", "market": "Mangamba", "commodity": "Sugar", "price": 5250.0, "pct_change": 30.1, "zscore": 1.793, "spike_severity": "Moderate" }, "geometry": { "type": "Point", "coordinates": [ 35.44, -14.79 ] } },
{ "type": "Feature", "properties": { "date": "2025-03-15", "region": "Southern Region", "district": "Machinga", "market": "Mangamba", "commodity": "Sweet potatoes", "price": 1111.11, "pct_change": 344.44, "zscore": 2.247, "spike_severity": "Severe" }, "geometry": { "type": "Point", "coordinates": [ 35.44, -14.79 ] } },
{ "type": "Feature", "properties": { "date": "2025-09-15", "region": "Southern Region", "district": "Machinga", "market": "Mangamba", "commodity": "Sweet potatoes", "price": 1111.0, "pct_change": 33.32, "zscore": 1.598, "spike_severity": "Moderate" }, "geometry": { "type": "Point", "coordinates": [ 35.44, -14.79 ] } },
{ "type": "Feature", "properties": { "date": "2024-09-15", "region": "Southern Region", "district": "Machinga", "market": "Mangochi Turn Off", "commodity": "Beans", "price": 4000.0, "pct_change": 33.33, "zscore": 2.195, "spike_severity": "Moderate" }, "geometry": { "type": "Point", "coordinates": [ 35.19, -15.04 ] } },
{ "type": "Feature", "properties": { "date": "2025-02-15", "region": "Southern Region", "district": "Machinga", "market": "Mangochi Turn Off", "commodity": "Beans", "price": 6000.0, "pct_change": 50.0, "zscore": 2.507, "spike_severity": "Severe" }, "geometry": { "type": "Point", "coordinates": [ 35.19, -15.04 ] } },
{ "type": "Feature", "properties": { "date": "2025-09-15", "region": "Southern Region", "district": "Machinga", "market": "Mangochi Turn Off", "commodity": "Beans", "price": 8434.78, "pct_change": 68.7, "zscore": 2.18, "spike_severity": "Severe" }, "geometry": { "type": "Point", "coordinates": [ 35.19, -15.04 ] } },
{ "type": "Feature", "properties": { "date": "2023-11-15", "region": "Southern Region", "district": "Machinga", "market": "Mangochi Turn Off", "commodity": "Cowpeas", "price": 1550.0, "pct_change": 67.57, "zscore": 1.875, "spike_severity": "Moderate" }, "geometry": { "type": "Point", "coordinates": [ 35.19, -15.04 ] } },
{ "type": "Feature", "properties": { "date": "2023-12-15", "region": "Southern Region", "district": "Machinga", "market": "Mangochi Turn Off", "commodity": "Cowpeas", "price": 2000.0, "pct_change": 29.03, "zscore": 1.939, "spike_severity": "Moderate" }, "geometry": { "type": "Point", "coordinates": [ 35.19, -15.04 ] } },
{ "type": "Feature", "properties": { "date": "2024-09-15", "region": "Southern Region", "district": "Machinga", "market": "Mangochi Turn Off", "commodity": "Cowpeas", "price": 2800.0, "pct_change": 29.68, "zscore": 1.906, "spike_severity": "Moderate" }, "geometry": { "type": "Point", "coordinates": [ 35.19, -15.04 ] } },
{ "type": "Feature", "properties": { "date": "2025-04-15", "region": "Southern Region", "district": "Machinga", "market": "Mangochi Turn Off", "commodity": "Maize", "price": 973.53, "pct_change": 190.61, "zscore": 2.969, "spike_severity": "Critical" }, "geometry": { "type": "Point", "coordinates": [ 35.19, -15.04 ] } },
{ "type": "Feature", "properties": { "date": "2025-09-15", "region": "Southern Region", "district": "Machinga", "market": "Mangochi Turn Off", "commodity": "Maize", "price": 1482.61, "pct_change": 74.42, "zscore": 2.419, "spike_severity": "Severe" }, "geometry": { "type": "Point", "coordinates": [ 35.19, -15.04 ] } },
{ "type": "Feature", "properties": { "date": "2024-02-15", "region": "Southern Region", "district": "Machinga", "market": "Mangochi Turn Off", "commodity": "Maize (new harvest)", "price": 1695.45, "pct_change": 63.02, "zscore": 2.7, "spike_severity": "Critical" }, "geometry": { "type": "Point", "coordinates": [ 35.19, -15.04 ] } },
{ "type": "Feature", "properties": { "date": "2024-02-15", "region": "Southern Region", "district": "Machinga", "market": "Mangochi Turn Off", "commodity": "Pigeon peas", "price": 2318.18, "pct_change": 24.63, "zscore": 1.555, "spike_severity": "Moderate" }, "geometry": { "type": "Point", "coordinates": [ 35.19, -15.04 ] } },
{ "type": "Feature", "properties": { "date": "2025-02-15", "region": "Southern Region", "district": "Machinga", "market": "Mangochi Turn Off", "commodity": "Pigeon peas", "price": 2883.33, "pct_change": 69.61, "zscore": 1.95, "spike_severity": "Moderate" }, "geometry": { "type": "Point", "coordinates": [ 35.19, -15.04 ] } },
{ "type": "Feature", "properties": { "date": "2025-09-15", "region": "Southern Region", "district": "Machinga", "market": "Mangochi Turn Off", "commodity": "Sweet potatoes", "price": 1111.0, "pct_change": 99.98, "zscore": 1.61, "spike_severity": "Moderate" }, "geometry": { "type": "Point", "coordinates": [ 35.19, -15.04 ] } },
{ "type": "Feature", "properties": { "date": "2022-03-15", "region": "Southern Region", "district": "Machinga", "market": "Mbonechela", "commodity": "Beans", "price": 1600.0, "pct_change": 23.08, "zscore": 2.126, "spike_severity": "Moderate" }, "geometry": { "type": "Point", "coordinates": [ 35.48, -14.89 ] } },
{ "type": "Feature", "properties": { "date": "2023-01-15", "region": "Southern Region", "district": "Machinga", "market": "Mbonechela", "commodity": "Beans", "price": 2043.75, "pct_change": 26.16, "zscore": 2.366, "spike_severity": "Moderate" }, "geometry": { "type": "Point", "coordinates": [ 35.48, -14.89 ] } },
{ "type": "Feature", "properties": { "date": "2024-09-15", "region": "Southern Region", "district": "Machinga", "market": "Mbonechela", "commodity": "Beans", "price": 4050.0, "pct_change": 35.0, "zscore": 2.449, "spike_severity": "Moderate" }, "geometry": { "type": "Point", "coordinates": [ 35.48, -14.89 ] } },
{ "type": "Feature", "properties": { "date": "2024-12-15", "region": "Southern Region", "district": "Machinga", "market": "Mbonechela", "commodity": "Beans", "price": 5043.75, "pct_change": 24.54, "zscore": 2.067, "spike_severity": "Moderate" }, "geometry": { "type": "Point", "coordinates": [ 35.48, -14.89 ] } },
{ "type": "Feature", "properties": { "date": "2025-08-15", "region": "Southern Region", "district": "Machinga", "market": "Mbonechela", "commodity": "Beans", "price": 6000.0, "pct_change": 45.45, "zscore": 1.549, "spike_severity": "Moderate" }, "geometry": { "type": "Point", "coordinates": [ 35.48, -14.89 ] } },
{ "type": "Feature", "properties": { "date": "2025-06-15", "region": "Southern Region", "district": "Machinga", "market": "Mbonechela", "commodity": "Cassava", "price": 2900.0, "pct_change": 866.67, "zscore": 2.268, "spike_severity": "Severe" }, "geometry": { "type": "Point", "coordinates": [ 35.48, -14.89 ] } },
{ "type": "Feature", "properties": { "date": "2022-07-15", "region": "Southern Region", "district": "Machinga", "market": "Mbonechela", "commodity": "Cowpeas", "price": 1225.0, "pct_change": 53.12, "zscore": 2.582, "spike_severity": "Severe" }, "geometry": { "type": "Point", "coordinates": [ 35.48, -14.89 ] } },
{ "type": "Feature", "properties": { "date": "2023-01-15", "region": "Southern Region", "district": "Machinga", "market": "Mbonechela", "commodity": "Cowpeas", "price": 1659.37, "pct_change": 35.46, "zscore": 2.668, "spike_severity": "Moderate" }, "geometry": { "type": "Point", "coordinates": [ 35.48, -14.89 ] } },
{ "type": "Feature", "properties": { "date": "2024-09-15", "region": "Southern Region", "district": "Machinga", "market": "Mbonechela", "commodity": "Cowpeas", "price": 2700.0, "pct_change": 68.75, "zscore": 2.379, "spike_severity": "Severe" }, "geometry": { "type": "Point", "coordinates": [ 35.48, -14.89 ] } },
{ "type": "Feature", "properties": { "date": "2025-01-15", "region": "Southern Region", "district": "Machinga", "market": "Mbonechela", "commodity": "Cowpeas", "price": 3714.71, "pct_change": 27.54, "zscore": 2.037, "spike_severity": "Moderate" }, "geometry": { "type": "Point", "coordinates": [ 35.48, -14.89 ] } },
{ "type": "Feature", "properties": { "date": "2025-10-15", "region": "Southern Region", "district": "Machinga", "market": "Mbonechela", "commodity": "Cowpeas", "price": 5247.06, "pct_change": 50.85, "zscore": 2.283, "spike_severity": "Severe" }, "geometry": { "type": "Point", "coordinates": [ 35.48, -14.89 ] } },
{ "type": "Feature", "properties": { "date": "2026-01-15", "region": "Southern Region", "district": "Machinga", "market": "Mbonechela", "commodity": "Exotic vegetables", "price": 1500.0, "pct_change": 300.0, "zscore": 1.779, "spike_severity": "Moderate" }, "geometry": { "type": "Point", "coordinates": [ 35.48, -14.89 ] } },
{ "type": "Feature", "properties": { "date": "2022-01-15", "region": "Southern Region", "district": "Machinga", "market": "Mbonechela", "commodity": "Maize", "price": 210.0, "pct_change": 29.23, "zscore": 1.542, "spike_severity": "Moderate" }, "geometry": { "type": "Point", "coordinates": [ 35.48, -14.89 ] } },
{ "type": "Feature", "properties": { "date": "2022-08-15", "region": "Southern Region", "district": "Machinga", "market": "Mbonechela", "commodity": "Maize", "price": 345.0, "pct_change": 64.29, "zscore": 2.816, "spike_severity": "Critical" }, "geometry": { "type": "Point", "coordinates": [ 35.48, -14.89 ] } },
{ "type": "Feature", "properties": { "date": "2025-09-15", "region": "Southern Region", "district": "Machinga", "market": "Mbonechela", "commodity": "Maize", "price": 1482.61, "pct_change": 317.64, "zscore": 3.114, "spike_severity": "Critical" }, "geometry": { "type": "Point", "coordinates": [ 35.48, -14.89 ] } },
{ "type": "Feature", "properties": { "date": "2025-11-15", "region": "Southern Region", "district": "Machinga", "market": "Mbonechela", "commodity": "Maize", "price": 1256.25, "pct_change": 21.69, "zscore": 1.606, "spike_severity": "Moderate" }, "geometry": { "type": "Point", "coordinates": [ 35.48, -14.89 ] } },
{ "type": "Feature", "properties": { "date": "2023-01-15", "region": "Southern Region", "district": "Machinga", "market": "Mbonechela", "commodity": "Maize (new harvest)", "price": 516.87, "pct_change": 134.94, "zscore": 2.278, "spike_severity": "Severe" }, "geometry": { "type": "Point", "coordinates": [ 35.48, -14.89 ] } },
{ "type": "Feature", "properties": { "date": "2023-07-15", "region": "Southern Region", "district": "Machinga", "market": "Mbonechela", "commodity": "Maize (new harvest)", "price": 734.37, "pct_change": 48.36, "zscore": 1.983, "spike_severity": "Moderate" }, "geometry": { "type": "Point", "coordinates": [ 35.48, -14.89 ] } },
{ "type": "Feature", "properties": { "date": "2025-01-15", "region": "Southern Region", "district": "Machinga", "market": "Mbonechela", "commodity": "Maize (new harvest)", "price": 1400.0, "pct_change": 23.08, "zscore": 2.116, "spike_severity": "Moderate" }, "geometry": { "type": "Point", "coordinates": [ 35.48, -14.89 ] } },
{ "type": "Feature", "properties": { "date": "2025-05-15", "region": "Southern Region", "district": "Machinga", "market": "Mbonechela", "commodity": "Millet", "price": 800.0, "pct_change": 166.67, "zscore": 1.781, "spike_severity": "Moderate" }, "geometry": { "type": "Point", "coordinates": [ 35.48, -14.89 ] } },
{ "type": "Feature", "properties": { "date": "2021-03-15", "region": "Southern Region", "district": "Machinga", "market": "Mbonechela", "commodity": "Oil (vegetable)", "price": 1550.0, "pct_change": 29.17, "zscore": 1.739, "spike_severity": "Moderate" }, "geometry": { "type": "Point", "coordinates": [ 35.48, -14.89 ] } },
{ "type": "Feature", "properties": { "date": "2025-03-15", "region": "Southern Region", "district": "Machinga", "market": "Mbonechela", "commodity": "Oil (vegetable)", "price": 7500.0, "pct_change": 525.0, "zscore": 2.465, "spike_severity": "Severe" }, "geometry": { "type": "Point", "coordinates": [ 35.48, -14.89 ] } },
{ "type": "Feature", "properties": { "date": "2023-12-15", "region": "Southern Region", "district": "Machinga", "market": "Mbonechela", "commodity": "Pigeon peas", "price": 1650.0, "pct_change": 69.23, "zscore": 2.868, "spike_severity": "Critical" }, "geometry": { "type": "Point", "coordinates": [ 35.48, -14.89 ] } },
{ "type": "Feature", "properties": { "date": "2024-01-15", "region": "Southern Region", "district": "Machinga", "market": "Mbonechela", "commodity": "Pigeon peas", "price": 2025.0, "pct_change": 22.73, "zscore": 2.484, "spike_severity": "Moderate" }, "geometry": { "type": "Point", "coordinates": [ 35.48, -14.89 ] } },
{ "type": "Feature", "properties": { "date": "2024-02-15", "region": "Southern Region", "district": "Machinga", "market": "Mbonechela", "commodity": "Pigeon peas", "price": 2977.78, "pct_change": 47.05, "zscore": 2.585, "spike_severity": "Severe" }, "geometry": { "type": "Point", "coordinates": [ 35.48, -14.89 ] } },
{ "type": "Feature", "properties": { "date": "2024-10-15", "region": "Southern Region", "district": "Machinga", "market": "Mbonechela", "commodity": "Pigeon peas", "price": 2750.0, "pct_change": 37.5, "zscore": 1.6, "spike_severity": "Moderate" }, "geometry": { "type": "Point", "coordinates": [ 35.48, -14.89 ] } },
{ "type": "Feature", "properties": { "date": "2021-10-15", "region": "Southern Region", "district": "Machinga", "market": "Mbonechela", "commodity": "Potatoes", "price": 900.0, "pct_change": 28.57, "zscore": 1.515, "spike_severity": "Moderate" }, "geometry": { "type": "Point", "coordinates": [ 35.48, -14.89 ] } },
{ "type": "Feature", "properties": { "date": "2025-05-15", "region": "Southern Region", "district": "Machinga", "market": "Mbonechela", "commodity": "Rice", "price": 3500.0, "pct_change": 400.0, "zscore": 2.459, "spike_severity": "Severe" }, "geometry": { "type": "Point", "coordinates": [ 35.48, -14.89 ] } },
{ "type": "Feature", "properties": { "date": "2025-08-15", "region": "Southern Region", "district": "Machinga", "market": "Mbonechela", "commodity": "Sorghum", "price": 1300.0, "pct_change": 420.0, "zscore": 2.26, "spike_severity": "Severe" }, "geometry": { "type": "Point", "coordinates": [ 35.48, -14.89 ] } },
{ "type": "Feature", "properties": { "date": "2025-03-15", "region": "Southern Region", "district": "Machinga", "market": "Mbonechela", "commodity": "Sugar", "price": 3700.0, "pct_change": 311.11, "zscore": 2.474, "spike_severity": "Severe" }, "geometry": { "type": "Point", "coordinates": [ 35.48, -14.89 ] } },
{ "type": "Feature", "properties": { "date": "2025-06-15", "region": "Southern Region", "district": "Machinga", "market": "Mbonechela", "commodity": "Sugar", "price": 5070.0, "pct_change": 30.65, "zscore": 1.84, "spike_severity": "Moderate" }, "geometry": { "type": "Point", "coordinates": [ 35.48, -14.89 ] } },
{ "type": "Feature", "properties": { "date": "2021-10-15", "region": "Southern Region", "district": "Machinga", "market": "Mbonechela", "commodity": "Sweet potatoes", "price": 350.0, "pct_change": 27.27, "zscore": 1.739, "spike_severity": "Moderate" }, "geometry": { "type": "Point", "coordinates": [ 35.48, -14.89 ] } },
{ "type": "Feature", "properties": { "date": "2025-03-15", "region": "Southern Region", "district": "Machinga", "market": "Mbonechela", "commodity": "Sweet potatoes", "price": 1111.11, "pct_change": 217.46, "zscore": 2.468, "spike_severity": "Severe" }, "geometry": { "type": "Point", "coordinates": [ 35.48, -14.89 ] } },
{ "type": "Feature", "properties": { "date": "2025-09-15", "region": "Southern Region", "district": "Machinga", "market": "Mbonechela", "commodity": "Sweet potatoes", "price": 1111.0, "pct_change": 99.98, "zscore": 1.829, "spike_severity": "Moderate" }, "geometry": { "type": "Point", "coordinates": [ 35.48, -14.89 ] } },
{ "type": "Feature", "properties": { "date": "2022-02-15", "region": "Southern Region", "district": "Machinga", "market": "Mpita", "commodity": "Beans", "price": 1400.0, "pct_change": 43.59, "zscore": 2.132, "spike_severity": "Severe" }, "geometry": { "type": "Point", "coordinates": [ 35.47, -15.19 ] } },
{ "type": "Feature", "properties": { "date": "2024-02-15", "region": "Southern Region", "district": "Machinga", "market": "Mpita", "commodity": "Beans", "price": 2555.56, "pct_change": 27.78, "zscore": 2.013, "spike_severity": "Moderate" }, "geometry": { "type": "Point", "coordinates": [ 35.47, -15.19 ] } },
{ "type": "Feature", "properties": { "date": "2024-05-15", "region": "Southern Region", "district": "Machinga", "market": "Mpita", "commodity": "Beans", "price": 4000.0, "pct_change": 60.0, "zscore": 2.641, "spike_severity": "Critical" }, "geometry": { "type": "Point", "coordinates": [ 35.47, -15.19 ] } },
{ "type": "Feature", "properties": { "date": "2024-09-15", "region": "Southern Region", "district": "Machinga", "market": "Mpita", "commodity": "Beans", "price": 5000.0, "pct_change": 25.0, "zscore": 2.147, "spike_severity": "Moderate" }, "geometry": { "type": "Point", "coordinates": [ 35.47, -15.19 ] } },
{ "type": "Feature", "properties": { "date": "2025-08-15", "region": "Southern Region", "district": "Machinga", "market": "Mpita", "commodity": "Beans", "price": 6500.0, "pct_change": 26.83, "zscore": 1.574, "spike_severity": "Moderate" }, "geometry": { "type": "Point", "coordinates": [ 35.47, -15.19 ] } },
{ "type": "Feature", "properties": { "date": "2025-03-15", "region": "Southern Region", "district": "Machinga", "market": "Mpita", "commodity": "Cassava", "price": 4000.0, "pct_change": 1042.86, "zscore": 2.257, "spike_severity": "Severe" }, "geometry": { "type": "Point", "coordinates": [ 35.47, -15.19 ] } },
{ "type": "Feature", "properties": { "date": "2023-06-15", "region": "Southern Region", "district": "Machinga", "market": "Mpita", "commodity": "Cowpeas", "price": 1000.0, "pct_change": 42.86, "zscore": 1.552, "spike_severity": "Moderate" }, "geometry": { "type": "Point", "coordinates": [ 35.47, -15.19 ] } },
{ "type": "Feature", "properties": { "date": "2024-02-15", "region": "Southern Region", "district": "Machinga", "market": "Mpita", "commodity": "Cowpeas", "price": 1950.0, "pct_change": 62.5, "zscore": 2.678, "spike_severity": "Critical" }, "geometry": { "type": "Point", "coordinates": [ 35.47, -15.19 ] } },
{ "type": "Feature", "properties": { "date": "2025-04-15", "region": "Southern Region", "district": "Machinga", "market": "Mpita", "commodity": "Cowpeas", "price": 4000.0, "pct_change": 33.33, "zscore": 2.143, "spike_severity": "Moderate" }, "geometry": { "type": "Point", "coordinates": [ 35.47, -15.19 ] } },
{ "type": "Feature", "properties": { "date": "2025-10-15", "region": "Southern Region", "district": "Machinga", "market": "Mpita", "commodity": "Cowpeas", "price": 4240.39, "pct_change": 26.66, "zscore": 1.87, "spike_severity": "Moderate" }, "geometry": { "type": "Point", "coordinates": [ 35.47, -15.19 ] } },
{ "type": "Feature", "properties": { "date": "2026-01-15", "region": "Southern Region", "district": "Machinga", "market": "Mpita", "commodity": "Exotic vegetables", "price": 1200.0, "pct_change": 300.0, "zscore": 1.783, "spike_severity": "Moderate" }, "geometry": { "type": "Point", "coordinates": [ 35.47, -15.19 ] } },
{ "type": "Feature", "properties": { "date": "2025-08-15", "region": "Southern Region", "district": "Machinga", "market": "Mpita", "commodity": "Groundnuts (shelled)", "price": 7000.0, "pct_change": 55.56, "zscore": 1.755, "spike_severity": "Moderate" }, "geometry": { "type": "Point", "coordinates": [ 35.47, -15.19 ] } },
{ "type": "Feature", "properties": { "date": "2026-01-15", "region": "Southern Region", "district": "Machinga", "market": "Mpita", "commodity": "Groundnuts (shelled)", "price": 14000.0, "pct_change": 100.0, "zscore": 2.336, "spike_severity": "Severe" }, "geometry": { "type": "Point", "coordinates": [ 35.47, -15.19 ] } },
{ "type": "Feature", "properties": { "date": "2026-01-15", "region": "Southern Region", "district": "Machinga", "market": "Mpita", "commodity": "Local vegetables", "price": 1000.0, "pct_change": 566.67, "zscore": 1.758, "spike_severity": "Moderate" }, "geometry": { "type": "Point", "coordinates": [ 35.47, -15.19 ] } },
{ "type": "Feature", "properties": { "date": "2022-08-15", "region": "Southern Region", "district": "Machinga", "market": "Mpita", "commodity": "Maize", "price": 342.5, "pct_change": 71.25, "zscore": 2.654, "spike_severity": "Critical" }, "geometry": { "type": "Point", "coordinates": [ 35.47, -15.19 ] } },
{ "type": "Feature", "properties": { "date": "2025-09-15", "region": "Southern Region", "district": "Machinga", "market": "Mpita", "commodity": "Maize", "price": 1570.0, "pct_change": 390.62, "zscore": 3.138, "spike_severity": "Critical" }, "geometry": { "type": "Point", "coordinates": [ 35.47, -15.19 ] } },
{ "type": "Feature", "properties": { "date": "2023-01-15", "region": "Southern Region", "district": "Machinga", "market": "Mpita", "commodity": "Maize (new harvest)", "price": 530.0, "pct_change": 360.87, "zscore": 2.184, "spike_severity": "Severe" }, "geometry": { "type": "Point", "coordinates": [ 35.47, -15.19 ] } },
{ "type": "Feature", "properties": { "date": "2024-09-15", "region": "Southern Region", "district": "Machinga", "market": "Mpita", "commodity": "Maize (new harvest)", "price": 1000.0, "pct_change": 25.0, "zscore": 2.091, "spike_severity": "Moderate" }, "geometry": { "type": "Point", "coordinates": [ 35.47, -15.19 ] } },
{ "type": "Feature", "properties": { "date": "2025-01-15", "region": "Southern Region", "district": "Machinga", "market": "Mpita", "commodity": "Maize (new harvest)", "price": 1400.0, "pct_change": 23.08, "zscore": 2.29, "spike_severity": "Moderate" }, "geometry": { "type": "Point", "coordinates": [ 35.47, -15.19 ] } },
{ "type": "Feature", "properties": { "date": "2025-02-15", "region": "Southern Region", "district": "Machinga", "market": "Mpita", "commodity": "Maize (new harvest)", "price": 1703.57, "pct_change": 21.68, "zscore": 2.302, "spike_severity": "Moderate" }, "geometry": { "type": "Point", "coordinates": [ 35.47, -15.19 ] } },
{ "type": "Feature", "properties": { "date": "2025-10-15", "region": "Southern Region", "district": "Machinga", "market": "Mpita", "commodity": "Millet", "price": 2000.0, "pct_change": 300.0, "zscore": 2.266, "spike_severity": "Severe" }, "geometry": { "type": "Point", "coordinates": [ 35.47, -15.19 ] } },
{ "type": "Feature", "properties": { "date": "2025-11-15", "region": "Southern Region", "district": "Machinga", "market": "Mpita", "commodity": "Millet", "price": 6000.0, "pct_change": 200.0, "zscore": 2.379, "spike_severity": "Severe" }, "geometry": { "type": "Point", "coordinates": [ 35.47, -15.19 ] } },
{ "type": "Feature", "properties": { "date": "2021-04-15", "region": "Southern Region", "district": "Machinga", "market": "Mpita", "commodity": "Oil (vegetable)", "price": 1400.0, "pct_change": 21.74, "zscore": 1.779, "spike_severity": "Moderate" }, "geometry": { "type": "Point", "coordinates": [ 35.47, -15.19 ] } },
{ "type": "Feature", "properties": { "date": "2025-03-15", "region": "Southern Region", "district": "Machinga", "market": "Mpita", "commodity": "Oil (vegetable)", "price": 7500.0, "pct_change": 552.17, "zscore": 2.266, "spike_severity": "Severe" }, "geometry": { "type": "Point", "coordinates": [ 35.47, -15.19 ] } },
{ "type": "Feature", "properties": { "date": "2023-01-15", "region": "Southern Region", "district": "Machinga", "market": "Mpita", "commodity": "Pigeon peas", "price": 750.0, "pct_change": 66.67, "zscore": 1.964, "spike_severity": "Moderate" }, "geometry": { "type": "Point", "coordinates": [ 35.47, -15.19 ] } },
{ "type": "Feature", "properties": { "date": "2023-04-15", "region": "Southern Region", "district": "Machinga", "market": "Mpita", "commodity": "Pigeon peas", "price": 1000.0, "pct_change": 33.33, "zscore": 2.049, "spike_severity": "Moderate" }, "geometry": { "type": "Point", "coordinates": [ 35.47, -15.19 ] } },
{ "type": "Feature", "properties": { "date": "2023-09-15", "region": "Southern Region", "district": "Machinga", "market": "Mpita", "commodity": "Pigeon peas", "price": 1066.67, "pct_change": 30.08, "zscore": 1.569, "spike_severity": "Moderate" }, "geometry": { "type": "Point", "coordinates": [ 35.47, -15.19 ] } },
{ "type": "Feature", "properties": { "date": "2024-02-15", "region": "Southern Region", "district": "Machinga", "market": "Mpita", "commodity": "Pigeon peas", "price": 2350.0, "pct_change": 95.83, "zscore": 2.741, "spike_severity": "Critical" }, "geometry": { "type": "Point", "coordinates": [ 35.47, -15.19 ] } },
{ "type": "Feature", "properties": { "date": "2025-11-15", "region": "Southern Region", "district": "Machinga", "market": "Mpita", "commodity": "Pigeon peas", "price": 4000.0, "pct_change": 137.99, "zscore": 1.794, "spike_severity": "Moderate" }, "geometry": { "type": "Point", "coordinates": [ 35.47, -15.19 ] } },
{ "type": "Feature", "properties": { "date": "2026-04-15", "region": "Southern Region", "district": "Machinga", "market": "Mpita", "commodity": "Pigeon peas", "price": 5000.0, "pct_change": 65.78, "zscore": 2.132, "spike_severity": "Severe" }, "geometry": { "type": "Point", "coordinates": [ 35.47, -15.19 ] } },
{ "type": "Feature", "properties": { "date": "2025-04-15", "region": "Southern Region", "district": "Machinga", "market": "Mpita", "commodity": "Rice", "price": 4500.0, "pct_change": 1025.0, "zscore": 2.263, "spike_severity": "Severe" }, "geometry": { "type": "Point", "coordinates": [ 35.47, -15.19 ] } },
{ "type": "Feature", "properties": { "date": "2025-11-15", "region": "Southern Region", "district": "Machinga", "market": "Mpita", "commodity": "Sorghum", "price": 6000.0, "pct_change": 1233.33, "zscore": 2.268, "spike_severity": "Severe" }, "geometry": { "type": "Point", "coordinates": [ 35.47, -15.19 ] } },
{ "type": "Feature", "properties": { "date": "2025-11-15", "region": "Southern Region", "district": "Machinga", "market": "Mpita", "commodity": "Soybeans", "price": 7500.0, "pct_change": 226.09, "zscore": 2.034, "spike_severity": "Severe" }, "geometry": { "type": "Point", "coordinates": [ 35.47, -15.19 ] } },
{ "type": "Feature", "properties": { "date": "2025-03-15", "region": "Southern Region", "district": "Machinga", "market": "Mpita", "commodity": "Sugar", "price": 4000.0, "pct_change": 400.0, "zscore": 2.267, "spike_severity": "Severe" }, "geometry": { "type": "Point", "coordinates": [ 35.47, -15.19 ] } },
{ "type": "Feature", "properties": { "date": "2025-06-15", "region": "Southern Region", "district": "Machinga", "market": "Mpita", "commodity": "Sugar", "price": 5350.0, "pct_change": 34.02, "zscore": 1.728, "spike_severity": "Moderate" }, "geometry": { "type": "Point", "coordinates": [ 35.47, -15.19 ] } },
{ "type": "Feature", "properties": { "date": "2025-03-15", "region": "Southern Region", "district": "Machinga", "market": "Mpita", "commodity": "Sweet potatoes", "price": 1111.11, "pct_change": 270.37, "zscore": 2.127, "spike_severity": "Severe" }, "geometry": { "type": "Point", "coordinates": [ 35.47, -15.19 ] } },
{ "type": "Feature", "properties": { "date": "2025-08-15", "region": "Southern Region", "district": "Machinga", "market": "Mpita", "commodity": "Sweet potatoes", "price": 1111.11, "pct_change": 100.0, "zscore": 1.765, "spike_severity": "Moderate" }, "geometry": { "type": "Point", "coordinates": [ 35.47, -15.19 ] } },
{ "type": "Feature", "properties": { "date": "2022-02-15", "region": "Southern Region", "district": "Machinga", "market": "Nayuchi", "commodity": "Beans", "price": 1412.5, "pct_change": 41.25, "zscore": 1.725, "spike_severity": "Moderate" }, "geometry": { "type": "Point", "coordinates": [ 35.87, -14.98 ] } },
{ "type": "Feature", "properties": { "date": "2023-01-15", "region": "Southern Region", "district": "Machinga", "market": "Nayuchi", "commodity": "Beans", "price": 2000.0, "pct_change": 29.03, "zscore": 2.279, "spike_severity": "Moderate" }, "geometry": { "type": "Point", "coordinates": [ 35.87, -14.98 ] } },
{ "type": "Feature", "properties": { "date": "2023-07-15", "region": "Southern Region", "district": "Machinga", "market": "Nayuchi", "commodity": "Beans", "price": 2222.22, "pct_change": 36.4, "zscore": 1.603, "spike_severity": "Moderate" }, "geometry": { "type": "Point", "coordinates": [ 35.87, -14.98 ] } },
{ "type": "Feature", "properties": { "date": "2024-01-15", "region": "Southern Region", "district": "Machinga", "market": "Nayuchi", "commodity": "Beans", "price": 2931.37, "pct_change": 23.86, "zscore": 2.053, "spike_severity": "Moderate" }, "geometry": { "type": "Point", "coordinates": [ 35.87, -14.98 ] } },
{ "type": "Feature", "properties": { "date": "2024-05-15", "region": "Southern Region", "district": "Machinga", "market": "Nayuchi", "commodity": "Beans", "price": 4000.0, "pct_change": 21.21, "zscore": 2.189, "spike_severity": "Moderate" }, "geometry": { "type": "Point", "coordinates": [ 35.87, -14.98 ] } },
{ "type": "Feature", "properties": { "date": "2025-04-15", "region": "Southern Region", "district": "Machinga", "market": "Nayuchi", "commodity": "Beans", "price": 6000.0, "pct_change": 50.0, "zscore": 2.099, "spike_severity": "Severe" }, "geometry": { "type": "Point", "coordinates": [ 35.87, -14.98 ] } },
{ "type": "Feature", "properties": { "date": "2025-04-15", "region": "Southern Region", "district": "Machinga", "market": "Nayuchi", "commodity": "Cassava", "price": 3200.0, "pct_change": 700.0, "zscore": 2.663, "spike_severity": "Critical" }, "geometry": { "type": "Point", "coordinates": [ 35.87, -14.98 ] } },
{ "type": "Feature", "properties": { "date": "2021-03-15", "region": "Southern Region", "district": "Machinga", "market": "Nayuchi", "commodity": "Cowpeas", "price": 900.0, "pct_change": 28.57, "zscore": 1.758, "spike_severity": "Moderate" }, "geometry": { "type": "Point", "coordinates": [ 35.87, -14.98 ] } },
{ "type": "Feature", "properties": { "date": "2023-01-15", "region": "Southern Region", "district": "Machinga", "market": "Nayuchi", "commodity": "Cowpeas", "price": 1081.25, "pct_change": 35.16, "zscore": 2.079, "spike_severity": "Moderate" }, "geometry": { "type": "Point", "coordinates": [ 35.87, -14.98 ] } },
{ "type": "Feature", "properties": { "date": "2023-11-15", "region": "Southern Region", "district": "Machinga", "market": "Nayuchi", "commodity": "Cowpeas", "price": 1300.0, "pct_change": 29.6, "zscore": 2.471, "spike_severity": "Moderate" }, "geometry": { "type": "Point", "coordinates": [ 35.87, -14.98 ] } },
{ "type": "Feature", "properties": { "date": "2023-12-15", "region": "Southern Region", "district": "Machinga", "market": "Nayuchi", "commodity": "Cowpeas", "price": 1666.67, "pct_change": 28.21, "zscore": 2.581, "spike_severity": "Moderate" }, "geometry": { "type": "Point", "coordinates": [ 35.87, -14.98 ] } },
{ "type": "Feature", "properties": { "date": "2024-05-15", "region": "Southern Region", "district": "Machinga", "market": "Nayuchi", "commodity": "Cowpeas", "price": 2000.0, "pct_change": 20.55, "zscore": 1.839, "spike_severity": "Moderate" }, "geometry": { "type": "Point", "coordinates": [ 35.87, -14.98 ] } },
{ "type": "Feature", "properties": { "date": "2024-09-15", "region": "Southern Region", "district": "Machinga", "market": "Nayuchi", "commodity": "Cowpeas", "price": 2250.0, "pct_change": 52.54, "zscore": 1.798, "spike_severity": "Moderate" }, "geometry": { "type": "Point", "coordinates": [ 35.87, -14.98 ] } },
{ "type": "Feature", "properties": { "date": "2024-12-15", "region": "Southern Region", "district": "Machinga", "market": "Nayuchi", "commodity": "Cowpeas", "price": 2781.25, "pct_change": 39.06, "zscore": 1.988, "spike_severity": "Moderate" }, "geometry": { "type": "Point", "coordinates": [ 35.87, -14.98 ] } },
{ "type": "Feature", "properties": { "date": "2025-03-15", "region": "Southern Region", "district": "Machinga", "market": "Nayuchi", "commodity": "Cowpeas", "price": 4000.0, "pct_change": 33.33, "zscore": 2.264, "spike_severity": "Moderate" }, "geometry": { "type": "Point", "coordinates": [ 35.87, -14.98 ] } },
{ "type": "Feature", "properties": { "date": "2026-02-15", "region": "Southern Region", "district": "Machinga", "market": "Nayuchi", "commodity": "Exotic vegetables", "price": 1340.0, "pct_change": 34.0, "zscore": 1.529, "spike_severity": "Moderate" }, "geometry": { "type": "Point", "coordinates": [ 35.87, -14.98 ] } },
{ "type": "Feature", "properties": { "date": "2026-03-15", "region": "Southern Region", "district": "Machinga", "market": "Nayuchi", "commodity": "Exotic vegetables", "price": 2000.0, "pct_change": 49.25, "zscore": 1.777, "spike_severity": "Moderate" }, "geometry": { "type": "Point", "coordinates": [ 35.87, -14.98 ] } },
{ "type": "Feature", "properties": { "date": "2025-12-15", "region": "Southern Region", "district": "Machinga", "market": "Nayuchi", "commodity": "Groundnuts (shelled)", "price": 10000.0, "pct_change": 42.86, "zscore": 1.687, "spike_severity": "Moderate" }, "geometry": { "type": "Point", "coordinates": [ 35.87, -14.98 ] } },
{ "type": "Feature", "properties": { "date": "2022-08-15", "region": "Southern Region", "district": "Machinga", "market": "Nayuchi", "commodity": "Maize", "price": 310.0, "pct_change": 74.65, "zscore": 2.074, "spike_severity": "Severe" }, "geometry": { "type": "Point", "coordinates": [ 35.87, -14.98 ] } },
{ "type": "Feature", "properties": { "date": "2025-09-15", "region": "Southern Region", "district": "Machinga", "market": "Nayuchi", "commodity": "Maize", "price": 1287.83, "pct_change": 315.43, "zscore": 3.142, "spike_severity": "Critical" }, "geometry": { "type": "Point", "coordinates": [ 35.87, -14.98 ] } },
{ "type": "Feature", "properties": { "date": "2023-01-15", "region": "Southern Region", "district": "Machinga", "market": "Nayuchi", "commodity": "Maize (new harvest)", "price": 503.75, "pct_change": 235.83, "zscore": 2.512, "spike_severity": "Critical" }, "geometry": { "type": "Point", "coordinates": [ 35.87, -14.98 ] } },
{ "type": "Feature", "properties": { "date": "2023-07-15", "region": "Southern Region", "district": "Machinga", "market": "Nayuchi", "commodity": "Maize (new harvest)", "price": 607.78, "pct_change": 34.69, "zscore": 1.58, "spike_severity": "Moderate" }, "geometry": { "type": "Point", "coordinates": [ 35.87, -14.98 ] } },
{ "type": "Feature", "properties": { "date": "2023-08-15", "region": "Southern Region", "district": "Machinga", "market": "Nayuchi", "commodity": "Maize (new harvest)", "price": 740.0, "pct_change": 21.75, "zscore": 1.757, "spike_severity": "Moderate" }, "geometry": { "type": "Point", "coordinates": [ 35.87, -14.98 ] } },
{ "type": "Feature", "properties": { "date": "2025-02-15", "region": "Southern Region", "district": "Machinga", "market": "Nayuchi", "commodity": "Maize (new harvest)", "price": 1526.79, "pct_change": 21.29, "zscore": 2.149, "spike_severity": "Moderate" }, "geometry": { "type": "Point", "coordinates": [ 35.87, -14.98 ] } },
{ "type": "Feature", "properties": { "date": "2025-10-15", "region": "Southern Region", "district": "Machinga", "market": "Nayuchi", "commodity": "Millet", "price": 3331.58, "pct_change": 375.94, "zscore": 2.649, "spike_severity": "Critical" }, "geometry": { "type": "Point", "coordinates": [ 35.87, -14.98 ] } },
{ "type": "Feature", "properties": { "date": "2021-04-15", "region": "Southern Region", "district": "Machinga", "market": "Nayuchi", "commodity": "Oil (vegetable)", "price": 1900.0, "pct_change": 46.15, "zscore": 1.736, "spike_severity": "Moderate" }, "geometry": { "type": "Point", "coordinates": [ 35.87, -14.98 ] } },
{ "type": "Feature", "properties": { "date": "2025-03-15", "region": "Southern Region", "district": "Machinga", "market": "Nayuchi", "commodity": "Oil (vegetable)", "price": 6500.0, "pct_change": 400.0, "zscore": 2.632, "spike_severity": "Critical" }, "geometry": { "type": "Point", "coordinates": [ 35.87, -14.98 ] } },
{ "type": "Feature", "properties": { "date": "2021-03-15", "region": "Southern Region", "district": "Machinga", "market": "Nayuchi", "commodity": "Pigeon peas", "price": 950.0, "pct_change": 90.0, "zscore": 1.509, "spike_severity": "Moderate" }, "geometry": { "type": "Point", "coordinates": [ 35.87, -14.98 ] } },
{ "type": "Feature", "properties": { "date": "2023-06-15", "region": "Southern Region", "district": "Machinga", "market": "Nayuchi", "commodity": "Pigeon peas", "price": 1200.0, "pct_change": 84.62, "zscore": 2.021, "spike_severity": "Severe" }, "geometry": { "type": "Point", "coordinates": [ 35.87, -14.98 ] } },
{ "type": "Feature", "properties": { "date": "2023-11-15", "region": "Southern Region", "district": "Machinga", "market": "Nayuchi", "commodity": "Pigeon peas", "price": 1200.0, "pct_change": 33.33, "zscore": 1.644, "spike_severity": "Moderate" }, "geometry": { "type": "Point", "coordinates": [ 35.87, -14.98 ] } },
{ "type": "Feature", "properties": { "date": "2023-12-15", "region": "Southern Region", "district": "Machinga", "market": "Nayuchi", "commodity": "Pigeon peas", "price": 1500.0, "pct_change": 25.0, "zscore": 2.238, "spike_severity": "Moderate" }, "geometry": { "type": "Point", "coordinates": [ 35.87, -14.98 ] } },
{ "type": "Feature", "properties": { "date": "2024-01-15", "region": "Southern Region", "district": "Machinga", "market": "Nayuchi", "commodity": "Pigeon peas", "price": 1876.47, "pct_change": 25.1, "zscore": 2.35, "spike_severity": "Moderate" }, "geometry": { "type": "Point", "coordinates": [ 35.87, -14.98 ] } },
{ "type": "Feature", "properties": { "date": "2024-05-15", "region": "Southern Region", "district": "Machinga", "market": "Nayuchi", "commodity": "Pigeon peas", "price": 2500.0, "pct_change": 25.0, "zscore": 2.108, "spike_severity": "Moderate" }, "geometry": { "type": "Point", "coordinates": [ 35.87, -14.98 ] } },
{ "type": "Feature", "properties": { "date": "2025-01-15", "region": "Southern Region", "district": "Machinga", "market": "Nayuchi", "commodity": "Pigeon peas", "price": 3147.06, "pct_change": 24.95, "zscore": 2.006, "spike_severity": "Moderate" }, "geometry": { "type": "Point", "coordinates": [ 35.87, -14.98 ] } },
{ "type": "Feature", "properties": { "date": "2025-09-15", "region": "Southern Region", "district": "Machinga", "market": "Nayuchi", "commodity": "Rice", "price": 4000.0, "pct_change": 515.38, "zscore": 2.665, "spike_severity": "Critical" }, "geometry": { "type": "Point", "coordinates": [ 35.87, -14.98 ] } },
{ "type": "Feature", "properties": { "date": "2025-11-15", "region": "Southern Region", "district": "Machinga", "market": "Nayuchi", "commodity": "Sorghum", "price": 1865.63, "pct_change": 69.6, "zscore": 1.76, "spike_severity": "Moderate" }, "geometry": { "type": "Point", "coordinates": [ 35.87, -14.98 ] } },
{ "type": "Feature", "properties": { "date": "2025-11-15", "region": "Southern Region", "district": "Machinga", "market": "Nayuchi", "commodity": "Soybeans", "price": 2943.75, "pct_change": 50.15, "zscore": 1.843, "spike_severity": "Moderate" }, "geometry": { "type": "Point", "coordinates": [ 35.87, -14.98 ] } },
{ "type": "Feature", "properties": { "date": "2026-01-15", "region": "Southern Region", "district": "Machinga", "market": "Nayuchi", "commodity": "Soybeans", "price": 4000.0, "pct_change": 33.33, "zscore": 1.942, "spike_severity": "Moderate" }, "geometry": { "type": "Point", "coordinates": [ 35.87, -14.98 ] } },
{ "type": "Feature", "properties": { "date": "2025-03-15", "region": "Southern Region", "district": "Machinga", "market": "Nayuchi", "commodity": "Sugar", "price": 4000.0, "pct_change": 400.0, "zscore": 2.665, "spike_severity": "Critical" }, "geometry": { "type": "Point", "coordinates": [ 35.87, -14.98 ] } },
{ "type": "Feature", "properties": { "date": "2025-06-15", "region": "Southern Region", "district": "Machinga", "market": "Nayuchi", "commodity": "Sugar", "price": 5331.67, "pct_change": 33.13, "zscore": 1.946, "spike_severity": "Moderate" }, "geometry": { "type": "Point", "coordinates": [ 35.87, -14.98 ] } },
{ "type": "Feature", "properties": { "date": "2025-07-15", "region": "Southern Region", "district": "Machinga", "market": "Nayuchi", "commodity": "Sweet potatoes", "price": 833.33, "pct_change": 47.54, "zscore": 1.721, "spike_severity": "Moderate" }, "geometry": { "type": "Point", "coordinates": [ 35.87, -14.98 ] } },
{ "type": "Feature", "properties": { "date": "2025-08-15", "region": "Southern Region", "district": "Machinga", "market": "Nayuchi", "commodity": "Sweet potatoes", "price": 1111.11, "pct_change": 33.33, "zscore": 2.104, "spike_severity": "Moderate" }, "geometry": { "type": "Point", "coordinates": [ 35.87, -14.98 ] } },
{ "type": "Feature", "properties": { "date": "2021-01-15", "region": "Southern Region", "district": "Machinga", "market": "Nsanama", "commodity": "Beans", "price": 1600.0, "pct_change": 23.64, "zscore": 1.575, "spike_severity": "Moderate" }, "geometry": { "type": "Point", "coordinates": [ 35.49, -15.0 ] } },
{ "type": "Feature", "properties": { "date": "2023-01-15", "region": "Southern Region", "district": "Machinga", "market": "Nsanama", "commodity": "Beans", "price": 2175.0, "pct_change": 35.94, "zscore": 2.055, "spike_severity": "Moderate" }, "geometry": { "type": "Point", "coordinates": [ 35.49, -15.0 ] } },
{ "type": "Feature", "properties": { "date": "2024-05-15", "region": "Southern Region", "district": "Machinga", "market": "Nsanama", "commodity": "Beans", "price": 4000.0, "pct_change": 45.45, "zscore": 2.308, "spike_severity": "Severe" }, "geometry": { "type": "Point", "coordinates": [ 35.49, -15.0 ] } },
{ "type": "Feature", "properties": { "date": "2025-09-15", "region": "Southern Region", "district": "Machinga", "market": "Nsanama", "commodity": "Beans", "price": 6933.33, "pct_change": 32.77, "zscore": 1.667, "spike_severity": "Moderate" }, "geometry": { "type": "Point", "coordinates": [ 35.49, -15.0 ] } },
{ "type": "Feature", "properties": { "date": "2025-03-15", "region": "Southern Region", "district": "Machinga", "market": "Nsanama", "commodity": "Cassava", "price": 4000.0, "pct_change": 2566.67, "zscore": 2.468, "spike_severity": "Severe" }, "geometry": { "type": "Point", "coordinates": [ 35.49, -15.0 ] } },
{ "type": "Feature", "properties": { "date": "2023-01-15", "region": "Southern Region", "district": "Machinga", "market": "Nsanama", "commodity": "Cowpeas", "price": 1328.13, "pct_change": 40.37, "zscore": 2.548, "spike_severity": "Severe" }, "geometry": { "type": "Point", "coordinates": [ 35.49, -15.0 ] } },
{ "type": "Feature", "properties": { "date": "2023-11-15", "region": "Southern Region", "district": "Machinga", "market": "Nsanama", "commodity": "Cowpeas", "price": 1350.0, "pct_change": 22.73, "zscore": 1.634, "spike_severity": "Moderate" }, "geometry": { "type": "Point", "coordinates": [ 35.49, -15.0 ] } },
{ "type": "Feature", "properties": { "date": "2023-12-15", "region": "Southern Region", "district": "Machinga", "market": "Nsanama", "commodity": "Cowpeas", "price": 1750.0, "pct_change": 29.63, "zscore": 2.379, "spike_severity": "Moderate" }, "geometry": { "type": "Point", "coordinates": [ 35.49, -15.0 ] } },
{ "type": "Feature", "properties": { "date": "2024-09-15", "region": "Southern Region", "district": "Machinga", "market": "Nsanama", "commodity": "Cowpeas", "price": 2500.0, "pct_change": 21.15, "zscore": 2.089, "spike_severity": "Moderate" }, "geometry": { "type": "Point", "coordinates": [ 35.49, -15.0 ] } },
{ "type": "Feature", "properties": { "date": "2025-02-15", "region": "Southern Region", "district": "Machinga", "market": "Nsanama", "commodity": "Cowpeas", "price": 3777.78, "pct_change": 25.93, "zscore": 1.701, "spike_severity": "Moderate" }, "geometry": { "type": "Point", "coordinates": [ 35.49, -15.0 ] } },
{ "type": "Feature", "properties": { "date": "2026-01-15", "region": "Southern Region", "district": "Machinga", "market": "Nsanama", "commodity": "Exotic vegetables", "price": 2500.0, "pct_change": 101.75, "zscore": 1.624, "spike_severity": "Moderate" }, "geometry": { "type": "Point", "coordinates": [ 35.49, -15.0 ] } },
{ "type": "Feature", "properties": { "date": "2026-01-15", "region": "Southern Region", "district": "Machinga", "market": "Nsanama", "commodity": "Local vegetables", "price": 800.0, "pct_change": 60.0, "zscore": 1.568, "spike_severity": "Moderate" }, "geometry": { "type": "Point", "coordinates": [ 35.49, -15.0 ] } },
{ "type": "Feature", "properties": { "date": "2022-01-15", "region": "Southern Region", "district": "Machinga", "market": "Nsanama", "commodity": "Maize", "price": 232.5, "pct_change": 45.31, "zscore": 2.122, "spike_severity": "Severe" }, "geometry": { "type": "Point", "coordinates": [ 35.49, -15.0 ] } },
{ "type": "Feature", "properties": { "date": "2022-08-15", "region": "Southern Region", "district": "Machinga", "market": "Nsanama", "commodity": "Maize", "price": 350.0, "pct_change": 50.54, "zscore": 2.827, "spike_severity": "Severe" }, "geometry": { "type": "Point", "coordinates": [ 35.49, -15.0 ] } },
{ "type": "Feature", "properties": { "date": "2025-09-15", "region": "Southern Region", "district": "Machinga", "market": "Nsanama", "commodity": "Maize", "price": 1480.0, "pct_change": 316.9, "zscore": 3.117, "spike_severity": "Critical" }, "geometry": { "type": "Point", "coordinates": [ 35.49, -15.0 ] } },
{ "type": "Feature", "properties": { "date": "2023-01-15", "region": "Southern Region", "district": "Machinga", "market": "Nsanama", "commodity": "Maize (new harvest)", "price": 534.37, "pct_change": 345.31, "zscore": 2.382, "spike_severity": "Severe" }, "geometry": { "type": "Point", "coordinates": [ 35.49, -15.0 ] } },
{ "type": "Feature", "properties": { "date": "2023-07-15", "region": "Southern Region", "district": "Machinga", "market": "Nsanama", "commodity": "Maize (new harvest)", "price": 728.12, "pct_change": 45.62, "zscore": 1.595, "spike_severity": "Moderate" }, "geometry": { "type": "Point", "coordinates": [ 35.49, -15.0 ] } },
{ "type": "Feature", "properties": { "date": "2025-01-15", "region": "Southern Region", "district": "Machinga", "market": "Nsanama", "commodity": "Maize (new harvest)", "price": 1300.0, "pct_change": 22.71, "zscore": 2.356, "spike_severity": "Moderate" }, "geometry": { "type": "Point", "coordinates": [ 35.49, -15.0 ] } },
{ "type": "Feature", "properties": { "date": "2025-02-15", "region": "Southern Region", "district": "Machinga", "market": "Nsanama", "commodity": "Maize (new harvest)", "price": 1628.57, "pct_change": 25.27, "zscore": 2.452, "spike_severity": "Moderate" }, "geometry": { "type": "Point", "coordinates": [ 35.49, -15.0 ] } },
{ "type": "Feature", "properties": { "date": "2021-04-15", "region": "Southern Region", "district": "Machinga", "market": "Nsanama", "commodity": "Millet", "price": 975.0, "pct_change": 34.48, "zscore": 1.845, "spike_severity": "Moderate" }, "geometry": { "type": "Point", "coordinates": [ 35.49, -15.0 ] } },
{ "type": "Feature", "properties": { "date": "2025-10-15", "region": "Southern Region", "district": "Machinga", "market": "Nsanama", "commodity": "Millet", "price": 3078.95, "pct_change": 339.85, "zscore": 2.46, "spike_severity": "Severe" }, "geometry": { "type": "Point", "coordinates": [ 35.49, -15.0 ] } },
{ "type": "Feature", "properties": { "date": "2026-01-15", "region": "Southern Region", "district": "Machinga", "market": "Nsanama", "commodity": "Millet", "price": 4000.0, "pct_change": 31.15, "zscore": 1.737, "spike_severity": "Moderate" }, "geometry": { "type": "Point", "coordinates": [ 35.49, -15.0 ] } },
{ "type": "Feature", "properties": { "date": "2026-03-15", "region": "Southern Region", "district": "Machinga", "market": "Nsanama", "commodity": "Millet", "price": 6000.0, "pct_change": 100.0, "zscore": 2.16, "spike_severity": "Severe" }, "geometry": { "type": "Point", "coordinates": [ 35.49, -15.0 ] } },
{ "type": "Feature", "properties": { "date": "2025-04-15", "region": "Southern Region", "district": "Machinga", "market": "Nsanama", "commodity": "Oil (vegetable)", "price": 7781.25, "pct_change": 476.39, "zscore": 2.472, "spike_severity": "Severe" }, "geometry": { "type": "Point", "coordinates": [ 35.49, -15.0 ] } },
{ "type": "Feature", "properties": { "date": "2023-02-15", "region": "Southern Region", "district": "Machinga", "market": "Nsanama", "commodity": "Pigeon peas", "price": 1000.0, "pct_change": 21.21, "zscore": 1.778, "spike_severity": "Moderate" }, "geometry": { "type": "Point", "coordinates": [ 35.49, -15.0 ] } },
{ "type": "Feature", "properties": { "date": "2023-10-15", "region": "Southern Region", "district": "Machinga", "market": "Nsanama", "commodity": "Pigeon peas", "price": 1050.0, "pct_change": 75.0, "zscore": 1.713, "spike_severity": "Moderate" }, "geometry": { "type": "Point", "coordinates": [ 35.49, -15.0 ] } },
{ "type": "Feature", "properties": { "date": "2023-11-15", "region": "Southern Region", "district": "Machinga", "market": "Nsanama", "commodity": "Pigeon peas", "price": 1350.0, "pct_change": 28.57, "zscore": 2.419, "spike_severity": "Moderate" }, "geometry": { "type": "Point", "coordinates": [ 35.49, -15.0 ] } },
{ "type": "Feature", "properties": { "date": "2024-01-15", "region": "Southern Region", "district": "Machinga", "market": "Nsanama", "commodity": "Pigeon peas", "price": 2955.0, "pct_change": 97.0, "zscore": 2.892, "spike_severity": "Critical" }, "geometry": { "type": "Point", "coordinates": [ 35.49, -15.0 ] } },
{ "type": "Feature", "properties": { "date": "2024-10-15", "region": "Southern Region", "district": "Machinga", "market": "Nsanama", "commodity": "Pigeon peas", "price": 3000.0, "pct_change": 36.36, "zscore": 1.694, "spike_severity": "Moderate" }, "geometry": { "type": "Point", "coordinates": [ 35.49, -15.0 ] } },
{ "type": "Feature", "properties": { "date": "2025-03-15", "region": "Southern Region", "district": "Machinga", "market": "Nsanama", "commodity": "Rice", "price": 5000.0, "pct_change": 809.09, "zscore": 2.475, "spike_severity": "Severe" }, "geometry": { "type": "Point", "coordinates": [ 35.49, -15.0 ] } },
{ "type": "Feature", "properties": { "date": "2025-08-15", "region": "Southern Region", "district": "Machinga", "market": "Nsanama", "commodity": "Sorghum", "price": 1200.0, "pct_change": 166.67, "zscore": 2.23, "spike_severity": "Severe" }, "geometry": { "type": "Point", "coordinates": [ 35.49, -15.0 ] } },
{ "type": "Feature", "properties": { "date": "2025-11-15", "region": "Southern Region", "district": "Machinga", "market": "Nsanama", "commodity": "Sorghum", "price": 2575.0, "pct_change": 148.35, "zscore": 2.44, "spike_severity": "Severe" }, "geometry": { "type": "Point", "coordinates": [ 35.49, -15.0 ] } },
{ "type": "Feature", "properties": { "date": "2025-12-15", "region": "Southern Region", "district": "Machinga", "market": "Nsanama", "commodity": "Sorghum", "price": 3483.33, "pct_change": 35.27, "zscore": 2.222, "spike_severity": "Moderate" }, "geometry": { "type": "Point", "coordinates": [ 35.49, -15.0 ] } },
{ "type": "Feature", "properties": { "date": "2026-02-15", "region": "Southern Region", "district": "Machinga", "market": "Nsanama", "commodity": "Sorghum", "price": 3000.0, "pct_change": 200.0, "zscore": 1.567, "spike_severity": "Moderate" }, "geometry": { "type": "Point", "coordinates": [ 35.49, -15.0 ] } },
{ "type": "Feature", "properties": { "date": "2025-10-15", "region": "Southern Region", "district": "Machinga", "market": "Nsanama", "commodity": "Soybeans", "price": 4000.0, "pct_change": 45.45, "zscore": 2.115, "spike_severity": "Severe" }, "geometry": { "type": "Point", "coordinates": [ 35.49, -15.0 ] } },
{ "type": "Feature", "properties": { "date": "2025-04-15", "region": "Southern Region", "district": "Machinga", "market": "Nsanama", "commodity": "Sugar", "price": 3606.94, "pct_change": 350.87, "zscore": 2.473, "spike_severity": "Severe" }, "geometry": { "type": "Point", "coordinates": [ 35.49, -15.0 ] } },
{ "type": "Feature", "properties": { "date": "2025-06-15", "region": "Southern Region", "district": "Machinga", "market": "Nsanama", "commodity": "Sugar", "price": 5308.33, "pct_change": 29.78, "zscore": 1.968, "spike_severity": "Moderate" }, "geometry": { "type": "Point", "coordinates": [ 35.49, -15.0 ] } },
{ "type": "Feature", "properties": { "date": "2025-03-15", "region": "Southern Region", "district": "Machinga", "market": "Nsanama", "commodity": "Sweet potatoes", "price": 555.56, "pct_change": 85.19, "zscore": 2.168, "spike_severity": "Severe" }, "geometry": { "type": "Point", "coordinates": [ 35.49, -15.0 ] } },
{ "type": "Feature", "properties": { "date": "2025-04-15", "region": "Southern Region", "district": "Machinga", "market": "Nsanama", "commodity": "Sweet potatoes", "price": 677.08, "pct_change": 21.87, "zscore": 2.054, "spike_severity": "Moderate" }, "geometry": { "type": "Point", "coordinates": [ 35.49, -15.0 ] } },
{ "type": "Feature", "properties": { "date": "2025-08-15", "region": "Southern Region", "district": "Machinga", "market": "Nsanama", "commodity": "Sweet potatoes", "price": 833.33, "pct_change": 50.0, "zscore": 1.949, "spike_severity": "Moderate" }, "geometry": { "type": "Point", "coordinates": [ 35.49, -15.0 ] } },
{ "type": "Feature", "properties": { "date": "2023-07-15", "region": "Southern Region", "district": "Machinga", "market": "Nserema", "commodity": "Beans", "price": 2350.0, "pct_change": 28.77, "zscore": 1.575, "spike_severity": "Moderate" }, "geometry": { "type": "Point", "coordinates": [ 35.55, -14.72 ] } },
{ "type": "Feature", "properties": { "date": "2024-01-15", "region": "Southern Region", "district": "Machinga", "market": "Nserema", "commodity": "Beans", "price": 2794.12, "pct_change": 45.15, "zscore": 1.932, "spike_severity": "Moderate" }, "geometry": { "type": "Point", "coordinates": [ 35.55, -14.72 ] } },
{ "type": "Feature", "properties": { "date": "2024-05-15", "region": "Southern Region", "district": "Machinga", "market": "Nserema", "commodity": "Beans", "price": 4000.0, "pct_change": 67.83, "zscore": 2.332, "spike_severity": "Severe" }, "geometry": { "type": "Point", "coordinates": [ 35.55, -14.72 ] } },
{ "type": "Feature", "properties": { "date": "2025-04-15", "region": "Southern Region", "district": "Machinga", "market": "Nserema", "commodity": "Beans", "price": 6000.0, "pct_change": 50.0, "zscore": 1.7, "spike_severity": "Moderate" }, "geometry": { "type": "Point", "coordinates": [ 35.55, -14.72 ] } },
{ "type": "Feature", "properties": { "date": "2023-08-15", "region": "Southern Region", "district": "Machinga", "market": "Nserema", "commodity": "Cowpeas", "price": 1420.0, "pct_change": 64.64, "zscore": 1.924, "spike_severity": "Moderate" }, "geometry": { "type": "Point", "coordinates": [ 35.55, -14.72 ] } },
{ "type": "Feature", "properties": { "date": "2024-09-15", "region": "Southern Region", "district": "Machinga", "market": "Nserema", "commodity": "Cowpeas", "price": 2050.0, "pct_change": 28.12, "zscore": 1.564, "spike_severity": "Moderate" }, "geometry": { "type": "Point", "coordinates": [ 35.55, -14.72 ] } },
{ "type": "Feature", "properties": { "date": "2025-01-15", "region": "Southern Region", "district": "Machinga", "market": "Nserema", "commodity": "Cowpeas", "price": 3000.0, "pct_change": 28.0, "zscore": 2.16, "spike_severity": "Moderate" }, "geometry": { "type": "Point", "coordinates": [ 35.55, -14.72 ] } },
{ "type": "Feature", "properties": { "date": "2025-02-15", "region": "Southern Region", "district": "Machinga", "market": "Nserema", "commodity": "Cowpeas", "price": 3777.78, "pct_change": 25.93, "zscore": 2.341, "spike_severity": "Moderate" }, "geometry": { "type": "Point", "coordinates": [ 35.55, -14.72 ] } },
{ "type": "Feature", "properties": { "date": "2025-10-15", "region": "Southern Region", "district": "Machinga", "market": "Nserema", "commodity": "Cowpeas", "price": 4864.52, "pct_change": 40.24, "zscore": 1.95, "spike_severity": "Moderate" }, "geometry": { "type": "Point", "coordinates": [ 35.55, -14.72 ] } },
{ "type": "Feature", "properties": { "date": "2026-01-15", "region": "Southern Region", "district": "Machinga", "market": "Nserema", "commodity": "Exotic vegetables", "price": 1200.0, "pct_change": 220.0, "zscore": 1.788, "spike_severity": "Moderate" }, "geometry": { "type": "Point", "coordinates": [ 35.55, -14.72 ] } },
{ "type": "Feature", "properties": { "date": "2022-01-15", "region": "Southern Region", "district": "Machinga", "market": "Nserema", "commodity": "Maize", "price": 225.0, "pct_change": 40.62, "zscore": 2.385, "spike_severity": "Severe" }, "geometry": { "type": "Point", "coordinates": [ 35.55, -14.72 ] } },
{ "type": "Feature", "properties": { "date": "2022-08-15", "region": "Southern Region", "district": "Machinga", "market": "Nserema", "commodity": "Maize", "price": 355.0, "pct_change": 57.78, "zscore": 2.892, "spike_severity": "Severe" }, "geometry": { "type": "Point", "coordinates": [ 35.55, -14.72 ] } },
{ "type": "Feature", "properties": { "date": "2025-03-15", "region": "Southern Region", "district": "Machinga", "market": "Nserema", "commodity": "Maize", "price": 1500.0, "pct_change": 328.57, "zscore": 3.11, "spike_severity": "Critical" }, "geometry": { "type": "Point", "coordinates": [ 35.55, -14.72 ] } },
{ "type": "Feature", "properties": { "date": "2025-09-15", "region": "Southern Region", "district": "Machinga", "market": "Nserema", "commodity": "Maize", "price": 1482.61, "pct_change": 20.46, "zscore": 1.774, "spike_severity": "Moderate" }, "geometry": { "type": "Point", "coordinates": [ 35.55, -14.72 ] } },
{ "type": "Feature", "properties": { "date": "2023-01-15", "region": "Southern Region", "district": "Machinga", "market": "Nserema", "commodity": "Maize (new harvest)", "price": 537.5, "pct_change": 168.75, "zscore": 1.5, "spike_severity": "Moderate" }, "geometry": { "type": "Point", "coordinates": [ 35.55, -14.72 ] } },
{ "type": "Feature", "properties": { "date": "2025-01-15", "region": "Southern Region", "district": "Machinga", "market": "Nserema", "commodity": "Maize (new harvest)", "price": 1300.0, "pct_change": 20.23, "zscore": 2.301, "spike_severity": "Moderate" }, "geometry": { "type": "Point", "coordinates": [ 35.55, -14.72 ] } },
{ "type": "Feature", "properties": { "date": "2025-02-15", "region": "Southern Region", "district": "Machinga", "market": "Nserema", "commodity": "Maize (new harvest)", "price": 1611.11, "pct_change": 23.93, "zscore": 2.422, "spike_severity": "Moderate" }, "geometry": { "type": "Point", "coordinates": [ 35.55, -14.72 ] } },
{ "type": "Feature", "properties": { "date": "2025-08-15", "region": "Southern Region", "district": "Machinga", "market": "Nserema", "commodity": "Maize flour", "price": 4212.5, "pct_change": 110.62, "zscore": 2.021, "spike_severity": "Severe" }, "geometry": { "type": "Point", "coordinates": [ 35.55, -14.72 ] } },
{ "type": "Feature", "properties": { "date": "2025-04-15", "region": "Southern Region", "district": "Machinga", "market": "Nserema", "commodity": "Millet", "price": 2000.0, "pct_change": 122.22, "zscore": 1.5, "spike_severity": "Moderate" }, "geometry": { "type": "Point", "coordinates": [ 35.55, -14.72 ] } },
{ "type": "Feature", "properties": { "date": "2025-10-15", "region": "Southern Region", "district": "Machinga", "market": "Nserema", "commodity": "Millet", "price": 3421.05, "pct_change": 71.05, "zscore": 1.616, "spike_severity": "Moderate" }, "geometry": { "type": "Point", "coordinates": [ 35.55, -14.72 ] } },
{ "type": "Feature", "properties": { "date": "2025-11-15", "region": "Southern Region", "district": "Machinga", "market": "Nserema", "commodity": "Millet", "price": 6000.0, "pct_change": 75.38, "zscore": 1.784, "spike_severity": "Moderate" }, "geometry": { "type": "Point", "coordinates": [ 35.55, -14.72 ] } },
{ "type": "Feature", "properties": { "date": "2023-10-15", "region": "Southern Region", "district": "Machinga", "market": "Nserema", "commodity": "Pigeon peas", "price": 1155.56, "pct_change": 44.44, "zscore": 2.012, "spike_severity": "Severe" }, "geometry": { "type": "Point", "coordinates": [ 35.55, -14.72 ] } },
{ "type": "Feature", "properties": { "date": "2023-11-15", "region": "Southern Region", "district": "Machinga", "market": "Nserema", "commodity": "Pigeon peas", "price": 1566.67, "pct_change": 35.58, "zscore": 2.217, "spike_severity": "Moderate" }, "geometry": { "type": "Point", "coordinates": [ 35.55, -14.72 ] } },
{ "type": "Feature", "properties": { "date": "2024-01-15", "region": "Southern Region", "district": "Machinga", "market": "Nserema", "commodity": "Pigeon peas", "price": 1844.12, "pct_change": 53.68, "zscore": 2.075, "spike_severity": "Severe" }, "geometry": { "type": "Point", "coordinates": [ 35.55, -14.72 ] } },
{ "type": "Feature", "properties": { "date": "2024-02-15", "region": "Southern Region", "district": "Machinga", "market": "Nserema", "commodity": "Pigeon peas", "price": 2272.73, "pct_change": 23.24, "zscore": 2.177, "spike_severity": "Moderate" }, "geometry": { "type": "Point", "coordinates": [ 35.55, -14.72 ] } },
{ "type": "Feature", "properties": { "date": "2025-11-15", "region": "Southern Region", "district": "Machinga", "market": "Nserema", "commodity": "Sorghum", "price": 6837.5, "pct_change": 754.69, "zscore": 2.041, "spike_severity": "Severe" }, "geometry": { "type": "Point", "coordinates": [ 35.55, -14.72 ] } },
{ "type": "Feature", "properties": { "date": "2025-10-15", "region": "Southern Region", "district": "Machinga", "market": "Nserema", "commodity": "Soybeans", "price": 8368.42, "pct_change": 248.68, "zscore": 2.036, "spike_severity": "Severe" }, "geometry": { "type": "Point", "coordinates": [ 35.55, -14.72 ] } },
{ "type": "Feature", "properties": { "date": "2025-03-15", "region": "Southern Region", "district": "Machinga", "market": "Nserema", "commodity": "Sugar", "price": 3500.0, "pct_change": 311.76, "zscore": 1.5, "spike_severity": "Moderate" }, "geometry": { "type": "Point", "coordinates": [ 35.55, -14.72 ] } },
{ "type": "Feature", "properties": { "date": "2025-07-15", "region": "Southern Region", "district": "Machinga", "market": "Nserema", "commodity": "Sweet potatoes", "price": 833.33, "pct_change": 50.0, "zscore": 1.51, "spike_severity": "Moderate" }, "geometry": { "type": "Point", "coordinates": [ 35.55, -14.72 ] } },
{ "type": "Feature", "properties": { "date": "2025-12-15", "region": "Southern Region", "district": "Machinga", "market": "Nserema", "commodity": "Sweet potatoes", "price": 1111.0, "pct_change": 88.09, "zscore": 1.924, "spike_severity": "Moderate" }, "geometry": { "type": "Point", "coordinates": [ 35.55, -14.72 ] } },
{ "type": "Feature", "properties": { "date": "2026-01-15", "region": "Southern Region", "district": "Machinga", "market": "Nserema", "commodity": "Tomatoes", "price": 3000.0, "pct_change": 100.0, "zscore": 1.531, "spike_severity": "Moderate" }, "geometry": { "type": "Point", "coordinates": [ 35.55, -14.72 ] } },
{ "type": "Feature", "properties": { "date": "2024-01-15", "region": "Southern Region", "district": "Machinga", "market": "Ntaja", "commodity": "Beans", "price": 2676.47, "pct_change": 33.82, "zscore": 1.863, "spike_severity": "Moderate" }, "geometry": { "type": "Point", "coordinates": [ 35.53, -14.87 ] } },
{ "type": "Feature", "properties": { "date": "2024-05-15", "region": "Southern Region", "district": "Machinga", "market": "Ntaja", "commodity": "Beans", "price": 4000.0, "pct_change": 46.94, "zscore": 2.182, "spike_severity": "Severe" }, "geometry": { "type": "Point", "coordinates": [ 35.53, -14.87 ] } },
{ "type": "Feature", "properties": { "date": "2024-09-15", "region": "Southern Region", "district": "Machinga", "market": "Ntaja", "commodity": "Cowpeas", "price": 2175.0, "pct_change": 27.94, "zscore": 1.648, "spike_severity": "Moderate" }, "geometry": { "type": "Point", "coordinates": [ 35.53, -14.87 ] } },
{ "type": "Feature", "properties": { "date": "2024-12-15", "region": "Southern Region", "district": "Machinga", "market": "Ntaja", "commodity": "Cowpeas", "price": 2409.37, "pct_change": 20.47, "zscore": 1.617, "spike_severity": "Moderate" }, "geometry": { "type": "Point", "coordinates": [ 35.53, -14.87 ] } },
{ "type": "Feature", "properties": { "date": "2025-01-15", "region": "Southern Region", "district": "Machinga", "market": "Ntaja", "commodity": "Cowpeas", "price": 2970.59, "pct_change": 23.29, "zscore": 2.243, "spike_severity": "Moderate" }, "geometry": { "type": "Point", "coordinates": [ 35.53, -14.87 ] } },
{ "type": "Feature", "properties": { "date": "2025-02-15", "region": "Southern Region", "district": "Machinga", "market": "Ntaja", "commodity": "Cowpeas", "price": 3755.56, "pct_change": 26.42, "zscore": 2.513, "spike_severity": "Moderate" }, "geometry": { "type": "Point", "coordinates": [ 35.53, -14.87 ] } },
{ "type": "Feature", "properties": { "date": "2026-03-15", "region": "Southern Region", "district": "Machinga", "market": "Ntaja", "commodity": "Fish (small, dry)", "price": 16000.0, "pct_change": 100.0, "zscore": 1.997, "spike_severity": "Moderate" }, "geometry": { "type": "Point", "coordinates": [ 35.53, -14.87 ] } },
{ "type": "Feature", "properties": { "date": "2025-02-15", "region": "Southern Region", "district": "Machinga", "market": "Ntaja", "commodity": "Maize (new harvest)", "price": 1678.57, "pct_change": 34.29, "zscore": 2.093, "spike_severity": "Moderate" }, "geometry": { "type": "Point", "coordinates": [ 35.53, -14.87 ] } },
{ "type": "Feature", "properties": { "date": "2023-12-15", "region": "Southern Region", "district": "Machinga", "market": "Ntaja", "commodity": "Pigeon peas", "price": 2300.0, "pct_change": 43.75, "zscore": 1.536, "spike_severity": "Moderate" }, "geometry": { "type": "Point", "coordinates": [ 35.53, -14.87 ] } },
{ "type": "Feature", "properties": { "date": "2025-01-15", "region": "Southern Region", "district": "Machinga", "market": "Ntaja", "commodity": "Pigeon peas", "price": 3000.0, "pct_change": 28.0, "zscore": 1.674, "spike_severity": "Moderate" }, "geometry": { "type": "Point", "coordinates": [ 35.53, -14.87 ] } },
{ "type": "Feature", "properties": { "date": "2026-02-15", "region": "Southern Region", "district": "Machinga", "market": "Ntaja", "commodity": "Rice", "price": 4500.0, "pct_change": 40.62, "zscore": 1.775, "spike_severity": "Moderate" }, "geometry": { "type": "Point", "coordinates": [ 35.53, -14.87 ] } },
{ "type": "Feature", "properties": { "date": "2025-08-15", "region": "Southern Region", "district": "Machinga", "market": "Ntaja", "commodity": "Soybeans", "price": 2500.0, "pct_change": 25.0, "zscore": 1.586, "spike_severity": "Moderate" }, "geometry": { "type": "Point", "coordinates": [ 35.53, -14.87 ] } },
{ "type": "Feature", "properties": { "date": "2025-11-15", "region": "Southern Region", "district": "Machinga", "market": "Ntaja", "commodity": "Soybeans", "price": 2631.25, "pct_change": 46.18, "zscore": 1.546, "spike_severity": "Moderate" }, "geometry": { "type": "Point", "coordinates": [ 35.53, -14.87 ] } },
{ "type": "Feature", "properties": { "date": "2024-09-15", "region": "Southern Region", "district": "Mangochi", "market": "Chiponde", "commodity": "Beans", "price": 4000.0, "pct_change": 33.33, "zscore": 2.035, "spike_severity": "Moderate" }, "geometry": { "type": "Point", "coordinates": [ 35.6, -14.37 ] } },
{ "type": "Feature", "properties": { "date": "2025-04-15", "region": "Southern Region", "district": "Mangochi", "market": "Chiponde", "commodity": "Beans", "price": 5500.0, "pct_change": 22.22, "zscore": 1.624, "spike_severity": "Moderate" }, "geometry": { "type": "Point", "coordinates": [ 35.6, -14.37 ] } },
{ "type": "Feature", "properties": { "date": "2025-07-15", "region": "Southern Region", "district": "Mangochi", "market": "Chiponde", "commodity": "Beans", "price": 6500.0, "pct_change": 30.0, "zscore": 2.113, "spike_severity": "Moderate" }, "geometry": { "type": "Point", "coordinates": [ 35.6, -14.37 ] } },
{ "type": "Feature", "properties": { "date": "2023-12-15", "region": "Southern Region", "district": "Mangochi", "market": "Chiponde", "commodity": "Cowpeas", "price": 4000.0, "pct_change": 300.0, "zscore": 1.782, "spike_severity": "Moderate" }, "geometry": { "type": "Point", "coordinates": [ 35.6, -14.37 ] } },
{ "type": "Feature", "properties": { "date": "2026-02-15", "region": "Southern Region", "district": "Mangochi", "market": "Chiponde", "commodity": "Cowpeas", "price": 4625.0, "pct_change": 34.62, "zscore": 2.11, "spike_severity": "Moderate" }, "geometry": { "type": "Point", "coordinates": [ 35.6, -14.37 ] } },
{ "type": "Feature", "properties": { "date": "2026-01-15", "region": "Southern Region", "district": "Mangochi", "market": "Chiponde", "commodity": "Exotic vegetables", "price": 2010.0, "pct_change": 103.03, "zscore": 1.657, "spike_severity": "Moderate" }, "geometry": { "type": "Point", "coordinates": [ 35.6, -14.37 ] } },
{ "type": "Feature", "properties": { "date": "2024-01-15", "region": "Southern Region", "district": "Mangochi", "market": "Chiponde", "commodity": "Maize (new harvest)", "price": 970.0, "pct_change": 21.25, "zscore": 1.898, "spike_severity": "Moderate" }, "geometry": { "type": "Point", "coordinates": [ 35.6, -14.37 ] } },
{ "type": "Feature", "properties": { "date": "2025-01-15", "region": "Southern Region", "district": "Mangochi", "market": "Chiponde", "commodity": "Maize (new harvest)", "price": 1333.82, "pct_change": 27.71, "zscore": 2.343, "spike_severity": "Moderate" }, "geometry": { "type": "Point", "coordinates": [ 35.6, -14.37 ] } },
{ "type": "Feature", "properties": { "date": "2025-02-15", "region": "Southern Region", "district": "Mangochi", "market": "Chiponde", "commodity": "Maize (new harvest)", "price": 1601.85, "pct_change": 20.09, "zscore": 2.303, "spike_severity": "Moderate" }, "geometry": { "type": "Point", "coordinates": [ 35.6, -14.37 ] } },
{ "type": "Feature", "properties": { "date": "2024-02-15", "region": "Southern Region", "district": "Mangochi", "market": "Chiponde", "commodity": "Pigeon peas", "price": 2000.0, "pct_change": 33.33, "zscore": 1.883, "spike_severity": "Moderate" }, "geometry": { "type": "Point", "coordinates": [ 35.6, -14.37 ] } },
{ "type": "Feature", "properties": { "date": "2024-10-15", "region": "Southern Region", "district": "Mangochi", "market": "Chiponde", "commodity": "Pigeon peas", "price": 3000.0, "pct_change": 50.0, "zscore": 2.129, "spike_severity": "Severe" }, "geometry": { "type": "Point", "coordinates": [ 35.6, -14.37 ] } },
{ "type": "Feature", "properties": { "date": "2025-10-15", "region": "Southern Region", "district": "Mangochi", "market": "Chiponde", "commodity": "Soybeans", "price": 4000.0, "pct_change": 60.0, "zscore": 2.185, "spike_severity": "Severe" }, "geometry": { "type": "Point", "coordinates": [ 35.6, -14.37 ] } },
{ "type": "Feature", "properties": { "date": "2025-11-15", "region": "Southern Region", "district": "Mangochi", "market": "Chiponde", "commodity": "Sweet potatoes", "price": 1876.83, "pct_change": 102.68, "zscore": 2.176, "spike_severity": "Severe" }, "geometry": { "type": "Point", "coordinates": [ 35.6, -14.37 ] } },
{ "type": "Feature", "properties": { "date": "2023-01-15", "region": "Southern Region", "district": "Mangochi", "market": "Makanjira", "commodity": "Beans", "price": 1600.0, "pct_change": 48.84, "zscore": 2.388, "spike_severity": "Severe" }, "geometry": { "type": "Point", "coordinates": [ 35.04, -13.71 ] } },
{ "type": "Feature", "properties": { "date": "2023-07-15", "region": "Southern Region", "district": "Mangochi", "market": "Makanjira", "commodity": "Beans", "price": 1655.56, "pct_change": 28.59, "zscore": 1.872, "spike_severity": "Moderate" }, "geometry": { "type": "Point", "coordinates": [ 35.04, -13.71 ] } },
{ "type": "Feature", "properties": { "date": "2023-09-15", "region": "Southern Region", "district": "Mangochi", "market": "Makanjira", "commodity": "Beans", "price": 2000.0, "pct_change": 37.93, "zscore": 2.042, "spike_severity": "Moderate" }, "geometry": { "type": "Point", "coordinates": [ 35.04, -13.71 ] } },
{ "type": "Feature", "properties": { "date": "2023-11-15", "region": "Southern Region", "district": "Mangochi", "market": "Makanjira", "commodity": "Beans", "price": 2250.0, "pct_change": 55.17, "zscore": 1.994, "spike_severity": "Moderate" }, "geometry": { "type": "Point", "coordinates": [ 35.04, -13.71 ] } },
{ "type": "Feature", "properties": { "date": "2024-09-15", "region": "Southern Region", "district": "Mangochi", "market": "Makanjira", "commodity": "Beans", "price": 3800.0, "pct_change": 35.71, "zscore": 2.146, "spike_severity": "Moderate" }, "geometry": { "type": "Point", "coordinates": [ 35.04, -13.71 ] } },
{ "type": "Feature", "properties": { "date": "2025-02-15", "region": "Southern Region", "district": "Mangochi", "market": "Makanjira", "commodity": "Beans", "price": 3941.67, "pct_change": 64.24, "zscore": 1.885, "spike_severity": "Moderate" }, "geometry": { "type": "Point", "coordinates": [ 35.04, -13.71 ] } },
{ "type": "Feature", "properties": { "date": "2025-04-15", "region": "Southern Region", "district": "Mangochi", "market": "Makanjira", "commodity": "Beans", "price": 5666.67, "pct_change": 26.87, "zscore": 2.314, "spike_severity": "Moderate" }, "geometry": { "type": "Point", "coordinates": [ 35.04, -13.71 ] } },
{ "type": "Feature", "properties": { "date": "2025-09-15", "region": "Southern Region", "district": "Mangochi", "market": "Makanjira", "commodity": "Beans", "price": 6456.52, "pct_change": 29.13, "zscore": 1.919, "spike_severity": "Moderate" }, "geometry": { "type": "Point", "coordinates": [ 35.04, -13.71 ] } },
{ "type": "Feature", "properties": { "date": "2025-06-15", "region": "Southern Region", "district": "Mangochi", "market": "Makanjira", "commodity": "Cassava", "price": 2400.0, "pct_change": 1900.0, "zscore": 2.268, "spike_severity": "Severe" }, "geometry": { "type": "Point", "coordinates": [ 35.04, -13.71 ] } },
{ "type": "Feature", "properties": { "date": "2023-11-15", "region": "Southern Region", "district": "Mangochi", "market": "Makanjira", "commodity": "Cowpeas", "price": 1250.0, "pct_change": 72.41, "zscore": 1.72, "spike_severity": "Moderate" }, "geometry": { "type": "Point", "coordinates": [ 35.04, -13.71 ] } },
{ "type": "Feature", "properties": { "date": "2025-06-15", "region": "Southern Region", "district": "Mangochi", "market": "Makanjira", "commodity": "Cowpeas", "price": 3500.0, "pct_change": 125.81, "zscore": 2.253, "spike_severity": "Severe" }, "geometry": { "type": "Point", "coordinates": [ 35.04, -13.71 ] } },
{ "type": "Feature", "properties": { "date": "2025-08-15", "region": "Southern Region", "district": "Mangochi", "market": "Makanjira", "commodity": "Cowpeas", "price": 4161.29, "pct_change": 26.47, "zscore": 1.751, "spike_severity": "Moderate" }, "geometry": { "type": "Point", "coordinates": [ 35.04, -13.71 ] } },
{ "type": "Feature", "properties": { "date": "2020-12-15", "region": "Southern Region", "district": "Mangochi", "market": "Makanjira", "commodity": "Maize", "price": 430.0, "pct_change": 244.0, "zscore": 1.572, "spike_severity": "Moderate" }, "geometry": { "type": "Point", "coordinates": [ 35.04, -13.71 ] } },
{ "type": "Feature", "properties": { "date": "2025-04-15", "region": "Southern Region", "district": "Mangochi", "market": "Makanjira", "commodity": "Maize", "price": 1400.0, "pct_change": 366.67, "zscore": 3.065, "spike_severity": "Critical" }, "geometry": { "type": "Point", "coordinates": [ 35.04, -13.71 ] } },
{ "type": "Feature", "properties": { "date": "2023-01-15", "region": "Southern Region", "district": "Mangochi", "market": "Makanjira", "commodity": "Maize (new harvest)", "price": 420.0, "pct_change": 205.45, "zscore": 2.167, "spike_severity": "Severe" }, "geometry": { "type": "Point", "coordinates": [ 35.04, -13.71 ] } },
{ "type": "Feature", "properties": { "date": "2023-08-15", "region": "Southern Region", "district": "Mangochi", "market": "Makanjira", "commodity": "Maize (new harvest)", "price": 600.0, "pct_change": 26.76, "zscore": 1.678, "spike_severity": "Moderate" }, "geometry": { "type": "Point", "coordinates": [ 35.04, -13.71 ] } },
{ "type": "Feature", "properties": { "date": "2023-09-15", "region": "Southern Region", "district": "Mangochi", "market": "Makanjira", "commodity": "Maize (new harvest)", "price": 750.0, "pct_change": 25.0, "zscore": 1.918, "spike_severity": "Moderate" }, "geometry": { "type": "Point", "coordinates": [ 35.04, -13.71 ] } },
{ "type": "Feature", "properties": { "date": "2023-12-15", "region": "Southern Region", "district": "Mangochi", "market": "Makanjira", "commodity": "Maize (new harvest)", "price": 1000.0, "pct_change": 21.95, "zscore": 1.834, "spike_severity": "Moderate" }, "geometry": { "type": "Point", "coordinates": [ 35.04, -13.71 ] } },
{ "type": "Feature", "properties": { "date": "2024-01-15", "region": "Southern Region", "district": "Mangochi", "market": "Makanjira", "commodity": "Maize (new harvest)", "price": 1205.88, "pct_change": 20.59, "zscore": 1.993, "spike_severity": "Moderate" }, "geometry": { "type": "Point", "coordinates": [ 35.04, -13.71 ] } },
{ "type": "Feature", "properties": { "date": "2025-02-15", "region": "Southern Region", "district": "Mangochi", "market": "Makanjira", "commodity": "Maize (new harvest)", "price": 1741.67, "pct_change": 81.42, "zscore": 2.467, "spike_severity": "Severe" }, "geometry": { "type": "Point", "coordinates": [ 35.04, -13.71 ] } },
{ "type": "Feature", "properties": { "date": "2025-04-15", "region": "Southern Region", "district": "Mangochi", "market": "Makanjira", "commodity": "Oil (vegetable)", "price": 8933.33, "pct_change": 644.44, "zscore": 2.268, "spike_severity": "Severe" }, "geometry": { "type": "Point", "coordinates": [ 35.04, -13.71 ] } },
{ "type": "Feature", "properties": { "date": "2025-09-15", "region": "Southern Region", "district": "Mangochi", "market": "Makanjira", "commodity": "Pigeon peas", "price": 3800.0, "pct_change": 153.33, "zscore": 2.708, "spike_severity": "Critical" }, "geometry": { "type": "Point", "coordinates": [ 35.04, -13.71 ] } },
{ "type": "Feature", "properties": { "date": "2025-04-15", "region": "Southern Region", "district": "Mangochi", "market": "Makanjira", "commodity": "Rice", "price": 5000.0, "pct_change": 614.29, "zscore": 2.268, "spike_severity": "Severe" }, "geometry": { "type": "Point", "coordinates": [ 35.04, -13.71 ] } },
{ "type": "Feature", "properties": { "date": "2025-04-15", "region": "Southern Region", "district": "Mangochi", "market": "Makanjira", "commodity": "Sugar", "price": 3833.33, "pct_change": 325.93, "zscore": 2.267, "spike_severity": "Severe" }, "geometry": { "type": "Point", "coordinates": [ 35.04, -13.71 ] } },
{ "type": "Feature", "properties": { "date": "2025-06-15", "region": "Southern Region", "district": "Mangochi", "market": "Makanjira", "commodity": "Sugar", "price": 5466.67, "pct_change": 21.98, "zscore": 1.761, "spike_severity": "Moderate" }, "geometry": { "type": "Point", "coordinates": [ 35.04, -13.71 ] } },
{ "type": "Feature", "properties": { "date": "2025-04-15", "region": "Southern Region", "district": "Mangochi", "market": "Makanjira", "commodity": "Sweet potatoes", "price": 833.33, "pct_change": 233.33, "zscore": 2.257, "spike_severity": "Severe" }, "geometry": { "type": "Point", "coordinates": [ 35.04, -13.71 ] } },
{ "type": "Feature", "properties": { "date": "2025-10-15", "region": "Southern Region", "district": "Mangochi", "market": "Makanjira", "commodity": "Sweet potatoes", "price": 1111.0, "pct_change": 33.37, "zscore": 1.784, "spike_severity": "Moderate" }, "geometry": { "type": "Point", "coordinates": [ 35.04, -13.71 ] } },
{ "type": "Feature", "properties": { "date": "2023-01-15", "region": "Southern Region", "district": "Mangochi", "market": "Mangochi Boma", "commodity": "Beans", "price": 1544.44, "pct_change": 64.01, "zscore": 2.213, "spike_severity": "Severe" }, "geometry": { "type": "Point", "coordinates": [ 35.26, -14.48 ] } },
{ "type": "Feature", "properties": { "date": "2023-11-15", "region": "Southern Region", "district": "Mangochi", "market": "Mangochi Boma", "commodity": "Beans", "price": 2225.0, "pct_change": 21.92, "zscore": 1.916, "spike_severity": "Moderate" }, "geometry": { "type": "Point", "coordinates": [ 35.26, -14.48 ] } },
{ "type": "Feature", "properties": { "date": "2025-02-15", "region": "Southern Region", "district": "Mangochi", "market": "Mangochi Boma", "commodity": "Beans", "price": 4975.0, "pct_change": 24.37, "zscore": 2.071, "spike_severity": "Moderate" }, "geometry": { "type": "Point", "coordinates": [ 35.26, -14.48 ] } },
{ "type": "Feature", "properties": { "date": "2025-04-15", "region": "Southern Region", "district": "Mangochi", "market": "Mangochi Boma", "commodity": "Cassava", "price": 2000.0, "pct_change": 400.0, "zscore": 2.252, "spike_severity": "Severe" }, "geometry": { "type": "Point", "coordinates": [ 35.26, -14.48 ] } },
{ "type": "Feature", "properties": { "date": "2025-05-15", "region": "Southern Region", "district": "Mangochi", "market": "Mangochi Boma", "commodity": "Cassava", "price": 2800.0, "pct_change": 40.0, "zscore": 1.977, "spike_severity": "Moderate" }, "geometry": { "type": "Point", "coordinates": [ 35.26, -14.48 ] } },
{ "type": "Feature", "properties": { "date": "2023-01-15", "region": "Southern Region", "district": "Mangochi", "market": "Mangochi Boma", "commodity": "Cowpeas", "price": 1200.0, "pct_change": 100.0, "zscore": 2.199, "spike_severity": "Severe" }, "geometry": { "type": "Point", "coordinates": [ 35.26, -14.48 ] } },
{ "type": "Feature", "properties": { "date": "2025-02-15", "region": "Southern Region", "district": "Mangochi", "market": "Mangochi Boma", "commodity": "Cowpeas", "price": 3000.0, "pct_change": 50.0, "zscore": 2.262, "spike_severity": "Severe" }, "geometry": { "type": "Point", "coordinates": [ 35.26, -14.48 ] } },
{ "type": "Feature", "properties": { "date": "2026-02-15", "region": "Southern Region", "district": "Mangochi", "market": "Mangochi Boma", "commodity": "Exotic vegetables", "price": 2010.0, "pct_change": 294.12, "zscore": 1.777, "spike_severity": "Moderate" }, "geometry": { "type": "Point", "coordinates": [ 35.26, -14.48 ] } },
{ "type": "Feature", "properties": { "date": "2026-02-15", "region": "Southern Region", "district": "Mangochi", "market": "Mangochi Boma", "commodity": "Local vegetables", "price": 1200.0, "pct_change": 700.0, "zscore": 1.78, "spike_severity": "Moderate" }, "geometry": { "type": "Point", "coordinates": [ 35.26, -14.48 ] } },
{ "type": "Feature", "properties": { "date": "2022-01-15", "region": "Southern Region", "district": "Mangochi", "market": "Mangochi Boma", "commodity": "Maize", "price": 220.0, "pct_change": 22.22, "zscore": 2.355, "spike_severity": "Moderate" }, "geometry": { "type": "Point", "coordinates": [ 35.26, -14.48 ] } },
{ "type": "Feature", "properties": { "date": "2022-09-15", "region": "Southern Region", "district": "Mangochi", "market": "Mangochi Boma", "commodity": "Maize", "price": 347.5, "pct_change": 57.95, "zscore": 2.985, "spike_severity": "Severe" }, "geometry": { "type": "Point", "coordinates": [ 35.26, -14.48 ] } },
{ "type": "Feature", "properties": { "date": "2025-04-15", "region": "Southern Region", "district": "Mangochi", "market": "Mangochi Boma", "commodity": "Maize", "price": 1205.88, "pct_change": 247.02, "zscore": 3.126, "spike_severity": "Critical" }, "geometry": { "type": "Point", "coordinates": [ 35.26, -14.48 ] } },
{ "type": "Feature", "properties": { "date": "2025-09-15", "region": "Southern Region", "district": "Mangochi", "market": "Mangochi Boma", "commodity": "Maize", "price": 1400.0, "pct_change": 40.0, "zscore": 2.044, "spike_severity": "Moderate" }, "geometry": { "type": "Point", "coordinates": [ 35.26, -14.48 ] } },
{ "type": "Feature", "properties": { "date": "2023-01-15", "region": "Southern Region", "district": "Mangochi", "market": "Mangochi Boma", "commodity": "Maize (new harvest)", "price": 405.0, "pct_change": 140.0, "zscore": 2.216, "spike_severity": "Severe" }, "geometry": { "type": "Point", "coordinates": [ 35.26, -14.48 ] } },
{ "type": "Feature", "properties": { "date": "2023-04-15", "region": "Southern Region", "district": "Mangochi", "market": "Mangochi Boma", "commodity": "Maize (new harvest)", "price": 780.0, "pct_change": 92.59, "zscore": 2.318, "spike_severity": "Severe" }, "geometry": { "type": "Point", "coordinates": [ 35.26, -14.48 ] } },
{ "type": "Feature", "properties": { "date": "2025-02-15", "region": "Southern Region", "district": "Mangochi", "market": "Mangochi Boma", "commodity": "Maize (new harvest)", "price": 1662.5, "pct_change": 96.75, "zscore": 2.998, "spike_severity": "Critical" }, "geometry": { "type": "Point", "coordinates": [ 35.26, -14.48 ] } },
{ "type": "Feature", "properties": { "date": "2025-11-15", "region": "Southern Region", "district": "Mangochi", "market": "Mangochi Boma", "commodity": "Millet", "price": 3000.0, "pct_change": 548.65, "zscore": 2.266, "spike_severity": "Severe" }, "geometry": { "type": "Point", "coordinates": [ 35.26, -14.48 ] } },
{ "type": "Feature", "properties": { "date": "2025-04-15", "region": "Southern Region", "district": "Mangochi", "market": "Mangochi Boma", "commodity": "Oil (vegetable)", "price": 8588.24, "pct_change": 660.58, "zscore": 2.267, "spike_severity": "Severe" }, "geometry": { "type": "Point", "coordinates": [ 35.26, -14.48 ] } },
{ "type": "Feature", "properties": { "date": "2025-10-15", "region": "Southern Region", "district": "Mangochi", "market": "Mangochi Boma", "commodity": "Oil (vegetable)", "price": 12000.0, "pct_change": 71.43, "zscore": 1.683, "spike_severity": "Moderate" }, "geometry": { "type": "Point", "coordinates": [ 35.26, -14.48 ] } },
{ "type": "Feature", "properties": { "date": "2023-01-15", "region": "Southern Region", "district": "Mangochi", "market": "Mangochi Boma", "commodity": "Pigeon peas", "price": 1000.0, "pct_change": 71.43, "zscore": 2.177, "spike_severity": "Severe" }, "geometry": { "type": "Point", "coordinates": [ 35.26, -14.48 ] } },
{ "type": "Feature", "properties": { "date": "2024-09-15", "region": "Southern Region", "district": "Mangochi", "market": "Mangochi Boma", "commodity": "Pigeon peas", "price": 2350.0, "pct_change": 38.24, "zscore": 2.591, "spike_severity": "Moderate" }, "geometry": { "type": "Point", "coordinates": [ 35.26, -14.48 ] } },
{ "type": "Feature", "properties": { "date": "2025-02-15", "region": "Southern Region", "district": "Mangochi", "market": "Mangochi Boma", "commodity": "Pigeon peas", "price": 3000.0, "pct_change": 50.0, "zscore": 2.322, "spike_severity": "Severe" }, "geometry": { "type": "Point", "coordinates": [ 35.26, -14.48 ] } },
{ "type": "Feature", "properties": { "date": "2025-04-15", "region": "Southern Region", "district": "Mangochi", "market": "Mangochi Boma", "commodity": "Rice", "price": 5000.0, "pct_change": 561.16, "zscore": 2.475, "spike_severity": "Severe" }, "geometry": { "type": "Point", "coordinates": [ 35.26, -14.48 ] } },
{ "type": "Feature", "properties": { "date": "2025-11-15", "region": "Southern Region", "district": "Mangochi", "market": "Mangochi Boma", "commodity": "Sorghum", "price": 3000.0, "pct_change": 471.43, "zscore": 2.249, "spike_severity": "Severe" }, "geometry": { "type": "Point", "coordinates": [ 35.26, -14.48 ] } },
{ "type": "Feature", "properties": { "date": "2025-04-15", "region": "Southern Region", "district": "Mangochi", "market": "Mangochi Boma", "commodity": "Sugar", "price": 3676.47, "pct_change": 311.35, "zscore": 2.267, "spike_severity": "Severe" }, "geometry": { "type": "Point", "coordinates": [ 35.26, -14.48 ] } },
{ "type": "Feature", "properties": { "date": "2025-05-15", "region": "Southern Region", "district": "Mangochi", "market": "Mangochi Boma", "commodity": "Sugar", "price": 4525.0, "pct_change": 23.08, "zscore": 1.882, "spike_severity": "Moderate" }, "geometry": { "type": "Point", "coordinates": [ 35.26, -14.48 ] } },
{ "type": "Feature", "properties": { "date": "2025-04-15", "region": "Southern Region", "district": "Mangochi", "market": "Mangochi Boma", "commodity": "Sweet potatoes", "price": 916.67, "pct_change": 195.3, "zscore": 2.251, "spike_severity": "Severe" }, "geometry": { "type": "Point", "coordinates": [ 35.26, -14.48 ] } },
{ "type": "Feature", "properties": { "date": "2025-10-15", "region": "Southern Region", "district": "Mangochi", "market": "Mangochi Boma", "commodity": "Sweet potatoes", "price": 1111.0, "pct_change": 33.37, "zscore": 1.675, "spike_severity": "Moderate" }, "geometry": { "type": "Point", "coordinates": [ 35.26, -14.48 ] } },
{ "type": "Feature", "properties": { "date": "2026-03-15", "region": "Southern Region", "district": "Mangochi", "market": "Mangochi Boma", "commodity": "Tomatoes", "price": 3000.0, "pct_change": 66.67, "zscore": 1.645, "spike_severity": "Moderate" }, "geometry": { "type": "Point", "coordinates": [ 35.26, -14.48 ] } },
{ "type": "Feature", "properties": { "date": "2024-05-15", "region": "Southern Region", "district": "Mangochi", "market": "Monkey Bay", "commodity": "Beans", "price": 4000.0, "pct_change": 41.59, "zscore": 2.024, "spike_severity": "Severe" }, "geometry": { "type": "Point", "coordinates": [ 34.91, -14.09 ] } },
{ "type": "Feature", "properties": { "date": "2024-09-15", "region": "Southern Region", "district": "Mangochi", "market": "Monkey Bay", "commodity": "Cowpeas", "price": 2475.0, "pct_change": 54.69, "zscore": 2.073, "spike_severity": "Severe" }, "geometry": { "type": "Point", "coordinates": [ 34.91, -14.09 ] } },
{ "type": "Feature", "properties": { "date": "2024-12-15", "region": "Southern Region", "district": "Mangochi", "market": "Monkey Bay", "commodity": "Cowpeas", "price": 3000.0, "pct_change": 33.33, "zscore": 1.753, "spike_severity": "Moderate" }, "geometry": { "type": "Point", "coordinates": [ 34.91, -14.09 ] } },
{ "type": "Feature", "properties": { "date": "2026-01-15", "region": "Southern Region", "district": "Mangochi", "market": "Monkey Bay", "commodity": "Exotic vegetables", "price": 1340.0, "pct_change": 112.7, "zscore": 1.685, "spike_severity": "Moderate" }, "geometry": { "type": "Point", "coordinates": [ 34.91, -14.09 ] } },
{ "type": "Feature", "properties": { "date": "2026-02-15", "region": "Southern Region", "district": "Mangochi", "market": "Monkey Bay", "commodity": "Exotic vegetables", "price": 3350.0, "pct_change": 150.0, "zscore": 1.921, "spike_severity": "Moderate" }, "geometry": { "type": "Point", "coordinates": [ 34.91, -14.09 ] } },
{ "type": "Feature", "properties": { "date": "2025-10-15", "region": "Southern Region", "district": "Mangochi", "market": "Monkey Bay", "commodity": "Groundnuts (shelled)", "price": 9000.0, "pct_change": 28.57, "zscore": 1.628, "spike_severity": "Moderate" }, "geometry": { "type": "Point", "coordinates": [ 34.91, -14.09 ] } },
{ "type": "Feature", "properties": { "date": "2026-01-15", "region": "Southern Region", "district": "Mangochi", "market": "Monkey Bay", "commodity": "Groundnuts (shelled)", "price": 12000.0, "pct_change": 33.33, "zscore": 2.141, "spike_severity": "Moderate" }, "geometry": { "type": "Point", "coordinates": [ 34.91, -14.09 ] } },
{ "type": "Feature", "properties": { "date": "2025-01-15", "region": "Southern Region", "district": "Mangochi", "market": "Monkey Bay", "commodity": "Maize (new harvest)", "price": 1529.17, "pct_change": 45.64, "zscore": 2.596, "spike_severity": "Severe" }, "geometry": { "type": "Point", "coordinates": [ 34.91, -14.09 ] } },
{ "type": "Feature", "properties": { "date": "2024-09-15", "region": "Southern Region", "district": "Mangochi", "market": "Monkey Bay", "commodity": "Pigeon peas", "price": 2475.0, "pct_change": 23.75, "zscore": 1.677, "spike_severity": "Moderate" }, "geometry": { "type": "Point", "coordinates": [ 34.91, -14.09 ] } },
{ "type": "Feature", "properties": { "date": "2024-12-15", "region": "Southern Region", "district": "Mangochi", "market": "Monkey Bay", "commodity": "Pigeon peas", "price": 3000.0, "pct_change": 33.33, "zscore": 1.759, "spike_severity": "Moderate" }, "geometry": { "type": "Point", "coordinates": [ 34.91, -14.09 ] } },
{ "type": "Feature", "properties": { "date": "2025-03-15", "region": "Southern Region", "district": "Mangochi", "market": "Monkey Bay", "commodity": "Pigeon peas", "price": 4500.0, "pct_change": 32.79, "zscore": 2.249, "spike_severity": "Moderate" }, "geometry": { "type": "Point", "coordinates": [ 34.91, -14.09 ] } },
{ "type": "Feature", "properties": { "date": "2026-01-15", "region": "Southern Region", "district": "Mangochi", "market": "Monkey Bay", "commodity": "Soybeans", "price": 3750.0, "pct_change": 127.27, "zscore": 1.864, "spike_severity": "Moderate" }, "geometry": { "type": "Point", "coordinates": [ 34.91, -14.09 ] } },
{ "type": "Feature", "properties": { "date": "2023-06-15", "region": "Central Region", "district": "Mchinji", "market": "Mchinji Boma", "commodity": "Beans", "price": 1615.62, "pct_change": 36.92, "zscore": 2.286, "spike_severity": "Moderate" }, "geometry": { "type": "Point", "coordinates": [ 32.9, -13.8 ] } },
{ "type": "Feature", "properties": { "date": "2024-01-15", "region": "Central Region", "district": "Mchinji", "market": "Mchinji Boma", "commodity": "Beans", "price": 2752.94, "pct_change": 25.13, "zscore": 1.963, "spike_severity": "Moderate" }, "geometry": { "type": "Point", "coordinates": [ 32.9, -13.8 ] } },
{ "type": "Feature", "properties": { "date": "2024-06-15", "region": "Central Region", "district": "Mchinji", "market": "Mchinji Boma", "commodity": "Beans", "price": 3750.0, "pct_change": 25.0, "zscore": 1.97, "spike_severity": "Moderate" }, "geometry": { "type": "Point", "coordinates": [ 32.9, -13.8 ] } },
{ "type": "Feature", "properties": { "date": "2025-02-15", "region": "Central Region", "district": "Mchinji", "market": "Mchinji Boma", "commodity": "Beans", "price": 4671.05, "pct_change": 33.46, "zscore": 1.967, "spike_severity": "Moderate" }, "geometry": { "type": "Point", "coordinates": [ 32.9, -13.8 ] } },
{ "type": "Feature", "properties": { "date": "2025-06-15", "region": "Central Region", "district": "Mchinji", "market": "Mchinji Boma", "commodity": "Cassava", "price": 2000.0, "pct_change": 1233.33, "zscore": 2.267, "spike_severity": "Severe" }, "geometry": { "type": "Point", "coordinates": [ 32.9, -13.8 ] } },
{ "type": "Feature", "properties": { "date": "2023-08-15", "region": "Central Region", "district": "Mchinji", "market": "Mchinji Boma", "commodity": "Cowpeas", "price": 1325.0, "pct_change": 21.68, "zscore": 1.692, "spike_severity": "Moderate" }, "geometry": { "type": "Point", "coordinates": [ 32.9, -13.8 ] } },
{ "type": "Feature", "properties": { "date": "2023-12-15", "region": "Central Region", "district": "Mchinji", "market": "Mchinji Boma", "commodity": "Cowpeas", "price": 1650.0, "pct_change": 32.0, "zscore": 1.771, "spike_severity": "Moderate" }, "geometry": { "type": "Point", "coordinates": [ 32.9, -13.8 ] } },
{ "type": "Feature", "properties": { "date": "2024-02-15", "region": "Central Region", "district": "Mchinji", "market": "Mchinji Boma", "commodity": "Cowpeas", "price": 2372.73, "pct_change": 34.9, "zscore": 2.193, "spike_severity": "Moderate" }, "geometry": { "type": "Point", "coordinates": [ 32.9, -13.8 ] } },
{ "type": "Feature", "properties": { "date": "2025-02-15", "region": "Central Region", "district": "Mchinji", "market": "Mchinji Boma", "commodity": "Cowpeas", "price": 3815.79, "pct_change": 52.63, "zscore": 2.314, "spike_severity": "Severe" }, "geometry": { "type": "Point", "coordinates": [ 32.9, -13.8 ] } },
{ "type": "Feature", "properties": { "date": "2026-01-15", "region": "Central Region", "district": "Mchinji", "market": "Mchinji Boma", "commodity": "Exotic vegetables", "price": 1000.0, "pct_change": 70.21, "zscore": 1.608, "spike_severity": "Moderate" }, "geometry": { "type": "Point", "coordinates": [ 32.9, -13.8 ] } },
{ "type": "Feature", "properties": { "date": "2026-01-15", "region": "Central Region", "district": "Mchinji", "market": "Mchinji Boma", "commodity": "Local vegetables", "price": 800.0, "pct_change": 113.33, "zscore": 1.685, "spike_severity": "Moderate" }, "geometry": { "type": "Point", "coordinates": [ 32.9, -13.8 ] } },
{ "type": "Feature", "properties": { "date": "2026-03-15", "region": "Central Region", "district": "Mchinji", "market": "Mchinji Boma", "commodity": "Local vegetables", "price": 6000.0, "pct_change": 900.0, "zscore": 2.253, "spike_severity": "Severe" }, "geometry": { "type": "Point", "coordinates": [ 32.9, -13.8 ] } },
{ "type": "Feature", "properties": { "date": "2022-01-15", "region": "Central Region", "district": "Mchinji", "market": "Mchinji Boma", "commodity": "Maize", "price": 200.0, "pct_change": 48.15, "zscore": 2.064, "spike_severity": "Severe" }, "geometry": { "type": "Point", "coordinates": [ 32.9, -13.8 ] } },
{ "type": "Feature", "properties": { "date": "2022-09-15", "region": "Central Region", "district": "Mchinji", "market": "Mchinji Boma", "commodity": "Maize", "price": 284.0, "pct_change": 42.0, "zscore": 2.595, "spike_severity": "Severe" }, "geometry": { "type": "Point", "coordinates": [ 32.9, -13.8 ] } },
{ "type": "Feature", "properties": { "date": "2025-04-15", "region": "Central Region", "district": "Mchinji", "market": "Mchinji Boma", "commodity": "Maize", "price": 820.59, "pct_change": 188.94, "zscore": 3.065, "spike_severity": "Critical" }, "geometry": { "type": "Point", "coordinates": [ 32.9, -13.8 ] } },
{ "type": "Feature", "properties": { "date": "2025-09-15", "region": "Central Region", "district": "Mchinji", "market": "Mchinji Boma", "commodity": "Maize", "price": 1172.83, "pct_change": 59.27, "zscore": 2.301, "spike_severity": "Severe" }, "geometry": { "type": "Point", "coordinates": [ 32.9, -13.8 ] } },
{ "type": "Feature", "properties": { "date": "2023-04-15", "region": "Central Region", "district": "Mchinji", "market": "Mchinji Boma", "commodity": "Maize (new harvest)", "price": 535.0, "pct_change": 282.14, "zscore": 2.243, "spike_severity": "Severe" }, "geometry": { "type": "Point", "coordinates": [ 32.9, -13.8 ] } },
{ "type": "Feature", "properties": { "date": "2025-02-15", "region": "Central Region", "district": "Mchinji", "market": "Mchinji Boma", "commodity": "Maize (new harvest)", "price": 1275.0, "pct_change": 70.0, "zscore": 2.55, "spike_severity": "Critical" }, "geometry": { "type": "Point", "coordinates": [ 32.9, -13.8 ] } },
{ "type": "Feature", "properties": { "date": "2025-04-15", "region": "Central Region", "district": "Mchinji", "market": "Mchinji Boma", "commodity": "Oil (vegetable)", "price": 8825.0, "pct_change": 635.42, "zscore": 2.267, "spike_severity": "Severe" }, "geometry": { "type": "Point", "coordinates": [ 32.9, -13.8 ] } },
{ "type": "Feature", "properties": { "date": "2023-11-15", "region": "Central Region", "district": "Mchinji", "market": "Mchinji Boma", "commodity": "Pigeon peas", "price": 1600.0, "pct_change": 220.0, "zscore": 1.789, "spike_severity": "Moderate" }, "geometry": { "type": "Point", "coordinates": [ 32.9, -13.8 ] } },
{ "type": "Feature", "properties": { "date": "2024-02-15", "region": "Central Region", "district": "Mchinji", "market": "Mchinji Boma", "commodity": "Pigeon peas", "price": 2500.0, "pct_change": 66.67, "zscore": 1.895, "spike_severity": "Moderate" }, "geometry": { "type": "Point", "coordinates": [ 32.9, -13.8 ] } },
{ "type": "Feature", "properties": { "date": "2025-10-15", "region": "Central Region", "district": "Mchinji", "market": "Mchinji Boma", "commodity": "Pigeon peas", "price": 4000.0, "pct_change": 60.0, "zscore": 2.169, "spike_severity": "Severe" }, "geometry": { "type": "Point", "coordinates": [ 32.9, -13.8 ] } },
{ "type": "Feature", "properties": { "date": "2025-04-15", "region": "Central Region", "district": "Mchinji", "market": "Mchinji Boma", "commodity": "Rice", "price": 5000.0, "pct_change": 669.23, "zscore": 2.266, "spike_severity": "Severe" }, "geometry": { "type": "Point", "coordinates": [ 32.9, -13.8 ] } },
{ "type": "Feature", "properties": { "date": "2025-10-15", "region": "Central Region", "district": "Mchinji", "market": "Mchinji Boma", "commodity": "Soybeans", "price": 4525.0, "pct_change": 50.83, "zscore": 1.893, "spike_severity": "Moderate" }, "geometry": { "type": "Point", "coordinates": [ 32.9, -13.8 ] } },
{ "type": "Feature", "properties": { "date": "2026-03-15", "region": "Central Region", "district": "Mchinji", "market": "Mchinji Boma", "commodity": "Soybeans", "price": 4500.0, "pct_change": 50.0, "zscore": 1.807, "spike_severity": "Moderate" }, "geometry": { "type": "Point", "coordinates": [ 32.9, -13.8 ] } },
{ "type": "Feature", "properties": { "date": "2025-04-15", "region": "Central Region", "district": "Mchinji", "market": "Mchinji Boma", "commodity": "Sugar", "price": 3500.0, "pct_change": 288.89, "zscore": 2.265, "spike_severity": "Severe" }, "geometry": { "type": "Point", "coordinates": [ 32.9, -13.8 ] } },
{ "type": "Feature", "properties": { "date": "2025-05-15", "region": "Central Region", "district": "Mchinji", "market": "Mchinji Boma", "commodity": "Sugar", "price": 4264.52, "pct_change": 21.84, "zscore": 1.873, "spike_severity": "Moderate" }, "geometry": { "type": "Point", "coordinates": [ 32.9, -13.8 ] } },
{ "type": "Feature", "properties": { "date": "2025-06-15", "region": "Central Region", "district": "Mchinji", "market": "Mchinji Boma", "commodity": "Sugar", "price": 5166.67, "pct_change": 21.15, "zscore": 1.778, "spike_severity": "Moderate" }, "geometry": { "type": "Point", "coordinates": [ 32.9, -13.8 ] } },
{ "type": "Feature", "properties": { "date": "2025-04-15", "region": "Central Region", "district": "Mchinji", "market": "Mchinji Boma", "commodity": "Sweet potatoes", "price": 833.33, "pct_change": 177.78, "zscore": 2.258, "spike_severity": "Severe" }, "geometry": { "type": "Point", "coordinates": [ 32.9, -13.8 ] } },
{ "type": "Feature", "properties": { "date": "2025-09-15", "region": "Central Region", "district": "Mchinji", "market": "Mchinji Boma", "commodity": "Sweet potatoes", "price": 1111.0, "pct_change": 99.98, "zscore": 2.358, "spike_severity": "Severe" }, "geometry": { "type": "Point", "coordinates": [ 32.9, -13.8 ] } },
{ "type": "Feature", "properties": { "date": "2025-11-15", "region": "Central Region", "district": "Mchinji", "market": "Mchinji Boma", "commodity": "Sweet potatoes", "price": 1111.0, "pct_change": 59.91, "zscore": 1.73, "spike_severity": "Moderate" }, "geometry": { "type": "Point", "coordinates": [ 32.9, -13.8 ] } },
{ "type": "Feature", "properties": { "date": "2024-01-15", "region": "Central Region", "district": "Mchinji", "market": "Mkanda", "commodity": "Beans", "price": 2944.12, "pct_change": 33.82, "zscore": 2.133, "spike_severity": "Moderate" }, "geometry": { "type": "Point", "coordinates": [ 32.95, -13.52 ] } },
{ "type": "Feature", "properties": { "date": "2024-06-15", "region": "Central Region", "district": "Mchinji", "market": "Mkanda", "commodity": "Beans", "price": 3500.0, "pct_change": 59.09, "zscore": 1.633, "spike_severity": "Moderate" }, "geometry": { "type": "Point", "coordinates": [ 32.95, -13.52 ] } },
{ "type": "Feature", "properties": { "date": "2025-02-15", "region": "Central Region", "district": "Mchinji", "market": "Mkanda", "commodity": "Beans", "price": 5368.42, "pct_change": 34.21, "zscore": 2.042, "spike_severity": "Moderate" }, "geometry": { "type": "Point", "coordinates": [ 32.95, -13.52 ] } },
{ "type": "Feature", "properties": { "date": "2024-01-15", "region": "Central Region", "district": "Mchinji", "market": "Mkanda", "commodity": "Cowpeas", "price": 1676.47, "pct_change": 41.18, "zscore": 2.442, "spike_severity": "Severe" }, "geometry": { "type": "Point", "coordinates": [ 32.95, -13.52 ] } },
{ "type": "Feature", "properties": { "date": "2024-02-15", "region": "Central Region", "district": "Mchinji", "market": "Mkanda", "commodity": "Cowpeas", "price": 2500.0, "pct_change": 49.12, "zscore": 2.738, "spike_severity": "Severe" }, "geometry": { "type": "Point", "coordinates": [ 32.95, -13.52 ] } },
{ "type": "Feature", "properties": { "date": "2025-06-15", "region": "Central Region", "district": "Mchinji", "market": "Mkanda", "commodity": "Cowpeas", "price": 3818.18, "pct_change": 22.18, "zscore": 1.626, "spike_severity": "Moderate" }, "geometry": { "type": "Point", "coordinates": [ 32.95, -13.52 ] } },
{ "type": "Feature", "properties": { "date": "2026-01-15", "region": "Central Region", "district": "Mchinji", "market": "Mkanda", "commodity": "Exotic vegetables", "price": 2000.0, "pct_change": 220.0, "zscore": 1.75, "spike_severity": "Moderate" }, "geometry": { "type": "Point", "coordinates": [ 32.95, -13.52 ] } },
{ "type": "Feature", "properties": { "date": "2025-02-15", "region": "Central Region", "district": "Mchinji", "market": "Mkanda", "commodity": "Maize (new harvest)", "price": 1302.63, "pct_change": 88.79, "zscore": 2.622, "spike_severity": "Critical" }, "geometry": { "type": "Point", "coordinates": [ 32.95, -13.52 ] } },
{ "type": "Feature", "properties": { "date": "2022-05-15", "region": "Central Region", "district": "Mchinji", "market": "Waliranji", "commodity": "Beans", "price": 6100.0, "pct_change": 838.46, "zscore": 3.006, "spike_severity": "Critical" }, "geometry": { "type": "Point", "coordinates": [ 33.28, -13.98 ] } },
{ "type": "Feature", "properties": { "date": "2024-01-15", "region": "Central Region", "district": "Mchinji", "market": "Waliranji", "commodity": "Beans", "price": 2608.82, "pct_change": 30.44, "zscore": 2.175, "spike_severity": "Moderate" }, "geometry": { "type": "Point", "coordinates": [ 33.28, -13.98 ] } },
{ "type": "Feature", "properties": { "date": "2024-10-15", "region": "Central Region", "district": "Mchinji", "market": "Waliranji", "commodity": "Beans", "price": 5000.0, "pct_change": 21.21, "zscore": 2.006, "spike_severity": "Moderate" }, "geometry": { "type": "Point", "coordinates": [ 33.28, -13.98 ] } },
{ "type": "Feature", "properties": { "date": "2025-04-15", "region": "Central Region", "district": "Mchinji", "market": "Waliranji", "commodity": "Beans", "price": 6583.33, "pct_change": 42.77, "zscore": 2.059, "spike_severity": "Severe" }, "geometry": { "type": "Point", "coordinates": [ 33.28, -13.98 ] } },
{ "type": "Feature", "properties": { "date": "2025-09-15", "region": "Central Region", "district": "Mchinji", "market": "Waliranji", "commodity": "Beans", "price": 7456.52, "pct_change": 24.28, "zscore": 1.958, "spike_severity": "Moderate" }, "geometry": { "type": "Point", "coordinates": [ 33.28, -13.98 ] } },
{ "type": "Feature", "properties": { "date": "2025-05-15", "region": "Central Region", "district": "Mchinji", "market": "Waliranji", "commodity": "Cassava", "price": 2400.0, "pct_change": 1233.33, "zscore": 2.267, "spike_severity": "Severe" }, "geometry": { "type": "Point", "coordinates": [ 33.28, -13.98 ] } },
{ "type": "Feature", "properties": { "date": "2023-01-15", "region": "Central Region", "district": "Mchinji", "market": "Waliranji", "commodity": "Cowpeas", "price": 1000.0, "pct_change": 42.86, "zscore": 2.27, "spike_severity": "Severe" }, "geometry": { "type": "Point", "coordinates": [ 33.28, -13.98 ] } },
{ "type": "Feature", "properties": { "date": "2023-08-15", "region": "Central Region", "district": "Mchinji", "market": "Waliranji", "commodity": "Cowpeas", "price": 1225.0, "pct_change": 22.5, "zscore": 1.565, "spike_severity": "Moderate" }, "geometry": { "type": "Point", "coordinates": [ 33.28, -13.98 ] } },
{ "type": "Feature", "properties": { "date": "2024-09-15", "region": "Central Region", "district": "Mchinji", "market": "Waliranji", "commodity": "Cowpeas", "price": 2412.5, "pct_change": 49.51, "zscore": 2.524, "spike_severity": "Severe" }, "geometry": { "type": "Point", "coordinates": [ 33.28, -13.98 ] } },
{ "type": "Feature", "properties": { "date": "2025-03-15", "region": "Central Region", "district": "Mchinji", "market": "Waliranji", "commodity": "Cowpeas", "price": 3777.78, "pct_change": 50.95, "zscore": 2.177, "spike_severity": "Severe" }, "geometry": { "type": "Point", "coordinates": [ 33.28, -13.98 ] } },
{ "type": "Feature", "properties": { "date": "2025-10-15", "region": "Central Region", "district": "Mchinji", "market": "Waliranji", "commodity": "Cowpeas", "price": 4083.33, "pct_change": 21.97, "zscore": 1.71, "spike_severity": "Moderate" }, "geometry": { "type": "Point", "coordinates": [ 33.28, -13.98 ] } },
{ "type": "Feature", "properties": { "date": "2026-01-15", "region": "Central Region", "district": "Mchinji", "market": "Waliranji", "commodity": "Exotic vegetables", "price": 1000.0, "pct_change": 60.0, "zscore": 1.549, "spike_severity": "Moderate" }, "geometry": { "type": "Point", "coordinates": [ 33.28, -13.98 ] } },
{ "type": "Feature", "properties": { "date": "2026-01-15", "region": "Central Region", "district": "Mchinji", "market": "Waliranji", "commodity": "Local vegetables", "price": 1000.0, "pct_change": 110.53, "zscore": 1.683, "spike_severity": "Moderate" }, "geometry": { "type": "Point", "coordinates": [ 33.28, -13.98 ] } },
{ "type": "Feature", "properties": { "date": "2022-01-15", "region": "Central Region", "district": "Mchinji", "market": "Waliranji", "commodity": "Maize", "price": 200.0, "pct_change": 42.86, "zscore": 1.84, "spike_severity": "Moderate" }, "geometry": { "type": "Point", "coordinates": [ 33.28, -13.98 ] } },
{ "type": "Feature", "properties": { "date": "2022-09-15", "region": "Central Region", "district": "Mchinji", "market": "Waliranji", "commodity": "Maize", "price": 272.5, "pct_change": 36.25, "zscore": 2.528, "spike_severity": "Moderate" }, "geometry": { "type": "Point", "coordinates": [ 33.28, -13.98 ] } },
{ "type": "Feature", "properties": { "date": "2025-04-15", "region": "Central Region", "district": "Mchinji", "market": "Waliranji", "commodity": "Maize", "price": 941.67, "pct_change": 245.57, "zscore": 3.103, "spike_severity": "Critical" }, "geometry": { "type": "Point", "coordinates": [ 33.28, -13.98 ] } },
{ "type": "Feature", "properties": { "date": "2025-09-15", "region": "Central Region", "district": "Mchinji", "market": "Waliranji", "commodity": "Maize", "price": 1200.0, "pct_change": 63.64, "zscore": 2.224, "spike_severity": "Severe" }, "geometry": { "type": "Point", "coordinates": [ 33.28, -13.98 ] } },
{ "type": "Feature", "properties": { "date": "2023-01-15", "region": "Central Region", "district": "Mchinji", "market": "Waliranji", "commodity": "Maize (new harvest)", "price": 455.0, "pct_change": 237.04, "zscore": 2.217, "spike_severity": "Severe" }, "geometry": { "type": "Point", "coordinates": [ 33.28, -13.98 ] } },
{ "type": "Feature", "properties": { "date": "2025-02-15", "region": "Central Region", "district": "Mchinji", "market": "Waliranji", "commodity": "Maize (new harvest)", "price": 1307.89, "pct_change": 80.4, "zscore": 2.631, "spike_severity": "Critical" }, "geometry": { "type": "Point", "coordinates": [ 33.28, -13.98 ] } },
{ "type": "Feature", "properties": { "date": "2025-10-15", "region": "Central Region", "district": "Mchinji", "market": "Waliranji", "commodity": "Millet", "price": 3000.0, "pct_change": 400.0, "zscore": 1.789, "spike_severity": "Moderate" }, "geometry": { "type": "Point", "coordinates": [ 33.28, -13.98 ] } },
{ "type": "Feature", "properties": { "date": "2025-04-15", "region": "Central Region", "district": "Mchinji", "market": "Waliranji", "commodity": "Oil (vegetable)", "price": 7933.33, "pct_change": 561.11, "zscore": 2.267, "spike_severity": "Severe" }, "geometry": { "type": "Point", "coordinates": [ 33.28, -13.98 ] } },
{ "type": "Feature", "properties": { "date": "2023-11-15", "region": "Central Region", "district": "Mchinji", "market": "Waliranji", "commodity": "Pigeon peas", "price": 1225.0, "pct_change": 104.17, "zscore": 1.747, "spike_severity": "Moderate" }, "geometry": { "type": "Point", "coordinates": [ 33.28, -13.98 ] } },
{ "type": "Feature", "properties": { "date": "2024-02-15", "region": "Central Region", "district": "Mchinji", "market": "Waliranji", "commodity": "Pigeon peas", "price": 2250.0, "pct_change": 47.54, "zscore": 1.865, "spike_severity": "Moderate" }, "geometry": { "type": "Point", "coordinates": [ 33.28, -13.98 ] } },
{ "type": "Feature", "properties": { "date": "2025-05-15", "region": "Central Region", "district": "Mchinji", "market": "Waliranji", "commodity": "Rice", "price": 3361.54, "pct_change": 363.66, "zscore": 2.267, "spike_severity": "Severe" }, "geometry": { "type": "Point", "coordinates": [ 33.28, -13.98 ] } },
{ "type": "Feature", "properties": { "date": "2025-04-15", "region": "Central Region", "district": "Mchinji", "market": "Waliranji", "commodity": "Sugar", "price": 3533.33, "pct_change": 341.67, "zscore": 2.268, "spike_severity": "Severe" }, "geometry": { "type": "Point", "coordinates": [ 33.28, -13.98 ] } },
{ "type": "Feature", "properties": { "date": "2025-05-15", "region": "Central Region", "district": "Mchinji", "market": "Waliranji", "commodity": "Sugar", "price": 4351.85, "pct_change": 23.17, "zscore": 1.881, "spike_severity": "Moderate" }, "geometry": { "type": "Point", "coordinates": [ 33.28, -13.98 ] } },
{ "type": "Feature", "properties": { "date": "2025-05-15", "region": "Central Region", "district": "Mchinji", "market": "Waliranji", "commodity": "Sweet potatoes", "price": 555.56, "pct_change": 85.19, "zscore": 2.268, "spike_severity": "Severe" }, "geometry": { "type": "Point", "coordinates": [ 33.28, -13.98 ] } },
{ "type": "Feature", "properties": { "date": "2025-10-15", "region": "Central Region", "district": "Mchinji", "market": "Waliranji", "commodity": "Sweet potatoes", "price": 694.75, "pct_change": 24.96, "zscore": 1.696, "spike_severity": "Moderate" }, "geometry": { "type": "Point", "coordinates": [ 33.28, -13.98 ] } },
{ "type": "Feature", "properties": { "date": "2025-12-15", "region": "Central Region", "district": "Mchinji", "market": "Waliranji", "commodity": "Sweet potatoes", "price": 1111.0, "pct_change": 59.91, "zscore": 2.532, "spike_severity": "Severe" }, "geometry": { "type": "Point", "coordinates": [ 33.28, -13.98 ] } },
{ "type": "Feature", "properties": { "date": "2026-03-15", "region": "Central Region", "district": "Mchinji", "market": "Waliranji", "commodity": "Sweet potatoes", "price": 1111.0, "pct_change": 33.37, "zscore": 1.759, "spike_severity": "Moderate" }, "geometry": { "type": "Point", "coordinates": [ 33.28, -13.98 ] } },
{ "type": "Feature", "properties": { "date": "2021-01-15", "region": "Southern Region", "district": "Mulanje", "market": "Chinakanaka", "commodity": "Beans", "price": 1110.0, "pct_change": 23.33, "zscore": 2.228, "spike_severity": "Moderate" }, "geometry": { "type": "Point", "coordinates": [ 35.4, -15.99 ] } },
{ "type": "Feature", "properties": { "date": "2023-01-15", "region": "Southern Region", "district": "Mulanje", "market": "Chinakanaka", "commodity": "Beans", "price": 1650.0, "pct_change": 37.5, "zscore": 2.34, "spike_severity": "Moderate" }, "geometry": { "type": "Point", "coordinates": [ 35.4, -15.99 ] } },
{ "type": "Feature", "properties": { "date": "2023-05-15", "region": "Southern Region", "district": "Mulanje", "market": "Chinakanaka", "commodity": "Beans", "price": 1800.0, "pct_change": 24.14, "zscore": 1.957, "spike_severity": "Moderate" }, "geometry": { "type": "Point", "coordinates": [ 35.4, -15.99 ] } },
{ "type": "Feature", "properties": { "date": "2024-01-15", "region": "Southern Region", "district": "Mulanje", "market": "Chinakanaka", "commodity": "Beans", "price": 2752.94, "pct_change": 22.35, "zscore": 2.428, "spike_severity": "Moderate" }, "geometry": { "type": "Point", "coordinates": [ 35.4, -15.99 ] } },
{ "type": "Feature", "properties": { "date": "2024-05-15", "region": "Southern Region", "district": "Mulanje", "market": "Chinakanaka", "commodity": "Beans", "price": 3500.0, "pct_change": 34.33, "zscore": 2.072, "spike_severity": "Moderate" }, "geometry": { "type": "Point", "coordinates": [ 35.4, -15.99 ] } },
{ "type": "Feature", "properties": { "date": "2024-09-15", "region": "Southern Region", "district": "Mulanje", "market": "Chinakanaka", "commodity": "Beans", "price": 3750.0, "pct_change": 20.97, "zscore": 1.691, "spike_severity": "Moderate" }, "geometry": { "type": "Point", "coordinates": [ 35.4, -15.99 ] } },
{ "type": "Feature", "properties": { "date": "2025-09-15", "region": "Southern Region", "district": "Mulanje", "market": "Chinakanaka", "commodity": "Cassava", "price": 2000.0, "pct_change": 700.0, "zscore": 2.267, "spike_severity": "Severe" }, "geometry": { "type": "Point", "coordinates": [ 35.4, -15.99 ] } },
{ "type": "Feature", "properties": { "date": "2025-10-15", "region": "Southern Region", "district": "Mulanje", "market": "Chinakanaka", "commodity": "Cassava", "price": 3166.67, "pct_change": 58.33, "zscore": 2.07, "spike_severity": "Severe" }, "geometry": { "type": "Point", "coordinates": [ 35.4, -15.99 ] } },
{ "type": "Feature", "properties": { "date": "2023-01-15", "region": "Southern Region", "district": "Mulanje", "market": "Chinakanaka", "commodity": "Cowpeas", "price": 950.0, "pct_change": 35.71, "zscore": 2.373, "spike_severity": "Moderate" }, "geometry": { "type": "Point", "coordinates": [ 35.4, -15.99 ] } },
{ "type": "Feature", "properties": { "date": "2023-08-15", "region": "Southern Region", "district": "Mulanje", "market": "Chinakanaka", "commodity": "Cowpeas", "price": 1100.0, "pct_change": 26.92, "zscore": 1.804, "spike_severity": "Moderate" }, "geometry": { "type": "Point", "coordinates": [ 35.4, -15.99 ] } },
{ "type": "Feature", "properties": { "date": "2023-12-15", "region": "Southern Region", "district": "Mulanje", "market": "Chinakanaka", "commodity": "Cowpeas", "price": 1525.0, "pct_change": 52.5, "zscore": 2.133, "spike_severity": "Severe" }, "geometry": { "type": "Point", "coordinates": [ 35.4, -15.99 ] } },
{ "type": "Feature", "properties": { "date": "2024-09-15", "region": "Southern Region", "district": "Mulanje", "market": "Chinakanaka", "commodity": "Cowpeas", "price": 2450.0, "pct_change": 32.11, "zscore": 2.368, "spike_severity": "Moderate" }, "geometry": { "type": "Point", "coordinates": [ 35.4, -15.99 ] } },
{ "type": "Feature", "properties": { "date": "2025-02-15", "region": "Southern Region", "district": "Mulanje", "market": "Chinakanaka", "commodity": "Cowpeas", "price": 3315.79, "pct_change": 70.04, "zscore": 2.18, "spike_severity": "Severe" }, "geometry": { "type": "Point", "coordinates": [ 35.4, -15.99 ] } },
{ "type": "Feature", "properties": { "date": "2026-02-15", "region": "Southern Region", "district": "Mulanje", "market": "Chinakanaka", "commodity": "Exotic vegetables", "price": 1340.0, "pct_change": 123.33, "zscore": 1.891, "spike_severity": "Moderate" }, "geometry": { "type": "Point", "coordinates": [ 35.4, -15.99 ] } },
{ "type": "Feature", "properties": { "date": "2026-02-15", "region": "Southern Region", "district": "Mulanje", "market": "Chinakanaka", "commodity": "Local vegetables", "price": 800.0, "pct_change": 100.0, "zscore": 1.585, "spike_severity": "Moderate" }, "geometry": { "type": "Point", "coordinates": [ 35.4, -15.99 ] } },
{ "type": "Feature", "properties": { "date": "2022-09-15", "region": "Southern Region", "district": "Mulanje", "market": "Chinakanaka", "commodity": "Maize", "price": 351.5, "pct_change": 57.98, "zscore": 2.829, "spike_severity": "Severe" }, "geometry": { "type": "Point", "coordinates": [ 35.4, -15.99 ] } },
{ "type": "Feature", "properties": { "date": "2025-04-15", "region": "Southern Region", "district": "Mulanje", "market": "Chinakanaka", "commodity": "Maize", "price": 935.0, "pct_change": 166.0, "zscore": 3.068, "spike_severity": "Critical" }, "geometry": { "type": "Point", "coordinates": [ 35.4, -15.99 ] } },
{ "type": "Feature", "properties": { "date": "2025-09-15", "region": "Southern Region", "district": "Mulanje", "market": "Chinakanaka", "commodity": "Maize", "price": 1356.52, "pct_change": 50.72, "zscore": 2.291, "spike_severity": "Severe" }, "geometry": { "type": "Point", "coordinates": [ 35.4, -15.99 ] } },
{ "type": "Feature", "properties": { "date": "2023-01-15", "region": "Southern Region", "district": "Mulanje", "market": "Chinakanaka", "commodity": "Maize (new harvest)", "price": 530.0, "pct_change": 278.57, "zscore": 2.223, "spike_severity": "Severe" }, "geometry": { "type": "Point", "coordinates": [ 35.4, -15.99 ] } },
{ "type": "Feature", "properties": { "date": "2023-04-15", "region": "Southern Region", "district": "Mulanje", "market": "Chinakanaka", "commodity": "Maize (new harvest)", "price": 650.0, "pct_change": 22.64, "zscore": 1.904, "spike_severity": "Moderate" }, "geometry": { "type": "Point", "coordinates": [ 35.4, -15.99 ] } },
{ "type": "Feature", "properties": { "date": "2025-02-15", "region": "Southern Region", "district": "Mulanje", "market": "Chinakanaka", "commodity": "Maize (new harvest)", "price": 1380.26, "pct_change": 57.74, "zscore": 2.512, "spike_severity": "Severe" }, "geometry": { "type": "Point", "coordinates": [ 35.4, -15.99 ] } },
{ "type": "Feature", "properties": { "date": "2025-03-15", "region": "Southern Region", "district": "Mulanje", "market": "Chinakanaka", "commodity": "Maize (new harvest)", "price": 1772.22, "pct_change": 28.4, "zscore": 2.48, "spike_severity": "Moderate" }, "geometry": { "type": "Point", "coordinates": [ 35.4, -15.99 ] } },
{ "type": "Feature", "properties": { "date": "2025-05-15", "region": "Southern Region", "district": "Mulanje", "market": "Chinakanaka", "commodity": "Millet", "price": 4000.0, "pct_change": 700.0, "zscore": 2.041, "spike_severity": "Severe" }, "geometry": { "type": "Point", "coordinates": [ 35.4, -15.99 ] } },
{ "type": "Feature", "properties": { "date": "2025-04-15", "region": "Southern Region", "district": "Mulanje", "market": "Chinakanaka", "commodity": "Oil (vegetable)", "price": 7195.0, "pct_change": 413.93, "zscore": 2.266, "spike_severity": "Severe" }, "geometry": { "type": "Point", "coordinates": [ 35.4, -15.99 ] } },
{ "type": "Feature", "properties": { "date": "2023-01-15", "region": "Southern Region", "district": "Mulanje", "market": "Chinakanaka", "commodity": "Pigeon peas", "price": 900.0, "pct_change": 80.0, "zscore": 2.022, "spike_severity": "Severe" }, "geometry": { "type": "Point", "coordinates": [ 35.4, -15.99 ] } },
{ "type": "Feature", "properties": { "date": "2023-09-15", "region": "Southern Region", "district": "Mulanje", "market": "Chinakanaka", "commodity": "Pigeon peas", "price": 1300.0, "pct_change": 44.44, "zscore": 2.09, "spike_severity": "Severe" }, "geometry": { "type": "Point", "coordinates": [ 35.4, -15.99 ] } },
{ "type": "Feature", "properties": { "date": "2023-11-15", "region": "Southern Region", "district": "Mulanje", "market": "Chinakanaka", "commodity": "Pigeon peas", "price": 1450.0, "pct_change": 23.4, "zscore": 1.839, "spike_severity": "Moderate" }, "geometry": { "type": "Point", "coordinates": [ 35.4, -15.99 ] } },
{ "type": "Feature", "properties": { "date": "2024-01-15", "region": "Southern Region", "district": "Mulanje", "market": "Chinakanaka", "commodity": "Pigeon peas", "price": 1752.94, "pct_change": 23.01, "zscore": 1.91, "spike_severity": "Moderate" }, "geometry": { "type": "Point", "coordinates": [ 35.4, -15.99 ] } },
{ "type": "Feature", "properties": { "date": "2025-02-15", "region": "Southern Region", "district": "Mulanje", "market": "Chinakanaka", "commodity": "Pigeon peas", "price": 2189.47, "pct_change": 130.47, "zscore": 1.733, "spike_severity": "Moderate" }, "geometry": { "type": "Point", "coordinates": [ 35.4, -15.99 ] } },
{ "type": "Feature", "properties": { "date": "2025-03-15", "region": "Southern Region", "district": "Mulanje", "market": "Chinakanaka", "commodity": "Pigeon peas", "price": 3000.0, "pct_change": 37.02, "zscore": 2.385, "spike_severity": "Moderate" }, "geometry": { "type": "Point", "coordinates": [ 35.4, -15.99 ] } },
{ "type": "Feature", "properties": { "date": "2025-04-15", "region": "Southern Region", "district": "Mulanje", "market": "Chinakanaka", "commodity": "Rice", "price": 5000.0, "pct_change": 733.33, "zscore": 2.265, "spike_severity": "Severe" }, "geometry": { "type": "Point", "coordinates": [ 35.4, -15.99 ] } },
{ "type": "Feature", "properties": { "date": "2025-12-15", "region": "Southern Region", "district": "Mulanje", "market": "Chinakanaka", "commodity": "Soybeans", "price": 4000.0, "pct_change": 33.33, "zscore": 1.771, "spike_severity": "Moderate" }, "geometry": { "type": "Point", "coordinates": [ 35.4, -15.99 ] } },
{ "type": "Feature", "properties": { "date": "2025-04-15", "region": "Southern Region", "district": "Mulanje", "market": "Chinakanaka", "commodity": "Sugar", "price": 3435.0, "pct_change": 304.12, "zscore": 2.267, "spike_severity": "Severe" }, "geometry": { "type": "Point", "coordinates": [ 35.4, -15.99 ] } },
{ "type": "Feature", "properties": { "date": "2025-06-15", "region": "Southern Region", "district": "Mulanje", "market": "Chinakanaka", "commodity": "Sugar", "price": 4968.33, "pct_change": 23.51, "zscore": 1.789, "spike_severity": "Moderate" }, "geometry": { "type": "Point", "coordinates": [ 35.4, -15.99 ] } },
{ "type": "Feature", "properties": { "date": "2025-04-15", "region": "Southern Region", "district": "Mulanje", "market": "Chinakanaka", "commodity": "Sweet potatoes", "price": 1111.11, "pct_change": 270.37, "zscore": 2.202, "spike_severity": "Severe" }, "geometry": { "type": "Point", "coordinates": [ 35.4, -15.99 ] } },
{ "type": "Feature", "properties": { "date": "2026-03-15", "region": "Southern Region", "district": "Mulanje", "market": "Chinakanaka", "commodity": "Sweet potatoes", "price": 2778.0, "pct_change": 399.64, "zscore": 3.026, "spike_severity": "Critical" }, "geometry": { "type": "Point", "coordinates": [ 35.4, -15.99 ] } },
{ "type": "Feature", "properties": { "date": "2023-01-15", "region": "Southern Region", "district": "Mulanje", "market": "Chitakale", "commodity": "Beans", "price": 2300.0, "pct_change": 84.0, "zscore": 2.939, "spike_severity": "Critical" }, "geometry": { "type": "Point", "coordinates": [ 35.49, -16.01 ] } },
{ "type": "Feature", "properties": { "date": "2024-09-15", "region": "Southern Region", "district": "Mulanje", "market": "Chitakale", "commodity": "Beans", "price": 4000.0, "pct_change": 90.48, "zscore": 2.148, "spike_severity": "Severe" }, "geometry": { "type": "Point", "coordinates": [ 35.49, -16.01 ] } },
{ "type": "Feature", "properties": { "date": "2025-03-15", "region": "Southern Region", "district": "Mulanje", "market": "Chitakale", "commodity": "Beans", "price": 5388.89, "pct_change": 20.17, "zscore": 1.882, "spike_severity": "Moderate" }, "geometry": { "type": "Point", "coordinates": [ 35.49, -16.01 ] } },
{ "type": "Feature", "properties": { "date": "2025-05-15", "region": "Southern Region", "district": "Mulanje", "market": "Chitakale", "commodity": "Beans", "price": 6409.09, "pct_change": 26.08, "zscore": 1.946, "spike_severity": "Moderate" }, "geometry": { "type": "Point", "coordinates": [ 35.49, -16.01 ] } },
{ "type": "Feature", "properties": { "date": "2025-08-15", "region": "Southern Region", "district": "Mulanje", "market": "Chitakale", "commodity": "Cassava", "price": 2000.0, "pct_change": 900.0, "zscore": 2.267, "spike_severity": "Severe" }, "geometry": { "type": "Point", "coordinates": [ 35.49, -16.01 ] } },
{ "type": "Feature", "properties": { "date": "2025-09-15", "region": "Southern Region", "district": "Mulanje", "market": "Chitakale", "commodity": "Cassava", "price": 3000.0, "pct_change": 50.0, "zscore": 2.024, "spike_severity": "Severe" }, "geometry": { "type": "Point", "coordinates": [ 35.49, -16.01 ] } },
{ "type": "Feature", "properties": { "date": "2022-02-15", "region": "Southern Region", "district": "Mulanje", "market": "Chitakale", "commodity": "Cowpeas", "price": 800.0, "pct_change": 33.33, "zscore": 2.292, "spike_severity": "Moderate" }, "geometry": { "type": "Point", "coordinates": [ 35.49, -16.01 ] } },
{ "type": "Feature", "properties": { "date": "2023-01-15", "region": "Southern Region", "district": "Mulanje", "market": "Chitakale", "commodity": "Cowpeas", "price": 850.0, "pct_change": 21.43, "zscore": 1.929, "spike_severity": "Moderate" }, "geometry": { "type": "Point", "coordinates": [ 35.49, -16.01 ] } },
{ "type": "Feature", "properties": { "date": "2023-09-15", "region": "Southern Region", "district": "Mulanje", "market": "Chitakale", "commodity": "Cowpeas", "price": 1200.0, "pct_change": 26.32, "zscore": 1.988, "spike_severity": "Moderate" }, "geometry": { "type": "Point", "coordinates": [ 35.49, -16.01 ] } },
{ "type": "Feature", "properties": { "date": "2023-11-15", "region": "Southern Region", "district": "Mulanje", "market": "Chitakale", "commodity": "Cowpeas", "price": 1377.0, "pct_change": 37.7, "zscore": 2.068, "spike_severity": "Moderate" }, "geometry": { "type": "Point", "coordinates": [ 35.49, -16.01 ] } },
{ "type": "Feature", "properties": { "date": "2024-02-15", "region": "Southern Region", "district": "Mulanje", "market": "Chitakale", "commodity": "Cowpeas", "price": 2000.0, "pct_change": 24.31, "zscore": 2.21, "spike_severity": "Moderate" }, "geometry": { "type": "Point", "coordinates": [ 35.49, -16.01 ] } },
{ "type": "Feature", "properties": { "date": "2025-02-15", "region": "Southern Region", "district": "Mulanje", "market": "Chitakale", "commodity": "Cowpeas", "price": 2871.05, "pct_change": 30.5, "zscore": 2.076, "spike_severity": "Moderate" }, "geometry": { "type": "Point", "coordinates": [ 35.49, -16.01 ] } },
{ "type": "Feature", "properties": { "date": "2026-01-15", "region": "Southern Region", "district": "Mulanje", "market": "Chitakale", "commodity": "Exotic vegetables", "price": 1000.0, "pct_change": 75.44, "zscore": 1.603, "spike_severity": "Moderate" }, "geometry": { "type": "Point", "coordinates": [ 35.49, -16.01 ] } },
{ "type": "Feature", "properties": { "date": "2026-02-15", "region": "Southern Region", "district": "Mulanje", "market": "Chitakale", "commodity": "Exotic vegetables", "price": 1340.0, "pct_change": 34.0, "zscore": 1.557, "spike_severity": "Moderate" }, "geometry": { "type": "Point", "coordinates": [ 35.49, -16.01 ] } },
{ "type": "Feature", "properties": { "date": "2026-03-15", "region": "Southern Region", "district": "Mulanje", "market": "Chitakale", "commodity": "Fish (small, dry)", "price": 16000.0, "pct_change": 100.0, "zscore": 1.862, "spike_severity": "Moderate" }, "geometry": { "type": "Point", "coordinates": [ 35.49, -16.01 ] } },
{ "type": "Feature", "properties": { "date": "2025-09-15", "region": "Southern Region", "district": "Mulanje", "market": "Chitakale", "commodity": "Groundnuts (shelled)", "price": 8000.0, "pct_change": 45.45, "zscore": 1.666, "spike_severity": "Moderate" }, "geometry": { "type": "Point", "coordinates": [ 35.49, -16.01 ] } },
{ "type": "Feature", "properties": { "date": "2026-01-15", "region": "Southern Region", "district": "Mulanje", "market": "Chitakale", "commodity": "Local vegetables", "price": 670.0, "pct_change": 98.52, "zscore": 1.648, "spike_severity": "Moderate" }, "geometry": { "type": "Point", "coordinates": [ 35.49, -16.01 ] } },
{ "type": "Feature", "properties": { "date": "2022-09-15", "region": "Southern Region", "district": "Mulanje", "market": "Chitakale", "commodity": "Maize", "price": 355.0, "pct_change": 77.5, "zscore": 3.037, "spike_severity": "Critical" }, "geometry": { "type": "Point", "coordinates": [ 35.49, -16.01 ] } },
{ "type": "Feature", "properties": { "date": "2025-04-15", "region": "Southern Region", "district": "Mulanje", "market": "Chitakale", "commodity": "Maize", "price": 1204.17, "pct_change": 239.2, "zscore": 3.122, "spike_severity": "Critical" }, "geometry": { "type": "Point", "coordinates": [ 35.49, -16.01 ] } },
{ "type": "Feature", "properties": { "date": "2025-09-15", "region": "Southern Region", "district": "Mulanje", "market": "Chitakale", "commodity": "Maize", "price": 1410.0, "pct_change": 41.0, "zscore": 2.054, "spike_severity": "Severe" }, "geometry": { "type": "Point", "coordinates": [ 35.49, -16.01 ] } },
{ "type": "Feature", "properties": { "date": "2023-01-15", "region": "Southern Region", "district": "Mulanje", "market": "Chitakale", "commodity": "Maize (new harvest)", "price": 505.0, "pct_change": 206.06, "zscore": 2.251, "spike_severity": "Severe" }, "geometry": { "type": "Point", "coordinates": [ 35.49, -16.01 ] } },
{ "type": "Feature", "properties": { "date": "2023-04-15", "region": "Southern Region", "district": "Mulanje", "market": "Chitakale", "commodity": "Maize (new harvest)", "price": 637.5, "pct_change": 26.24, "zscore": 1.956, "spike_severity": "Moderate" }, "geometry": { "type": "Point", "coordinates": [ 35.49, -16.01 ] } },
{ "type": "Feature", "properties": { "date": "2025-02-15", "region": "Southern Region", "district": "Mulanje", "market": "Chitakale", "commodity": "Maize (new harvest)", "price": 1418.42, "pct_change": 57.6, "zscore": 2.606, "spike_severity": "Severe" }, "geometry": { "type": "Point", "coordinates": [ 35.49, -16.01 ] } },
{ "type": "Feature", "properties": { "date": "2025-10-15", "region": "Southern Region", "district": "Mulanje", "market": "Chitakale", "commodity": "Millet", "price": 1000.0, "pct_change": 100.0, "zscore": 2.041, "spike_severity": "Severe" }, "geometry": { "type": "Point", "coordinates": [ 35.49, -16.01 ] } },
{ "type": "Feature", "properties": { "date": "2025-12-15", "region": "Southern Region", "district": "Mulanje", "market": "Chitakale", "commodity": "Millet", "price": 2500.0, "pct_change": 150.0, "zscore": 2.196, "spike_severity": "Severe" }, "geometry": { "type": "Point", "coordinates": [ 35.49, -16.01 ] } },
{ "type": "Feature", "properties": { "date": "2025-04-15", "region": "Southern Region", "district": "Mulanje", "market": "Chitakale", "commodity": "Oil (vegetable)", "price": 8375.0, "pct_change": 544.23, "zscore": 2.266, "spike_severity": "Severe" }, "geometry": { "type": "Point", "coordinates": [ 35.49, -16.01 ] } },
{ "type": "Feature", "properties": { "date": "2023-01-15", "region": "Southern Region", "district": "Mulanje", "market": "Chitakale", "commodity": "Pigeon peas", "price": 800.0, "pct_change": 60.0, "zscore": 2.173, "spike_severity": "Severe" }, "geometry": { "type": "Point", "coordinates": [ 35.49, -16.01 ] } },
{ "type": "Feature", "properties": { "date": "2023-09-15", "region": "Southern Region", "district": "Mulanje", "market": "Chitakale", "commodity": "Pigeon peas", "price": 1200.0, "pct_change": 37.14, "zscore": 2.026, "spike_severity": "Moderate" }, "geometry": { "type": "Point", "coordinates": [ 35.49, -16.01 ] } },
{ "type": "Feature", "properties": { "date": "2023-11-15", "region": "Southern Region", "district": "Mulanje", "market": "Chitakale", "commodity": "Pigeon peas", "price": 1475.0, "pct_change": 38.28, "zscore": 2.061, "spike_severity": "Moderate" }, "geometry": { "type": "Point", "coordinates": [ 35.49, -16.01 ] } },
{ "type": "Feature", "properties": { "date": "2024-02-15", "region": "Southern Region", "district": "Mulanje", "market": "Chitakale", "commodity": "Pigeon peas", "price": 2000.0, "pct_change": 25.93, "zscore": 2.022, "spike_severity": "Moderate" }, "geometry": { "type": "Point", "coordinates": [ 35.49, -16.01 ] } },
{ "type": "Feature", "properties": { "date": "2025-02-15", "region": "Southern Region", "district": "Mulanje", "market": "Chitakale", "commodity": "Pigeon peas", "price": 2431.58, "pct_change": 121.05, "zscore": 2.21, "spike_severity": "Severe" }, "geometry": { "type": "Point", "coordinates": [ 35.49, -16.01 ] } },
{ "type": "Feature", "properties": { "date": "2025-03-15", "region": "Southern Region", "district": "Mulanje", "market": "Chitakale", "commodity": "Pigeon peas", "price": 2955.56, "pct_change": 21.55, "zscore": 2.262, "spike_severity": "Moderate" }, "geometry": { "type": "Point", "coordinates": [ 35.49, -16.01 ] } },
{ "type": "Feature", "properties": { "date": "2025-04-15", "region": "Southern Region", "district": "Mulanje", "market": "Chitakale", "commodity": "Rice", "price": 4500.0, "pct_change": 542.86, "zscore": 2.263, "spike_severity": "Severe" }, "geometry": { "type": "Point", "coordinates": [ 35.49, -16.01 ] } },
{ "type": "Feature", "properties": { "date": "2025-10-15", "region": "Southern Region", "district": "Mulanje", "market": "Chitakale", "commodity": "Soybeans", "price": 4000.0, "pct_change": 33.33, "zscore": 2.0, "spike_severity": "Moderate" }, "geometry": { "type": "Point", "coordinates": [ 35.49, -16.01 ] } },
{ "type": "Feature", "properties": { "date": "2025-12-15", "region": "Southern Region", "district": "Mulanje", "market": "Chitakale", "commodity": "Soybeans", "price": 4041.67, "pct_change": 24.36, "zscore": 1.619, "spike_severity": "Moderate" }, "geometry": { "type": "Point", "coordinates": [ 35.49, -16.01 ] } },
{ "type": "Feature", "properties": { "date": "2025-04-15", "region": "Southern Region", "district": "Mulanje", "market": "Chitakale", "commodity": "Sugar", "price": 3652.94, "pct_change": 305.88, "zscore": 2.267, "spike_severity": "Severe" }, "geometry": { "type": "Point", "coordinates": [ 35.49, -16.01 ] } },
{ "type": "Feature", "properties": { "date": "2025-06-15", "region": "Southern Region", "district": "Mulanje", "market": "Chitakale", "commodity": "Sugar", "price": 5301.72, "pct_change": 34.02, "zscore": 1.856, "spike_severity": "Moderate" }, "geometry": { "type": "Point", "coordinates": [ 35.49, -16.01 ] } },
{ "type": "Feature", "properties": { "date": "2025-04-15", "region": "Southern Region", "district": "Mulanje", "market": "Chitakale", "commodity": "Sweet potatoes", "price": 916.67, "pct_change": 205.56, "zscore": 2.022, "spike_severity": "Severe" }, "geometry": { "type": "Point", "coordinates": [ 35.49, -16.01 ] } },
{ "type": "Feature", "properties": { "date": "2025-09-15", "region": "Southern Region", "district": "Mulanje", "market": "Chitakale", "commodity": "Sweet potatoes", "price": 1111.0, "pct_change": 59.99, "zscore": 2.0, "spike_severity": "Moderate" }, "geometry": { "type": "Point", "coordinates": [ 35.49, -16.01 ] } },
{ "type": "Feature", "properties": { "date": "2025-11-15", "region": "Southern Region", "district": "Mulanje", "market": "Chitakale", "commodity": "Sweet potatoes", "price": 1111.0, "pct_change": 41.12, "zscore": 1.613, "spike_severity": "Moderate" }, "geometry": { "type": "Point", "coordinates": [ 35.49, -16.01 ] } },
{ "type": "Feature", "properties": { "date": "2023-01-15", "region": "Southern Region", "district": "Mulanje", "market": "Limbuli", "commodity": "Beans", "price": 1500.0, "pct_change": 50.0, "zscore": 2.492, "spike_severity": "Severe" }, "geometry": { "type": "Point", "coordinates": [ 35.71, -16.07 ] } },
{ "type": "Feature", "properties": { "date": "2023-05-15", "region": "Southern Region", "district": "Mulanje", "market": "Limbuli", "commodity": "Beans", "price": 1650.0, "pct_change": 24.53, "zscore": 2.173, "spike_severity": "Moderate" }, "geometry": { "type": "Point", "coordinates": [ 35.71, -16.07 ] } },
{ "type": "Feature", "properties": { "date": "2024-06-15", "region": "Southern Region", "district": "Mulanje", "market": "Limbuli", "commodity": "Beans", "price": 3700.0, "pct_change": 23.33, "zscore": 1.581, "spike_severity": "Moderate" }, "geometry": { "type": "Point", "coordinates": [ 35.71, -16.07 ] } },
{ "type": "Feature", "properties": { "date": "2025-02-15", "region": "Southern Region", "district": "Mulanje", "market": "Limbuli", "commodity": "Beans", "price": 4447.37, "pct_change": 30.8, "zscore": 1.633, "spike_severity": "Moderate" }, "geometry": { "type": "Point", "coordinates": [ 35.71, -16.07 ] } },
{ "type": "Feature", "properties": { "date": "2025-05-15", "region": "Southern Region", "district": "Mulanje", "market": "Limbuli", "commodity": "Cassava", "price": 2000.0, "pct_change": 1233.33, "zscore": 1.5, "spike_severity": "Moderate" }, "geometry": { "type": "Point", "coordinates": [ 35.71, -16.07 ] } },
{ "type": "Feature", "properties": { "date": "2020-12-15", "region": "Southern Region", "district": "Mulanje", "market": "Limbuli", "commodity": "Cowpeas", "price": 723.53, "pct_change": 20.74, "zscore": 1.758, "spike_severity": "Moderate" }, "geometry": { "type": "Point", "coordinates": [ 35.71, -16.07 ] } },
{ "type": "Feature", "properties": { "date": "2023-06-15", "region": "Southern Region", "district": "Mulanje", "market": "Limbuli", "commodity": "Cowpeas", "price": 1050.0, "pct_change": 40.0, "zscore": 2.738, "spike_severity": "Moderate" }, "geometry": { "type": "Point", "coordinates": [ 35.71, -16.07 ] } },
{ "type": "Feature", "properties": { "date": "2023-10-15", "region": "Southern Region", "district": "Mulanje", "market": "Limbuli", "commodity": "Cowpeas", "price": 1150.0, "pct_change": 27.78, "zscore": 2.102, "spike_severity": "Moderate" }, "geometry": { "type": "Point", "coordinates": [ 35.71, -16.07 ] } },
{ "type": "Feature", "properties": { "date": "2023-11-15", "region": "Southern Region", "district": "Mulanje", "market": "Limbuli", "commodity": "Cowpeas", "price": 1450.0, "pct_change": 26.09, "zscore": 2.36, "spike_severity": "Moderate" }, "geometry": { "type": "Point", "coordinates": [ 35.71, -16.07 ] } },
{ "type": "Feature", "properties": { "date": "2024-09-15", "region": "Southern Region", "district": "Mulanje", "market": "Limbuli", "commodity": "Cowpeas", "price": 2350.0, "pct_change": 56.67, "zscore": 1.773, "spike_severity": "Moderate" }, "geometry": { "type": "Point", "coordinates": [ 35.71, -16.07 ] } },
{ "type": "Feature", "properties": { "date": "2025-03-15", "region": "Southern Region", "district": "Mulanje", "market": "Limbuli", "commodity": "Cowpeas", "price": 3500.0, "pct_change": 23.38, "zscore": 2.165, "spike_severity": "Moderate" }, "geometry": { "type": "Point", "coordinates": [ 35.71, -16.07 ] } },
{ "type": "Feature", "properties": { "date": "2026-01-15", "region": "Southern Region", "district": "Mulanje", "market": "Limbuli", "commodity": "Exotic vegetables", "price": 1170.0, "pct_change": 111.19, "zscore": 1.697, "spike_severity": "Moderate" }, "geometry": { "type": "Point", "coordinates": [ 35.71, -16.07 ] } },
{ "type": "Feature", "properties": { "date": "2022-01-15", "region": "Southern Region", "district": "Mulanje", "market": "Limbuli", "commodity": "Maize", "price": 225.0, "pct_change": 32.35, "zscore": 2.283, "spike_severity": "Moderate" }, "geometry": { "type": "Point", "coordinates": [ 35.71, -16.07 ] } },
{ "type": "Feature", "properties": { "date": "2022-09-15", "region": "Southern Region", "district": "Mulanje", "market": "Limbuli", "commodity": "Maize", "price": 356.5, "pct_change": 58.44, "zscore": 2.913, "spike_severity": "Severe" }, "geometry": { "type": "Point", "coordinates": [ 35.71, -16.07 ] } },
{ "type": "Feature", "properties": { "date": "2025-04-15", "region": "Southern Region", "district": "Mulanje", "market": "Limbuli", "commodity": "Maize", "price": 913.33, "pct_change": 156.19, "zscore": 3.059, "spike_severity": "Critical" }, "geometry": { "type": "Point", "coordinates": [ 35.71, -16.07 ] } },
{ "type": "Feature", "properties": { "date": "2025-09-15", "region": "Southern Region", "district": "Mulanje", "market": "Limbuli", "commodity": "Maize", "price": 1395.65, "pct_change": 52.81, "zscore": 2.653, "spike_severity": "Severe" }, "geometry": { "type": "Point", "coordinates": [ 35.71, -16.07 ] } },
{ "type": "Feature", "properties": { "date": "2023-01-15", "region": "Southern Region", "district": "Mulanje", "market": "Limbuli", "commodity": "Maize (new harvest)", "price": 520.0, "pct_change": 173.68, "zscore": 2.265, "spike_severity": "Severe" }, "geometry": { "type": "Point", "coordinates": [ 35.71, -16.07 ] } },
{ "type": "Feature", "properties": { "date": "2023-04-15", "region": "Southern Region", "district": "Mulanje", "market": "Limbuli", "commodity": "Maize (new harvest)", "price": 645.0, "pct_change": 24.04, "zscore": 1.937, "spike_severity": "Moderate" }, "geometry": { "type": "Point", "coordinates": [ 35.71, -16.07 ] } },
{ "type": "Feature", "properties": { "date": "2023-07-15", "region": "Southern Region", "district": "Mulanje", "market": "Limbuli", "commodity": "Maize (new harvest)", "price": 659.44, "pct_change": 31.89, "zscore": 1.532, "spike_severity": "Moderate" }, "geometry": { "type": "Point", "coordinates": [ 35.71, -16.07 ] } },
{ "type": "Feature", "properties": { "date": "2025-02-15", "region": "Southern Region", "district": "Mulanje", "market": "Limbuli", "commodity": "Maize (new harvest)", "price": 1352.63, "pct_change": 50.29, "zscore": 2.527, "spike_severity": "Severe" }, "geometry": { "type": "Point", "coordinates": [ 35.71, -16.07 ] } },
{ "type": "Feature", "properties": { "date": "2025-04-15", "region": "Southern Region", "district": "Mulanje", "market": "Limbuli", "commodity": "Oil (vegetable)", "price": 7983.33, "pct_change": 526.14, "zscore": 2.267, "spike_severity": "Severe" }, "geometry": { "type": "Point", "coordinates": [ 35.71, -16.07 ] } },
{ "type": "Feature", "properties": { "date": "2023-04-15", "region": "Southern Region", "district": "Mulanje", "market": "Limbuli", "commodity": "Pigeon peas", "price": 800.0, "pct_change": 60.0, "zscore": 2.322, "spike_severity": "Severe" }, "geometry": { "type": "Point", "coordinates": [ 35.71, -16.07 ] } },
{ "type": "Feature", "properties": { "date": "2023-09-15", "region": "Southern Region", "district": "Mulanje", "market": "Limbuli", "commodity": "Pigeon peas", "price": 1475.0, "pct_change": 73.53, "zscore": 2.829, "spike_severity": "Critical" }, "geometry": { "type": "Point", "coordinates": [ 35.71, -16.07 ] } },
{ "type": "Feature", "properties": { "date": "2024-02-15", "region": "Southern Region", "district": "Mulanje", "market": "Limbuli", "commodity": "Pigeon peas", "price": 2116.67, "pct_change": 20.75, "zscore": 1.901, "spike_severity": "Moderate" }, "geometry": { "type": "Point", "coordinates": [ 35.71, -16.07 ] } },
{ "type": "Feature", "properties": { "date": "2025-03-15", "region": "Southern Region", "district": "Mulanje", "market": "Limbuli", "commodity": "Pigeon peas", "price": 2611.11, "pct_change": 20.27, "zscore": 2.13, "spike_severity": "Moderate" }, "geometry": { "type": "Point", "coordinates": [ 35.71, -16.07 ] } },
{ "type": "Feature", "properties": { "date": "2025-04-15", "region": "Southern Region", "district": "Mulanje", "market": "Limbuli", "commodity": "Rice", "price": 4500.0, "pct_change": 566.67, "zscore": 2.267, "spike_severity": "Severe" }, "geometry": { "type": "Point", "coordinates": [ 35.71, -16.07 ] } },
{ "type": "Feature", "properties": { "date": "2025-12-15", "region": "Southern Region", "district": "Mulanje", "market": "Limbuli", "commodity": "Sorghum", "price": 1760.0, "pct_change": 46.67, "zscore": 1.574, "spike_severity": "Moderate" }, "geometry": { "type": "Point", "coordinates": [ 35.71, -16.07 ] } },
{ "type": "Feature", "properties": { "date": "2025-04-15", "region": "Southern Region", "district": "Mulanje", "market": "Limbuli", "commodity": "Sugar", "price": 3650.0, "pct_change": 284.21, "zscore": 2.265, "spike_severity": "Severe" }, "geometry": { "type": "Point", "coordinates": [ 35.71, -16.07 ] } },
{ "type": "Feature", "properties": { "date": "2025-05-15", "region": "Southern Region", "district": "Mulanje", "market": "Limbuli", "commodity": "Sugar", "price": 4800.0, "pct_change": 31.51, "zscore": 1.957, "spike_severity": "Moderate" }, "geometry": { "type": "Point", "coordinates": [ 35.71, -16.07 ] } },
{ "type": "Feature", "properties": { "date": "2025-06-15", "region": "Southern Region", "district": "Mulanje", "market": "Limbuli", "commodity": "Sugar", "price": 5775.0, "pct_change": 20.31, "zscore": 1.806, "spike_severity": "Moderate" }, "geometry": { "type": "Point", "coordinates": [ 35.71, -16.07 ] } },
{ "type": "Feature", "properties": { "date": "2025-04-15", "region": "Southern Region", "district": "Mulanje", "market": "Limbuli", "commodity": "Sweet potatoes", "price": 1111.11, "pct_change": 217.46, "zscore": 2.223, "spike_severity": "Severe" }, "geometry": { "type": "Point", "coordinates": [ 35.71, -16.07 ] } },
{ "type": "Feature", "properties": { "date": "2025-09-15", "region": "Southern Region", "district": "Mulanje", "market": "Limbuli", "commodity": "Sweet potatoes", "price": 1111.0, "pct_change": 99.98, "zscore": 2.013, "spike_severity": "Severe" }, "geometry": { "type": "Point", "coordinates": [ 35.71, -16.07 ] } },
{ "type": "Feature", "properties": { "date": "2026-02-15", "region": "Southern Region", "district": "Mulanje", "market": "Limbuli", "commodity": "Tomatoes", "price": 3000.0, "pct_change": 42.86, "zscore": 1.588, "spike_severity": "Moderate" }, "geometry": { "type": "Point", "coordinates": [ 35.71, -16.07 ] } },
{ "type": "Feature", "properties": { "date": "2023-01-15", "region": "Southern Region", "district": "Mulanje", "market": "Mulanje Boma", "commodity": "Beans", "price": 2000.0, "pct_change": 110.53, "zscore": 2.045, "spike_severity": "Severe" }, "geometry": { "type": "Point", "coordinates": [ 35.5, -16.03 ] } },
{ "type": "Feature", "properties": { "date": "2024-01-15", "region": "Southern Region", "district": "Mulanje", "market": "Mulanje Boma", "commodity": "Beans", "price": 2797.06, "pct_change": 24.31, "zscore": 2.083, "spike_severity": "Moderate" }, "geometry": { "type": "Point", "coordinates": [ 35.5, -16.03 ] } },
{ "type": "Feature", "properties": { "date": "2024-09-15", "region": "Southern Region", "district": "Mulanje", "market": "Mulanje Boma", "commodity": "Beans", "price": 4000.0, "pct_change": 60.0, "zscore": 2.406, "spike_severity": "Severe" }, "geometry": { "type": "Point", "coordinates": [ 35.5, -16.03 ] } },
{ "type": "Feature", "properties": { "date": "2025-05-15", "region": "Southern Region", "district": "Mulanje", "market": "Mulanje Boma", "commodity": "Cassava", "price": 2800.0, "pct_change": 1300.0, "zscore": 1.788, "spike_severity": "Moderate" }, "geometry": { "type": "Point", "coordinates": [ 35.5, -16.03 ] } },
{ "type": "Feature", "properties": { "date": "2023-01-15", "region": "Southern Region", "district": "Mulanje", "market": "Mulanje Boma", "commodity": "Cowpeas", "price": 950.0, "pct_change": 35.71, "zscore": 1.562, "spike_severity": "Moderate" }, "geometry": { "type": "Point", "coordinates": [ 35.5, -16.03 ] } },
{ "type": "Feature", "properties": { "date": "2023-10-15", "region": "Southern Region", "district": "Mulanje", "market": "Mulanje Boma", "commodity": "Cowpeas", "price": 1350.0, "pct_change": 50.0, "zscore": 2.067, "spike_severity": "Severe" }, "geometry": { "type": "Point", "coordinates": [ 35.5, -16.03 ] } },
{ "type": "Feature", "properties": { "date": "2024-09-15", "region": "Southern Region", "district": "Mulanje", "market": "Mulanje Boma", "commodity": "Cowpeas", "price": 2250.0, "pct_change": 87.5, "zscore": 1.971, "spike_severity": "Moderate" }, "geometry": { "type": "Point", "coordinates": [ 35.5, -16.03 ] } },
{ "type": "Feature", "properties": { "date": "2025-02-15", "region": "Southern Region", "district": "Mulanje", "market": "Mulanje Boma", "commodity": "Cowpeas", "price": 2671.05, "pct_change": 33.55, "zscore": 1.787, "spike_severity": "Moderate" }, "geometry": { "type": "Point", "coordinates": [ 35.5, -16.03 ] } },
{ "type": "Feature", "properties": { "date": "2025-03-15", "region": "Southern Region", "district": "Mulanje", "market": "Mulanje Boma", "commodity": "Cowpeas", "price": 3500.0, "pct_change": 31.03, "zscore": 2.234, "spike_severity": "Moderate" }, "geometry": { "type": "Point", "coordinates": [ 35.5, -16.03 ] } },
{ "type": "Feature", "properties": { "date": "2026-01-15", "region": "Southern Region", "district": "Mulanje", "market": "Mulanje Boma", "commodity": "Exotic vegetables", "price": 800.0, "pct_change": 128.57, "zscore": 1.755, "spike_severity": "Moderate" }, "geometry": { "type": "Point", "coordinates": [ 35.5, -16.03 ] } },
{ "type": "Feature", "properties": { "date": "2026-02-15", "region": "Southern Region", "district": "Mulanje", "market": "Mulanje Boma", "commodity": "Exotic vegetables", "price": 2010.0, "pct_change": 151.25, "zscore": 1.945, "spike_severity": "Moderate" }, "geometry": { "type": "Point", "coordinates": [ 35.5, -16.03 ] } },
{ "type": "Feature", "properties": { "date": "2026-02-15", "region": "Southern Region", "district": "Mulanje", "market": "Mulanje Boma", "commodity": "Local vegetables", "price": 1200.0, "pct_change": 200.0, "zscore": 1.972, "spike_severity": "Moderate" }, "geometry": { "type": "Point", "coordinates": [ 35.5, -16.03 ] } },
{ "type": "Feature", "properties": { "date": "2022-01-15", "region": "Southern Region", "district": "Mulanje", "market": "Mulanje Boma", "commodity": "Maize", "price": 220.0, "pct_change": 37.5, "zscore": 2.604, "spike_severity": "Moderate" }, "geometry": { "type": "Point", "coordinates": [ 35.5, -16.03 ] } },
{ "type": "Feature", "properties": { "date": "2022-09-15", "region": "Southern Region", "district": "Mulanje", "market": "Mulanje Boma", "commodity": "Maize", "price": 370.0, "pct_change": 68.18, "zscore": 3.01, "spike_severity": "Critical" }, "geometry": { "type": "Point", "coordinates": [ 35.5, -16.03 ] } },
{ "type": "Feature", "properties": { "date": "2025-04-15", "region": "Southern Region", "district": "Mulanje", "market": "Mulanje Boma", "commodity": "Maize", "price": 1233.33, "pct_change": 233.33, "zscore": 3.113, "spike_severity": "Critical" }, "geometry": { "type": "Point", "coordinates": [ 35.5, -16.03 ] } },
{ "type": "Feature", "properties": { "date": "2025-09-15", "region": "Southern Region", "district": "Mulanje", "market": "Mulanje Boma", "commodity": "Maize", "price": 1480.43, "pct_change": 48.04, "zscore": 2.105, "spike_severity": "Severe" }, "geometry": { "type": "Point", "coordinates": [ 35.5, -16.03 ] } },
{ "type": "Feature", "properties": { "date": "2023-01-15", "region": "Southern Region", "district": "Mulanje", "market": "Mulanje Boma", "commodity": "Maize (new harvest)", "price": 520.0, "pct_change": 215.15, "zscore": 2.243, "spike_severity": "Severe" }, "geometry": { "type": "Point", "coordinates": [ 35.5, -16.03 ] } },
{ "type": "Feature", "properties": { "date": "2023-04-15", "region": "Southern Region", "district": "Mulanje", "market": "Mulanje Boma", "commodity": "Maize (new harvest)", "price": 625.0, "pct_change": 20.19, "zscore": 1.888, "spike_severity": "Moderate" }, "geometry": { "type": "Point", "coordinates": [ 35.5, -16.03 ] } },
{ "type": "Feature", "properties": { "date": "2023-07-15", "region": "Southern Region", "district": "Mulanje", "market": "Mulanje Boma", "commodity": "Maize (new harvest)", "price": 685.0, "pct_change": 32.05, "zscore": 1.598, "spike_severity": "Moderate" }, "geometry": { "type": "Point", "coordinates": [ 35.5, -16.03 ] } },
{ "type": "Feature", "properties": { "date": "2023-11-15", "region": "Southern Region", "district": "Mulanje", "market": "Mulanje Boma", "commodity": "Maize (new harvest)", "price": 1412.5, "pct_change": 74.38, "zscore": 2.33, "spike_severity": "Severe" }, "geometry": { "type": "Point", "coordinates": [ 35.5, -16.03 ] } },
{ "type": "Feature", "properties": { "date": "2025-02-15", "region": "Southern Region", "district": "Mulanje", "market": "Mulanje Boma", "commodity": "Maize (new harvest)", "price": 1325.0, "pct_change": 39.47, "zscore": 1.665, "spike_severity": "Moderate" }, "geometry": { "type": "Point", "coordinates": [ 35.5, -16.03 ] } },
{ "type": "Feature", "properties": { "date": "2025-03-15", "region": "Southern Region", "district": "Mulanje", "market": "Mulanje Boma", "commodity": "Maize (new harvest)", "price": 1733.33, "pct_change": 30.82, "zscore": 2.509, "spike_severity": "Moderate" }, "geometry": { "type": "Point", "coordinates": [ 35.5, -16.03 ] } },
{ "type": "Feature", "properties": { "date": "2025-04-15", "region": "Southern Region", "district": "Mulanje", "market": "Mulanje Boma", "commodity": "Millet", "price": 2500.0, "pct_change": 488.24, "zscore": 2.032, "spike_severity": "Severe" }, "geometry": { "type": "Point", "coordinates": [ 35.5, -16.03 ] } },
{ "type": "Feature", "properties": { "date": "2025-04-15", "region": "Southern Region", "district": "Mulanje", "market": "Mulanje Boma", "commodity": "Oil (vegetable)", "price": 8766.67, "pct_change": 470.19, "zscore": 2.264, "spike_severity": "Severe" }, "geometry": { "type": "Point", "coordinates": [ 35.5, -16.03 ] } },
{ "type": "Feature", "properties": { "date": "2023-01-15", "region": "Southern Region", "district": "Mulanje", "market": "Mulanje Boma", "commodity": "Pigeon peas", "price": 850.0, "pct_change": 41.67, "zscore": 1.814, "spike_severity": "Moderate" }, "geometry": { "type": "Point", "coordinates": [ 35.5, -16.03 ] } },
{ "type": "Feature", "properties": { "date": "2023-08-15", "region": "Southern Region", "district": "Mulanje", "market": "Mulanje Boma", "commodity": "Pigeon peas", "price": 1000.0, "pct_change": 26.76, "zscore": 1.689, "spike_severity": "Moderate" }, "geometry": { "type": "Point", "coordinates": [ 35.5, -16.03 ] } },
{ "type": "Feature", "properties": { "date": "2023-09-15", "region": "Southern Region", "district": "Mulanje", "market": "Mulanje Boma", "commodity": "Pigeon peas", "price": 1550.0, "pct_change": 55.0, "zscore": 2.6, "spike_severity": "Severe" }, "geometry": { "type": "Point", "coordinates": [ 35.5, -16.03 ] } },
{ "type": "Feature", "properties": { "date": "2023-11-15", "region": "Southern Region", "district": "Mulanje", "market": "Mulanje Boma", "commodity": "Pigeon peas", "price": 1550.0, "pct_change": 44.19, "zscore": 1.895, "spike_severity": "Moderate" }, "geometry": { "type": "Point", "coordinates": [ 35.5, -16.03 ] } },
{ "type": "Feature", "properties": { "date": "2025-02-15", "region": "Southern Region", "district": "Mulanje", "market": "Mulanje Boma", "commodity": "Pigeon peas", "price": 2447.37, "pct_change": 48.33, "zscore": 2.048, "spike_severity": "Severe" }, "geometry": { "type": "Point", "coordinates": [ 35.5, -16.03 ] } },
{ "type": "Feature", "properties": { "date": "2025-03-15", "region": "Southern Region", "district": "Mulanje", "market": "Mulanje Boma", "commodity": "Pigeon peas", "price": 3000.0, "pct_change": 22.58, "zscore": 2.308, "spike_severity": "Moderate" }, "geometry": { "type": "Point", "coordinates": [ 35.5, -16.03 ] } },
{ "type": "Feature", "properties": { "date": "2025-04-15", "region": "Southern Region", "district": "Mulanje", "market": "Mulanje Boma", "commodity": "Rice", "price": 5000.0, "pct_change": 733.33, "zscore": 2.267, "spike_severity": "Severe" }, "geometry": { "type": "Point", "coordinates": [ 35.5, -16.03 ] } },
{ "type": "Feature", "properties": { "date": "2025-04-15", "region": "Southern Region", "district": "Mulanje", "market": "Mulanje Boma", "commodity": "Sorghum", "price": 2800.0, "pct_change": 600.0, "zscore": 1.5, "spike_severity": "Moderate" }, "geometry": { "type": "Point", "coordinates": [ 35.5, -16.03 ] } },
{ "type": "Feature", "properties": { "date": "2025-04-15", "region": "Southern Region", "district": "Mulanje", "market": "Mulanje Boma", "commodity": "Sugar", "price": 3500.0, "pct_change": 311.76, "zscore": 2.267, "spike_severity": "Severe" }, "geometry": { "type": "Point", "coordinates": [ 35.5, -16.03 ] } },
{ "type": "Feature", "properties": { "date": "2025-05-15", "region": "Southern Region", "district": "Mulanje", "market": "Mulanje Boma", "commodity": "Sugar", "price": 4366.67, "pct_change": 24.76, "zscore": 1.903, "spike_severity": "Moderate" }, "geometry": { "type": "Point", "coordinates": [ 35.5, -16.03 ] } },
{ "type": "Feature", "properties": { "date": "2025-06-15", "region": "Southern Region", "district": "Mulanje", "market": "Mulanje Boma", "commodity": "Sugar", "price": 5241.38, "pct_change": 20.03, "zscore": 1.782, "spike_severity": "Moderate" }, "geometry": { "type": "Point", "coordinates": [ 35.5, -16.03 ] } },
{ "type": "Feature", "properties": { "date": "2025-04-15", "region": "Southern Region", "district": "Mulanje", "market": "Mulanje Boma", "commodity": "Sweet potatoes", "price": 833.33, "pct_change": 316.67, "zscore": 2.256, "spike_severity": "Severe" }, "geometry": { "type": "Point", "coordinates": [ 35.5, -16.03 ] } },
{ "type": "Feature", "properties": { "date": "2025-08-15", "region": "Southern Region", "district": "Mulanje", "market": "Mulanje Boma", "commodity": "Sweet potatoes", "price": 833.33, "pct_change": 50.0, "zscore": 1.642, "spike_severity": "Moderate" }, "geometry": { "type": "Point", "coordinates": [ 35.5, -16.03 ] } },
{ "type": "Feature", "properties": { "date": "2025-09-15", "region": "Southern Region", "district": "Mulanje", "market": "Mulanje Boma", "commodity": "Sweet potatoes", "price": 1111.0, "pct_change": 33.32, "zscore": 2.048, "spike_severity": "Moderate" }, "geometry": { "type": "Point", "coordinates": [ 35.5, -16.03 ] } },
{ "type": "Feature", "properties": { "date": "2025-11-15", "region": "Southern Region", "district": "Mulanje", "market": "Mulanje Boma", "commodity": "Sweet potatoes", "price": 1111.0, "pct_change": 41.12, "zscore": 1.519, "spike_severity": "Moderate" }, "geometry": { "type": "Point", "coordinates": [ 35.5, -16.03 ] } },
{ "type": "Feature", "properties": { "date": "2026-01-15", "region": "Southern Region", "district": "Mulanje", "market": "Mulanje Boma", "commodity": "Tomatoes", "price": 2400.0, "pct_change": 33.33, "zscore": 1.554, "spike_severity": "Moderate" }, "geometry": { "type": "Point", "coordinates": [ 35.5, -16.03 ] } },
{ "type": "Feature", "properties": { "date": "2026-02-15", "region": "Southern Region", "district": "Mulanje", "market": "Mulanje Boma", "commodity": "Tomatoes", "price": 3000.0, "pct_change": 25.0, "zscore": 1.664, "spike_severity": "Moderate" }, "geometry": { "type": "Point", "coordinates": [ 35.5, -16.03 ] } },
{ "type": "Feature", "properties": { "date": "2021-08-15", "region": "Southern Region", "district": "Mulanje", "market": "Muloza", "commodity": "Beans", "price": 1200.0, "pct_change": 22.03, "zscore": 1.766, "spike_severity": "Moderate" }, "geometry": { "type": "Point", "coordinates": [ 35.73, -16.08 ] } },
{ "type": "Feature", "properties": { "date": "2023-01-15", "region": "Southern Region", "district": "Mulanje", "market": "Muloza", "commodity": "Beans", "price": 1600.0, "pct_change": 52.38, "zscore": 2.543, "spike_severity": "Severe" }, "geometry": { "type": "Point", "coordinates": [ 35.73, -16.08 ] } },
{ "type": "Feature", "properties": { "date": "2024-02-15", "region": "Southern Region", "district": "Mulanje", "market": "Muloza", "commodity": "Beans", "price": 3281.82, "pct_change": 23.61, "zscore": 2.446, "spike_severity": "Moderate" }, "geometry": { "type": "Point", "coordinates": [ 35.73, -16.08 ] } },
{ "type": "Feature", "properties": { "date": "2025-03-15", "region": "Southern Region", "district": "Mulanje", "market": "Muloza", "commodity": "Beans", "price": 6366.67, "pct_change": 54.1, "zscore": 2.512, "spike_severity": "Severe" }, "geometry": { "type": "Point", "coordinates": [ 35.73, -16.08 ] } },
{ "type": "Feature", "properties": { "date": "2025-09-15", "region": "Southern Region", "district": "Mulanje", "market": "Muloza", "commodity": "Beans", "price": 6407.61, "pct_change": 42.39, "zscore": 1.936, "spike_severity": "Moderate" }, "geometry": { "type": "Point", "coordinates": [ 35.73, -16.08 ] } },
{ "type": "Feature", "properties": { "date": "2025-09-15", "region": "Southern Region", "district": "Mulanje", "market": "Muloza", "commodity": "Cassava", "price": 2800.0, "pct_change": 2700.0, "zscore": 2.267, "spike_severity": "Severe" }, "geometry": { "type": "Point", "coordinates": [ 35.73, -16.08 ] } },
{ "type": "Feature", "properties": { "date": "2022-03-15", "region": "Southern Region", "district": "Mulanje", "market": "Muloza", "commodity": "Cowpeas", "price": 725.0, "pct_change": 31.82, "zscore": 1.784, "spike_severity": "Moderate" }, "geometry": { "type": "Point", "coordinates": [ 35.73, -16.08 ] } },
{ "type": "Feature", "properties": { "date": "2023-04-15", "region": "Southern Region", "district": "Mulanje", "market": "Muloza", "commodity": "Cowpeas", "price": 1175.0, "pct_change": 67.86, "zscore": 2.936, "spike_severity": "Critical" }, "geometry": { "type": "Point", "coordinates": [ 35.73, -16.08 ] } },
{ "type": "Feature", "properties": { "date": "2023-11-15", "region": "Southern Region", "district": "Mulanje", "market": "Muloza", "commodity": "Cowpeas", "price": 1525.0, "pct_change": 41.86, "zscore": 2.069, "spike_severity": "Severe" }, "geometry": { "type": "Point", "coordinates": [ 35.73, -16.08 ] } },
{ "type": "Feature", "properties": { "date": "2024-09-15", "region": "Southern Region", "district": "Mulanje", "market": "Muloza", "commodity": "Cowpeas", "price": 2087.5, "pct_change": 160.94, "zscore": 1.541, "spike_severity": "Moderate" }, "geometry": { "type": "Point", "coordinates": [ 35.73, -16.08 ] } },
{ "type": "Feature", "properties": { "date": "2024-10-15", "region": "Southern Region", "district": "Mulanje", "market": "Muloza", "commodity": "Cowpeas", "price": 2700.0, "pct_change": 29.34, "zscore": 2.008, "spike_severity": "Moderate" }, "geometry": { "type": "Point", "coordinates": [ 35.73, -16.08 ] } },
{ "type": "Feature", "properties": { "date": "2025-02-15", "region": "Southern Region", "district": "Mulanje", "market": "Muloza", "commodity": "Cowpeas", "price": 2708.33, "pct_change": 35.42, "zscore": 1.519, "spike_severity": "Moderate" }, "geometry": { "type": "Point", "coordinates": [ 35.73, -16.08 ] } },
{ "type": "Feature", "properties": { "date": "2025-03-15", "region": "Southern Region", "district": "Mulanje", "market": "Muloza", "commodity": "Cowpeas", "price": 3388.89, "pct_change": 25.13, "zscore": 1.913, "spike_severity": "Moderate" }, "geometry": { "type": "Point", "coordinates": [ 35.73, -16.08 ] } },
{ "type": "Feature", "properties": { "date": "2025-09-15", "region": "Southern Region", "district": "Mulanje", "market": "Muloza", "commodity": "Groundnuts (shelled)", "price": 7000.0, "pct_change": 27.27, "zscore": 1.826, "spike_severity": "Moderate" }, "geometry": { "type": "Point", "coordinates": [ 35.73, -16.08 ] } },
{ "type": "Feature", "properties": { "date": "2026-01-15", "region": "Southern Region", "district": "Mulanje", "market": "Muloza", "commodity": "Local vegetables", "price": 800.0, "pct_change": 88.24, "zscore": 1.651, "spike_severity": "Moderate" }, "geometry": { "type": "Point", "coordinates": [ 35.73, -16.08 ] } },
{ "type": "Feature", "properties": { "date": "2022-09-15", "region": "Southern Region", "district": "Mulanje", "market": "Muloza", "commodity": "Maize", "price": 361.5, "pct_change": 64.32, "zscore": 2.849, "spike_severity": "Critical" }, "geometry": { "type": "Point", "coordinates": [ 35.73, -16.08 ] } },
{ "type": "Feature", "properties": { "date": "2025-04-15", "region": "Southern Region", "district": "Mulanje", "market": "Muloza", "commodity": "Maize", "price": 893.75, "pct_change": 147.23, "zscore": 3.054, "spike_severity": "Critical" }, "geometry": { "type": "Point", "coordinates": [ 35.73, -16.08 ] } },
{ "type": "Feature", "properties": { "date": "2025-09-15", "region": "Southern Region", "district": "Mulanje", "market": "Muloza", "commodity": "Maize", "price": 1348.04, "pct_change": 47.55, "zscore": 2.315, "spike_severity": "Severe" }, "geometry": { "type": "Point", "coordinates": [ 35.73, -16.08 ] } },
{ "type": "Feature", "properties": { "date": "2023-01-15", "region": "Southern Region", "district": "Mulanje", "market": "Muloza", "commodity": "Maize (new harvest)", "price": 500.0, "pct_change": 170.27, "zscore": 2.257, "spike_severity": "Severe" }, "geometry": { "type": "Point", "coordinates": [ 35.73, -16.08 ] } },
{ "type": "Feature", "properties": { "date": "2023-04-15", "region": "Southern Region", "district": "Mulanje", "market": "Muloza", "commodity": "Maize (new harvest)", "price": 675.0, "pct_change": 35.0, "zscore": 2.043, "spike_severity": "Moderate" }, "geometry": { "type": "Point", "coordinates": [ 35.73, -16.08 ] } },
{ "type": "Feature", "properties": { "date": "2023-07-15", "region": "Southern Region", "district": "Mulanje", "market": "Muloza", "commodity": "Maize (new harvest)", "price": 686.11, "pct_change": 35.53, "zscore": 1.596, "spike_severity": "Moderate" }, "geometry": { "type": "Point", "coordinates": [ 35.73, -16.08 ] } },
{ "type": "Feature", "properties": { "date": "2025-02-15", "region": "Southern Region", "district": "Mulanje", "market": "Muloza", "commodity": "Maize (new harvest)", "price": 1397.37, "pct_change": 33.08, "zscore": 2.229, "spike_severity": "Moderate" }, "geometry": { "type": "Point", "coordinates": [ 35.73, -16.08 ] } },
{ "type": "Feature", "properties": { "date": "2025-04-15", "region": "Southern Region", "district": "Mulanje", "market": "Muloza", "commodity": "Oil (vegetable)", "price": 8000.0, "pct_change": 700.0, "zscore": 2.267, "spike_severity": "Severe" }, "geometry": { "type": "Point", "coordinates": [ 35.73, -16.08 ] } },
{ "type": "Feature", "properties": { "date": "2023-04-15", "region": "Southern Region", "district": "Mulanje", "market": "Muloza", "commodity": "Pigeon peas", "price": 1100.0, "pct_change": 57.14, "zscore": 2.233, "spike_severity": "Severe" }, "geometry": { "type": "Point", "coordinates": [ 35.73, -16.08 ] } },
{ "type": "Feature", "properties": { "date": "2023-09-15", "region": "Southern Region", "district": "Mulanje", "market": "Muloza", "commodity": "Pigeon peas", "price": 1600.0, "pct_change": 88.24, "zscore": 2.59, "spike_severity": "Critical" }, "geometry": { "type": "Point", "coordinates": [ 35.73, -16.08 ] } },
{ "type": "Feature", "properties": { "date": "2024-02-15", "region": "Southern Region", "district": "Mulanje", "market": "Muloza", "commodity": "Pigeon peas", "price": 2318.18, "pct_change": 24.63, "zscore": 2.015, "spike_severity": "Moderate" }, "geometry": { "type": "Point", "coordinates": [ 35.73, -16.08 ] } },
{ "type": "Feature", "properties": { "date": "2025-02-15", "region": "Southern Region", "district": "Mulanje", "market": "Muloza", "commodity": "Pigeon peas", "price": 2447.37, "pct_change": 74.81, "zscore": 1.756, "spike_severity": "Moderate" }, "geometry": { "type": "Point", "coordinates": [ 35.73, -16.08 ] } },
{ "type": "Feature", "properties": { "date": "2025-04-15", "region": "Southern Region", "district": "Mulanje", "market": "Muloza", "commodity": "Rice", "price": 4500.0, "pct_change": 520.69, "zscore": 2.267, "spike_severity": "Severe" }, "geometry": { "type": "Point", "coordinates": [ 35.73, -16.08 ] } },
{ "type": "Feature", "properties": { "date": "2025-10-15", "region": "Southern Region", "district": "Mulanje", "market": "Muloza", "commodity": "Sorghum", "price": 1300.0, "pct_change": 160.0, "zscore": 2.129, "spike_severity": "Severe" }, "geometry": { "type": "Point", "coordinates": [ 35.73, -16.08 ] } },
{ "type": "Feature", "properties": { "date": "2025-12-15", "region": "Southern Region", "district": "Mulanje", "market": "Muloza", "commodity": "Soybeans", "price": 3625.0, "pct_change": 34.26, "zscore": 1.719, "spike_severity": "Moderate" }, "geometry": { "type": "Point", "coordinates": [ 35.73, -16.08 ] } },
{ "type": "Feature", "properties": { "date": "2025-04-15", "region": "Southern Region", "district": "Mulanje", "market": "Muloza", "commodity": "Sugar", "price": 3220.83, "pct_change": 257.87, "zscore": 2.266, "spike_severity": "Severe" }, "geometry": { "type": "Point", "coordinates": [ 35.73, -16.08 ] } },
{ "type": "Feature", "properties": { "date": "2025-05-15", "region": "Southern Region", "district": "Mulanje", "market": "Muloza", "commodity": "Sugar", "price": 3950.0, "pct_change": 22.64, "zscore": 1.888, "spike_severity": "Moderate" }, "geometry": { "type": "Point", "coordinates": [ 35.73, -16.08 ] } },
{ "type": "Feature", "properties": { "date": "2025-06-15", "region": "Southern Region", "district": "Mulanje", "market": "Muloza", "commodity": "Sugar", "price": 5079.31, "pct_change": 28.59, "zscore": 1.877, "spike_severity": "Moderate" }, "geometry": { "type": "Point", "coordinates": [ 35.73, -16.08 ] } },
{ "type": "Feature", "properties": { "date": "2025-04-15", "region": "Southern Region", "district": "Mulanje", "market": "Muloza", "commodity": "Sweet potatoes", "price": 916.67, "pct_change": 129.17, "zscore": 2.169, "spike_severity": "Severe" }, "geometry": { "type": "Point", "coordinates": [ 35.73, -16.08 ] } },
{ "type": "Feature", "properties": { "date": "2025-08-15", "region": "Southern Region", "district": "Mulanje", "market": "Muloza", "commodity": "Sweet potatoes", "price": 1111.11, "pct_change": 100.0, "zscore": 1.889, "spike_severity": "Moderate" }, "geometry": { "type": "Point", "coordinates": [ 35.73, -16.08 ] } },
{ "type": "Feature", "properties": { "date": "2025-10-15", "region": "Southern Region", "district": "Mulanje", "market": "Muloza", "commodity": "Sweet potatoes", "price": 1111.0, "pct_change": 33.37, "zscore": 1.502, "spike_severity": "Moderate" }, "geometry": { "type": "Point", "coordinates": [ 35.73, -16.08 ] } },
{ "type": "Feature", "properties": { "date": "2023-01-15", "region": "Southern Region", "district": "Mwanza", "market": "Mwanza Boma", "commodity": "Beans", "price": 1900.0, "pct_change": 111.11, "zscore": 2.248, "spike_severity": "Severe" }, "geometry": { "type": "Point", "coordinates": [ 34.52, -15.6 ] } },
{ "type": "Feature", "properties": { "date": "2024-01-15", "region": "Southern Region", "district": "Mwanza", "market": "Mwanza Boma", "commodity": "Beans", "price": 2775.0, "pct_change": 23.33, "zscore": 1.993, "spike_severity": "Moderate" }, "geometry": { "type": "Point", "coordinates": [ 34.52, -15.6 ] } },
{ "type": "Feature", "properties": { "date": "2024-02-15", "region": "Southern Region", "district": "Mwanza", "market": "Mwanza Boma", "commodity": "Beans", "price": 3500.0, "pct_change": 26.13, "zscore": 2.575, "spike_severity": "Moderate" }, "geometry": { "type": "Point", "coordinates": [ 34.52, -15.6 ] } },
{ "type": "Feature", "properties": { "date": "2025-08-15", "region": "Southern Region", "district": "Mwanza", "market": "Mwanza Boma", "commodity": "Cassava", "price": 2800.0, "pct_change": 1766.67, "zscore": 2.267, "spike_severity": "Severe" }, "geometry": { "type": "Point", "coordinates": [ 34.52, -15.6 ] } },
{ "type": "Feature", "properties": { "date": "2023-01-15", "region": "Southern Region", "district": "Mwanza", "market": "Mwanza Boma", "commodity": "Cowpeas", "price": 1400.0, "pct_change": 211.11, "zscore": 2.015, "spike_severity": "Severe" }, "geometry": { "type": "Point", "coordinates": [ 34.52, -15.6 ] } },
{ "type": "Feature", "properties": { "date": "2024-02-15", "region": "Southern Region", "district": "Mwanza", "market": "Mwanza Boma", "commodity": "Cowpeas", "price": 2225.0, "pct_change": 30.88, "zscore": 1.846, "spike_severity": "Moderate" }, "geometry": { "type": "Point", "coordinates": [ 34.52, -15.6 ] } },
{ "type": "Feature", "properties": { "date": "2024-09-15", "region": "Southern Region", "district": "Mwanza", "market": "Mwanza Boma", "commodity": "Cowpeas", "price": 2412.5, "pct_change": 20.63, "zscore": 1.812, "spike_severity": "Moderate" }, "geometry": { "type": "Point", "coordinates": [ 34.52, -15.6 ] } },
{ "type": "Feature", "properties": { "date": "2025-02-15", "region": "Southern Region", "district": "Mwanza", "market": "Mwanza Boma", "commodity": "Cowpeas", "price": 3815.79, "pct_change": 52.63, "zscore": 2.51, "spike_severity": "Severe" }, "geometry": { "type": "Point", "coordinates": [ 34.52, -15.6 ] } },
{ "type": "Feature", "properties": { "date": "2025-05-15", "region": "Southern Region", "district": "Mwanza", "market": "Mwanza Boma", "commodity": "Cowpeas", "price": 5490.0, "pct_change": 28.55, "zscore": 2.148, "spike_severity": "Moderate" }, "geometry": { "type": "Point", "coordinates": [ 34.52, -15.6 ] } },
{ "type": "Feature", "properties": { "date": "2026-01-15", "region": "Southern Region", "district": "Mwanza", "market": "Mwanza Boma", "commodity": "Exotic vegetables", "price": 1170.0, "pct_change": 56.0, "zscore": 1.537, "spike_severity": "Moderate" }, "geometry": { "type": "Point", "coordinates": [ 34.52, -15.6 ] } },
{ "type": "Feature", "properties": { "date": "2022-09-15", "region": "Southern Region", "district": "Mwanza", "market": "Mwanza Boma", "commodity": "Maize", "price": 365.0, "pct_change": 82.5, "zscore": 3.057, "spike_severity": "Critical" }, "geometry": { "type": "Point", "coordinates": [ 34.52, -15.6 ] } },
{ "type": "Feature", "properties": { "date": "2025-04-15", "region": "Southern Region", "district": "Mwanza", "market": "Mwanza Boma", "commodity": "Maize", "price": 1139.58, "pct_change": 212.21, "zscore": 3.102, "spike_severity": "Critical" }, "geometry": { "type": "Point", "coordinates": [ 34.52, -15.6 ] } },
{ "type": "Feature", "properties": { "date": "2025-09-15", "region": "Southern Region", "district": "Mwanza", "market": "Mwanza Boma", "commodity": "Maize", "price": 1424.64, "pct_change": 55.16, "zscore": 2.172, "spike_severity": "Severe" }, "geometry": { "type": "Point", "coordinates": [ 34.52, -15.6 ] } },
{ "type": "Feature", "properties": { "date": "2023-01-15", "region": "Southern Region", "district": "Mwanza", "market": "Mwanza Boma", "commodity": "Maize (new harvest)", "price": 520.0, "pct_change": 220.0, "zscore": 2.256, "spike_severity": "Severe" }, "geometry": { "type": "Point", "coordinates": [ 34.52, -15.6 ] } },
{ "type": "Feature", "properties": { "date": "2023-04-15", "region": "Southern Region", "district": "Mwanza", "market": "Mwanza Boma", "commodity": "Maize (new harvest)", "price": 672.5, "pct_change": 29.33, "zscore": 1.975, "spike_severity": "Moderate" }, "geometry": { "type": "Point", "coordinates": [ 34.52, -15.6 ] } },
{ "type": "Feature", "properties": { "date": "2025-02-15", "region": "Southern Region", "district": "Mwanza", "market": "Mwanza Boma", "commodity": "Maize (new harvest)", "price": 1468.42, "pct_change": 63.16, "zscore": 2.524, "spike_severity": "Critical" }, "geometry": { "type": "Point", "coordinates": [ 34.52, -15.6 ] } },
{ "type": "Feature", "properties": { "date": "2025-03-15", "region": "Southern Region", "district": "Mwanza", "market": "Mwanza Boma", "commodity": "Maize (new harvest)", "price": 1877.78, "pct_change": 27.88, "zscore": 2.468, "spike_severity": "Moderate" }, "geometry": { "type": "Point", "coordinates": [ 34.52, -15.6 ] } },
{ "type": "Feature", "properties": { "date": "2025-11-15", "region": "Southern Region", "district": "Mwanza", "market": "Mwanza Boma", "commodity": "Millet", "price": 5166.67, "pct_change": 35.08, "zscore": 1.601, "spike_severity": "Moderate" }, "geometry": { "type": "Point", "coordinates": [ 34.52, -15.6 ] } },
{ "type": "Feature", "properties": { "date": "2025-04-15", "region": "Southern Region", "district": "Mwanza", "market": "Mwanza Boma", "commodity": "Oil (vegetable)", "price": 8208.33, "pct_change": 584.03, "zscore": 2.266, "spike_severity": "Severe" }, "geometry": { "type": "Point", "coordinates": [ 34.52, -15.6 ] } },
{ "type": "Feature", "properties": { "date": "2023-12-15", "region": "Southern Region", "district": "Mwanza", "market": "Mwanza Boma", "commodity": "Pigeon peas", "price": 1450.0, "pct_change": 31.82, "zscore": 2.045, "spike_severity": "Moderate" }, "geometry": { "type": "Point", "coordinates": [ 34.52, -15.6 ] } },
{ "type": "Feature", "properties": { "date": "2024-01-15", "region": "Southern Region", "district": "Mwanza", "market": "Mwanza Boma", "commodity": "Pigeon peas", "price": 2400.0, "pct_change": 65.52, "zscore": 2.646, "spike_severity": "Critical" }, "geometry": { "type": "Point", "coordinates": [ 34.52, -15.6 ] } },
{ "type": "Feature", "properties": { "date": "2024-02-15", "region": "Southern Region", "district": "Mwanza", "market": "Mwanza Boma", "commodity": "Pigeon peas", "price": 2950.0, "pct_change": 22.92, "zscore": 2.378, "spike_severity": "Moderate" }, "geometry": { "type": "Point", "coordinates": [ 34.52, -15.6 ] } },
{ "type": "Feature", "properties": { "date": "2024-11-15", "region": "Southern Region", "district": "Mwanza", "market": "Mwanza Boma", "commodity": "Pigeon peas", "price": 3000.0, "pct_change": 50.0, "zscore": 1.654, "spike_severity": "Moderate" }, "geometry": { "type": "Point", "coordinates": [ 34.52, -15.6 ] } },
{ "type": "Feature", "properties": { "date": "2025-04-15", "region": "Southern Region", "district": "Mwanza", "market": "Mwanza Boma", "commodity": "Rice", "price": 4650.0, "pct_change": 615.38, "zscore": 2.266, "spike_severity": "Severe" }, "geometry": { "type": "Point", "coordinates": [ 34.52, -15.6 ] } },
{ "type": "Feature", "properties": { "date": "2025-10-15", "region": "Southern Region", "district": "Mwanza", "market": "Mwanza Boma", "commodity": "Soybeans", "price": 4416.67, "pct_change": 47.22, "zscore": 2.041, "spike_severity": "Severe" }, "geometry": { "type": "Point", "coordinates": [ 34.52, -15.6 ] } },
{ "type": "Feature", "properties": { "date": "2025-04-15", "region": "Southern Region", "district": "Mwanza", "market": "Mwanza Boma", "commodity": "Sugar", "price": 3683.33, "pct_change": 360.42, "zscore": 2.267, "spike_severity": "Severe" }, "geometry": { "type": "Point", "coordinates": [ 34.52, -15.6 ] } },
{ "type": "Feature", "properties": { "date": "2025-06-15", "region": "Southern Region", "district": "Mwanza", "market": "Mwanza Boma", "commodity": "Sugar", "price": 5333.33, "pct_change": 25.78, "zscore": 1.793, "spike_severity": "Moderate" }, "geometry": { "type": "Point", "coordinates": [ 34.52, -15.6 ] } },
{ "type": "Feature", "properties": { "date": "2025-04-15", "region": "Southern Region", "district": "Mwanza", "market": "Mwanza Boma", "commodity": "Sweet potatoes", "price": 916.67, "pct_change": 205.56, "zscore": 2.259, "spike_severity": "Severe" }, "geometry": { "type": "Point", "coordinates": [ 34.52, -15.6 ] } },
{ "type": "Feature", "properties": { "date": "2025-12-15", "region": "Southern Region", "district": "Mwanza", "market": "Mwanza Boma", "commodity": "Sweet potatoes", "price": 1111.0, "pct_change": 27.97, "zscore": 1.868, "spike_severity": "Moderate" }, "geometry": { "type": "Point", "coordinates": [ 34.52, -15.6 ] } },
{ "type": "Feature", "properties": { "date": "2023-01-15", "region": "Northern Region", "district": "Mzimba", "market": "Euthini", "commodity": "Beans", "price": 1600.0, "pct_change": 146.15, "zscore": 1.71, "spike_severity": "Moderate" }, "geometry": { "type": "Point", "coordinates": [ 33.42, -11.45 ] } },
{ "type": "Feature", "properties": { "date": "2024-01-15", "region": "Northern Region", "district": "Mzimba", "market": "Euthini", "commodity": "Beans", "price": 2411.76, "pct_change": 20.59, "zscore": 2.325, "spike_severity": "Moderate" }, "geometry": { "type": "Point", "coordinates": [ 33.42, -11.45 ] } },
{ "type": "Feature", "properties": { "date": "2024-06-15", "region": "Northern Region", "district": "Mzimba", "market": "Euthini", "commodity": "Beans", "price": 3000.0, "pct_change": 41.18, "zscore": 2.145, "spike_severity": "Severe" }, "geometry": { "type": "Point", "coordinates": [ 33.42, -11.45 ] } },
{ "type": "Feature", "properties": { "date": "2025-01-15", "region": "Northern Region", "district": "Mzimba", "market": "Euthini", "commodity": "Beans", "price": 4500.0, "pct_change": 50.0, "zscore": 2.334, "spike_severity": "Severe" }, "geometry": { "type": "Point", "coordinates": [ 33.42, -11.45 ] } },
{ "type": "Feature", "properties": { "date": "2025-03-15", "region": "Northern Region", "district": "Mzimba", "market": "Euthini", "commodity": "Cassava", "price": 2200.0, "pct_change": 1000.0, "zscore": 1.789, "spike_severity": "Moderate" }, "geometry": { "type": "Point", "coordinates": [ 33.42, -11.45 ] } },
{ "type": "Feature", "properties": { "date": "2025-02-15", "region": "Northern Region", "district": "Mzimba", "market": "Euthini", "commodity": "Cowpeas", "price": 3131.58, "pct_change": 108.77, "zscore": 2.36, "spike_severity": "Severe" }, "geometry": { "type": "Point", "coordinates": [ 33.42, -11.45 ] } },
{ "type": "Feature", "properties": { "date": "2025-10-15", "region": "Northern Region", "district": "Mzimba", "market": "Euthini", "commodity": "Groundnuts (shelled)", "price": 6750.0, "pct_change": 22.73, "zscore": 1.529, "spike_severity": "Moderate" }, "geometry": { "type": "Point", "coordinates": [ 33.42, -11.45 ] } },
{ "type": "Feature", "properties": { "date": "2022-09-15", "region": "Northern Region", "district": "Mzimba", "market": "Euthini", "commodity": "Maize", "price": 244.0, "pct_change": 62.67, "zscore": 1.624, "spike_severity": "Moderate" }, "geometry": { "type": "Point", "coordinates": [ 33.42, -11.45 ] } },
{ "type": "Feature", "properties": { "date": "2025-09-15", "region": "Northern Region", "district": "Mzimba", "market": "Euthini", "commodity": "Maize", "price": 1128.26, "pct_change": 362.4, "zscore": 3.132, "spike_severity": "Critical" }, "geometry": { "type": "Point", "coordinates": [ 33.42, -11.45 ] } },
{ "type": "Feature", "properties": { "date": "2023-01-15", "region": "Northern Region", "district": "Mzimba", "market": "Euthini", "commodity": "Maize (new harvest)", "price": 457.78, "pct_change": 226.99, "zscore": 2.263, "spike_severity": "Severe" }, "geometry": { "type": "Point", "coordinates": [ 33.42, -11.45 ] } },
{ "type": "Feature", "properties": { "date": "2025-01-15", "region": "Northern Region", "district": "Mzimba", "market": "Euthini", "commodity": "Maize (new harvest)", "price": 1200.0, "pct_change": 100.0, "zscore": 2.784, "spike_severity": "Critical" }, "geometry": { "type": "Point", "coordinates": [ 33.42, -11.45 ] } },
{ "type": "Feature", "properties": { "date": "2025-03-15", "region": "Northern Region", "district": "Mzimba", "market": "Euthini", "commodity": "Maize (new harvest)", "price": 1555.56, "pct_change": 22.38, "zscore": 2.171, "spike_severity": "Moderate" }, "geometry": { "type": "Point", "coordinates": [ 33.42, -11.45 ] } },
{ "type": "Feature", "properties": { "date": "2025-03-15", "region": "Northern Region", "district": "Mzimba", "market": "Euthini", "commodity": "Oil (vegetable)", "price": 9500.0, "pct_change": 900.0, "zscore": 2.268, "spike_severity": "Severe" }, "geometry": { "type": "Point", "coordinates": [ 33.42, -11.45 ] } },
{ "type": "Feature", "properties": { "date": "2025-03-15", "region": "Northern Region", "district": "Mzimba", "market": "Euthini", "commodity": "Rice", "price": 4500.0, "pct_change": 650.0, "zscore": 2.267, "spike_severity": "Severe" }, "geometry": { "type": "Point", "coordinates": [ 33.42, -11.45 ] } },
{ "type": "Feature", "properties": { "date": "2025-12-15", "region": "Northern Region", "district": "Mzimba", "market": "Euthini", "commodity": "Soybeans", "price": 3625.0, "pct_change": 20.83, "zscore": 1.641, "spike_severity": "Moderate" }, "geometry": { "type": "Point", "coordinates": [ 33.42, -11.45 ] } },
{ "type": "Feature", "properties": { "date": "2025-03-15", "region": "Northern Region", "district": "Mzimba", "market": "Euthini", "commodity": "Sugar", "price": 3900.0, "pct_change": 358.82, "zscore": 2.268, "spike_severity": "Severe" }, "geometry": { "type": "Point", "coordinates": [ 33.42, -11.45 ] } },
{ "type": "Feature", "properties": { "date": "2025-05-15", "region": "Northern Region", "district": "Mzimba", "market": "Euthini", "commodity": "Sugar", "price": 4609.68, "pct_change": 26.29, "zscore": 1.661, "spike_severity": "Moderate" }, "geometry": { "type": "Point", "coordinates": [ 33.42, -11.45 ] } },
{ "type": "Feature", "properties": { "date": "2025-03-15", "region": "Northern Region", "district": "Mzimba", "market": "Euthini", "commodity": "Sweet potatoes", "price": 972.22, "pct_change": 177.78, "zscore": 2.232, "spike_severity": "Severe" }, "geometry": { "type": "Point", "coordinates": [ 33.42, -11.45 ] } },
{ "type": "Feature", "properties": { "date": "2025-10-15", "region": "Northern Region", "district": "Mzimba", "market": "Euthini", "commodity": "Sweet potatoes", "price": 1481.67, "pct_change": 77.87, "zscore": 2.229, "spike_severity": "Severe" }, "geometry": { "type": "Point", "coordinates": [ 33.42, -11.45 ] } },
{ "type": "Feature", "properties": { "date": "2021-01-15", "region": "Northern Region", "district": "Mzimba", "market": "Jenda", "commodity": "Beans", "price": 870.0, "pct_change": 26.95, "zscore": 2.189, "spike_severity": "Moderate" }, "geometry": { "type": "Point", "coordinates": [ 33.55, -12.35 ] } },
{ "type": "Feature", "properties": { "date": "2022-02-15", "region": "Northern Region", "district": "Mzimba", "market": "Jenda", "commodity": "Beans", "price": 1000.0, "pct_change": 48.15, "zscore": 2.343, "spike_severity": "Severe" }, "geometry": { "type": "Point", "coordinates": [ 33.55, -12.35 ] } },
{ "type": "Feature", "properties": { "date": "2023-01-15", "region": "Northern Region", "district": "Mzimba", "market": "Jenda", "commodity": "Beans", "price": 1700.0, "pct_change": 100.0, "zscore": 2.964, "spike_severity": "Critical" }, "geometry": { "type": "Point", "coordinates": [ 33.55, -12.35 ] } },
{ "type": "Feature", "properties": { "date": "2024-01-15", "region": "Northern Region", "district": "Mzimba", "market": "Jenda", "commodity": "Beans", "price": 2155.88, "pct_change": 24.08, "zscore": 1.88, "spike_severity": "Moderate" }, "geometry": { "type": "Point", "coordinates": [ 33.55, -12.35 ] } },
{ "type": "Feature", "properties": { "date": "2024-09-15", "region": "Northern Region", "district": "Mzimba", "market": "Jenda", "commodity": "Beans", "price": 3018.75, "pct_change": 25.78, "zscore": 2.162, "spike_severity": "Moderate" }, "geometry": { "type": "Point", "coordinates": [ 33.55, -12.35 ] } },
{ "type": "Feature", "properties": { "date": "2025-01-15", "region": "Northern Region", "district": "Mzimba", "market": "Jenda", "commodity": "Beans", "price": 4900.0, "pct_change": 40.0, "zscore": 2.383, "spike_severity": "Moderate" }, "geometry": { "type": "Point", "coordinates": [ 33.55, -12.35 ] } },
{ "type": "Feature", "properties": { "date": "2025-09-15", "region": "Northern Region", "district": "Mzimba", "market": "Jenda", "commodity": "Cassava", "price": 2000.0, "pct_change": 900.0, "zscore": 2.263, "spike_severity": "Severe" }, "geometry": { "type": "Point", "coordinates": [ 33.55, -12.35 ] } },
{ "type": "Feature", "properties": { "date": "2023-01-15", "region": "Northern Region", "district": "Mzimba", "market": "Jenda", "commodity": "Cowpeas", "price": 1200.0, "pct_change": 166.67, "zscore": 2.866, "spike_severity": "Critical" }, "geometry": { "type": "Point", "coordinates": [ 33.55, -12.35 ] } },
{ "type": "Feature", "properties": { "date": "2024-01-15", "region": "Northern Region", "district": "Mzimba", "market": "Jenda", "commodity": "Cowpeas", "price": 1588.24, "pct_change": 50.69, "zscore": 1.638, "spike_severity": "Moderate" }, "geometry": { "type": "Point", "coordinates": [ 33.55, -12.35 ] } },
{ "type": "Feature", "properties": { "date": "2025-01-15", "region": "Northern Region", "district": "Mzimba", "market": "Jenda", "commodity": "Cowpeas", "price": 3000.0, "pct_change": 50.0, "zscore": 2.362, "spike_severity": "Severe" }, "geometry": { "type": "Point", "coordinates": [ 33.55, -12.35 ] } },
{ "type": "Feature", "properties": { "date": "2026-01-15", "region": "Northern Region", "district": "Mzimba", "market": "Jenda", "commodity": "Exotic vegetables", "price": 1750.0, "pct_change": 84.21, "zscore": 1.625, "spike_severity": "Moderate" }, "geometry": { "type": "Point", "coordinates": [ 33.55, -12.35 ] } },
{ "type": "Feature", "properties": { "date": "2026-01-15", "region": "Northern Region", "district": "Mzimba", "market": "Jenda", "commodity": "Local vegetables", "price": 1100.0, "pct_change": 83.33, "zscore": 1.624, "spike_severity": "Moderate" }, "geometry": { "type": "Point", "coordinates": [ 33.55, -12.35 ] } },
{ "type": "Feature", "properties": { "date": "2022-09-15", "region": "Northern Region", "district": "Mzimba", "market": "Jenda", "commodity": "Maize", "price": 270.0, "pct_change": 50.0, "zscore": 2.527, "spike_severity": "Severe" }, "geometry": { "type": "Point", "coordinates": [ 33.55, -12.35 ] } },
{ "type": "Feature", "properties": { "date": "2025-05-15", "region": "Northern Region", "district": "Mzimba", "market": "Jenda", "commodity": "Maize", "price": 550.0, "pct_change": 103.7, "zscore": 2.934, "spike_severity": "Critical" }, "geometry": { "type": "Point", "coordinates": [ 33.55, -12.35 ] } },
{ "type": "Feature", "properties": { "date": "2025-09-15", "region": "Northern Region", "district": "Mzimba", "market": "Jenda", "commodity": "Maize", "price": 1171.74, "pct_change": 113.04, "zscore": 2.908, "spike_severity": "Critical" }, "geometry": { "type": "Point", "coordinates": [ 33.55, -12.35 ] } },
{ "type": "Feature", "properties": { "date": "2023-01-15", "region": "Northern Region", "district": "Mzimba", "market": "Jenda", "commodity": "Maize (new harvest)", "price": 445.0, "pct_change": 196.67, "zscore": 2.255, "spike_severity": "Severe" }, "geometry": { "type": "Point", "coordinates": [ 33.55, -12.35 ] } },
{ "type": "Feature", "properties": { "date": "2023-07-15", "region": "Northern Region", "district": "Mzimba", "market": "Jenda", "commodity": "Maize (new harvest)", "price": 575.56, "pct_change": 28.89, "zscore": 1.563, "spike_severity": "Moderate" }, "geometry": { "type": "Point", "coordinates": [ 33.55, -12.35 ] } },
{ "type": "Feature", "properties": { "date": "2025-01-15", "region": "Northern Region", "district": "Mzimba", "market": "Jenda", "commodity": "Maize (new harvest)", "price": 1100.0, "pct_change": 69.23, "zscore": 2.74, "spike_severity": "Critical" }, "geometry": { "type": "Point", "coordinates": [ 33.55, -12.35 ] } },
{ "type": "Feature", "properties": { "date": "2025-07-15", "region": "Northern Region", "district": "Mzimba", "market": "Jenda", "commodity": "Millet", "price": 1500.0, "pct_change": 200.0, "zscore": 1.789, "spike_severity": "Moderate" }, "geometry": { "type": "Point", "coordinates": [ 33.55, -12.35 ] } },
{ "type": "Feature", "properties": { "date": "2025-10-15", "region": "Northern Region", "district": "Mzimba", "market": "Jenda", "commodity": "Millet", "price": 2000.0, "pct_change": 33.33, "zscore": 1.63, "spike_severity": "Moderate" }, "geometry": { "type": "Point", "coordinates": [ 33.55, -12.35 ] } },
{ "type": "Feature", "properties": { "date": "2025-04-15", "region": "Northern Region", "district": "Mzimba", "market": "Jenda", "commodity": "Oil (vegetable)", "price": 7800.0, "pct_change": 593.33, "zscore": 2.267, "spike_severity": "Severe" }, "geometry": { "type": "Point", "coordinates": [ 33.55, -12.35 ] } },
{ "type": "Feature", "properties": { "date": "2023-04-15", "region": "Northern Region", "district": "Mzimba", "market": "Jenda", "commodity": "Pigeon peas", "price": 900.0, "pct_change": 80.0, "zscore": 1.789, "spike_severity": "Moderate" }, "geometry": { "type": "Point", "coordinates": [ 33.55, -12.35 ] } },
{ "type": "Feature", "properties": { "date": "2023-12-15", "region": "Northern Region", "district": "Mzimba", "market": "Jenda", "commodity": "Pigeon peas", "price": 1400.0, "pct_change": 55.56, "zscore": 1.842, "spike_severity": "Moderate" }, "geometry": { "type": "Point", "coordinates": [ 33.55, -12.35 ] } },
{ "type": "Feature", "properties": { "date": "2025-04-15", "region": "Northern Region", "district": "Mzimba", "market": "Jenda", "commodity": "Rice", "price": 4500.0, "pct_change": 520.69, "zscore": 2.474, "spike_severity": "Severe" }, "geometry": { "type": "Point", "coordinates": [ 33.55, -12.35 ] } },
{ "type": "Feature", "properties": { "date": "2025-04-15", "region": "Northern Region", "district": "Mzimba", "market": "Jenda", "commodity": "Sugar", "price": 3500.0, "pct_change": 311.76, "zscore": 2.268, "spike_severity": "Severe" }, "geometry": { "type": "Point", "coordinates": [ 33.55, -12.35 ] } },
{ "type": "Feature", "properties": { "date": "2025-05-15", "region": "Northern Region", "district": "Mzimba", "market": "Jenda", "commodity": "Sugar", "price": 4350.0, "pct_change": 24.29, "zscore": 1.895, "spike_severity": "Moderate" }, "geometry": { "type": "Point", "coordinates": [ 33.55, -12.35 ] } },
{ "type": "Feature", "properties": { "date": "2025-06-15", "region": "Northern Region", "district": "Mzimba", "market": "Jenda", "commodity": "Sugar", "price": 5250.0, "pct_change": 20.69, "zscore": 1.782, "spike_severity": "Moderate" }, "geometry": { "type": "Point", "coordinates": [ 33.55, -12.35 ] } },
{ "type": "Feature", "properties": { "date": "2025-11-15", "region": "Northern Region", "district": "Mzimba", "market": "Jenda", "commodity": "Sugar", "price": 6083.33, "pct_change": 36.88, "zscore": 1.55, "spike_severity": "Moderate" }, "geometry": { "type": "Point", "coordinates": [ 33.55, -12.35 ] } },
{ "type": "Feature", "properties": { "date": "2025-04-15", "region": "Northern Region", "district": "Mzimba", "market": "Jenda", "commodity": "Sweet potatoes", "price": 555.56, "pct_change": 85.19, "zscore": 2.103, "spike_severity": "Severe" }, "geometry": { "type": "Point", "coordinates": [ 33.55, -12.35 ] } },
{ "type": "Feature", "properties": { "date": "2025-08-15", "region": "Northern Region", "district": "Mzimba", "market": "Jenda", "commodity": "Sweet potatoes", "price": 694.44, "pct_change": 25.0, "zscore": 1.628, "spike_severity": "Moderate" }, "geometry": { "type": "Point", "coordinates": [ 33.55, -12.35 ] } },
{ "type": "Feature", "properties": { "date": "2025-10-15", "region": "Northern Region", "district": "Mzimba", "market": "Jenda", "commodity": "Sweet potatoes", "price": 1111.0, "pct_change": 33.37, "zscore": 2.204, "spike_severity": "Moderate" }, "geometry": { "type": "Point", "coordinates": [ 33.55, -12.35 ] } },
{ "type": "Feature", "properties": { "date": "2025-12-15", "region": "Northern Region", "district": "Mzimba", "market": "Jenda", "commodity": "Sweet potatoes", "price": 1111.0, "pct_change": 99.82, "zscore": 1.759, "spike_severity": "Moderate" }, "geometry": { "type": "Point", "coordinates": [ 33.55, -12.35 ] } },
{ "type": "Feature", "properties": { "date": "2023-01-15", "region": "Northern Region", "district": "Mzimba", "market": "Manyamula", "commodity": "Beans", "price": 1677.78, "pct_change": 97.39, "zscore": 1.71, "spike_severity": "Moderate" }, "geometry": { "type": "Point", "coordinates": [ 33.45, -11.94 ] } },
{ "type": "Feature", "properties": { "date": "2024-01-15", "region": "Northern Region", "district": "Mzimba", "market": "Manyamula", "commodity": "Beans", "price": 2450.0, "pct_change": 22.5, "zscore": 2.426, "spike_severity": "Moderate" }, "geometry": { "type": "Point", "coordinates": [ 33.45, -11.94 ] } },
{ "type": "Feature", "properties": { "date": "2024-11-15", "region": "Northern Region", "district": "Mzimba", "market": "Manyamula", "commodity": "Beans", "price": 3500.0, "pct_change": 40.0, "zscore": 2.177, "spike_severity": "Moderate" }, "geometry": { "type": "Point", "coordinates": [ 33.45, -11.94 ] } },
{ "type": "Feature", "properties": { "date": "2025-09-15", "region": "Northern Region", "district": "Mzimba", "market": "Manyamula", "commodity": "Beans", "price": 5740.74, "pct_change": 27.57, "zscore": 1.565, "spike_severity": "Moderate" }, "geometry": { "type": "Point", "coordinates": [ 33.45, -11.94 ] } },
{ "type": "Feature", "properties": { "date": "2025-09-15", "region": "Northern Region", "district": "Mzimba", "market": "Manyamula", "commodity": "Cowpeas", "price": 3000.0, "pct_change": 71.43, "zscore": 2.153, "spike_severity": "Severe" }, "geometry": { "type": "Point", "coordinates": [ 33.45, -11.94 ] } },
{ "type": "Feature", "properties": { "date": "2025-09-15", "region": "Northern Region", "district": "Mzimba", "market": "Manyamula", "commodity": "Groundnuts (shelled)", "price": 7000.0, "pct_change": 40.0, "zscore": 1.709, "spike_severity": "Moderate" }, "geometry": { "type": "Point", "coordinates": [ 33.45, -11.94 ] } },
{ "type": "Feature", "properties": { "date": "2026-01-15", "region": "Northern Region", "district": "Mzimba", "market": "Manyamula", "commodity": "Groundnuts (shelled)", "price": 10000.0, "pct_change": 25.0, "zscore": 1.818, "spike_severity": "Moderate" }, "geometry": { "type": "Point", "coordinates": [ 33.45, -11.94 ] } },
{ "type": "Feature", "properties": { "date": "2022-09-15", "region": "Northern Region", "district": "Mzimba", "market": "Manyamula", "commodity": "Maize", "price": 300.0, "pct_change": 76.47, "zscore": 2.923, "spike_severity": "Critical" }, "geometry": { "type": "Point", "coordinates": [ 33.45, -11.94 ] } },
{ "type": "Feature", "properties": { "date": "2025-04-15", "region": "Northern Region", "district": "Mzimba", "market": "Manyamula", "commodity": "Maize", "price": 833.33, "pct_change": 177.78, "zscore": 3.058, "spike_severity": "Critical" }, "geometry": { "type": "Point", "coordinates": [ 33.45, -11.94 ] } },
{ "type": "Feature", "properties": { "date": "2025-09-15", "region": "Northern Region", "district": "Mzimba", "market": "Manyamula", "commodity": "Maize", "price": 1094.81, "pct_change": 82.47, "zscore": 2.292, "spike_severity": "Severe" }, "geometry": { "type": "Point", "coordinates": [ 33.45, -11.94 ] } },
{ "type": "Feature", "properties": { "date": "2023-12-15", "region": "Northern Region", "district": "Mzimba", "market": "Manyamula", "commodity": "Maize (new harvest)", "price": 780.0, "pct_change": 23.81, "zscore": 2.15, "spike_severity": "Moderate" }, "geometry": { "type": "Point", "coordinates": [ 33.45, -11.94 ] } },
{ "type": "Feature", "properties": { "date": "2025-01-15", "region": "Northern Region", "district": "Mzimba", "market": "Manyamula", "commodity": "Maize (new harvest)", "price": 1000.0, "pct_change": 66.67, "zscore": 2.095, "spike_severity": "Severe" }, "geometry": { "type": "Point", "coordinates": [ 33.45, -11.94 ] } },
{ "type": "Feature", "properties": { "date": "2025-03-15", "region": "Northern Region", "district": "Mzimba", "market": "Manyamula", "commodity": "Maize (new harvest)", "price": 1444.44, "pct_change": 22.79, "zscore": 2.239, "spike_severity": "Moderate" }, "geometry": { "type": "Point", "coordinates": [ 33.45, -11.94 ] } },
{ "type": "Feature", "properties": { "date": "2026-01-15", "region": "Northern Region", "district": "Mzimba", "market": "Manyamula", "commodity": "Soybeans", "price": 4500.0, "pct_change": 38.46, "zscore": 1.585, "spike_severity": "Moderate" }, "geometry": { "type": "Point", "coordinates": [ 33.45, -11.94 ] } },
{ "type": "Feature", "properties": { "date": "2025-10-15", "region": "Northern Region", "district": "Mzimba", "market": "Manyamula", "commodity": "Sweet potatoes", "price": 1111.0, "pct_change": 99.82, "zscore": 2.349, "spike_severity": "Severe" }, "geometry": { "type": "Point", "coordinates": [ 33.45, -11.94 ] } },
{ "type": "Feature", "properties": { "date": "2022-04-15", "region": "Northern Region", "district": "Mzimba", "market": "Mzimba", "commodity": "Maize", "price": 186.0, "pct_change": 23.18, "zscore": 2.538, "spike_severity": "Moderate" }, "geometry": { "type": "Point", "coordinates": [ 33.6, -11.9 ] } },
{ "type": "Feature", "properties": { "date": "2020-10-15", "region": "Northern Region", "district": "Mzimba", "market": "Mzuzu", "commodity": "Cassava", "price": 406.25, "pct_change": 22.11, "zscore": 1.847, "spike_severity": "Moderate" }, "geometry": { "type": "Point", "coordinates": [ 33.92, -11.45 ] } },
{ "type": "Feature", "properties": { "date": "2020-11-15", "region": "Northern Region", "district": "Mzimba", "market": "Mzuzu", "commodity": "Cassava", "price": 515.62, "pct_change": 26.92, "zscore": 2.475, "spike_severity": "Moderate" }, "geometry": { "type": "Point", "coordinates": [ 33.92, -11.45 ] } },
{ "type": "Feature", "properties": { "date": "2022-04-15", "region": "Northern Region", "district": "Mzimba", "market": "Mzuzu", "commodity": "Rice", "price": 987.5, "pct_change": 24.06, "zscore": 2.875, "spike_severity": "Moderate" }, "geometry": { "type": "Point", "coordinates": [ 33.92, -11.45 ] } },
{ "type": "Feature", "properties": { "date": "2023-12-15", "region": "Northern Region", "district": "Mzuzu City", "market": "Vigwagwa", "commodity": "Beans", "price": 2362.5, "pct_change": 35.0, "zscore": 1.946, "spike_severity": "Moderate" }, "geometry": { "type": "Point", "coordinates": [ 34.01, -11.44 ] } },
{ "type": "Feature", "properties": { "date": "2024-01-15", "region": "Northern Region", "district": "Mzuzu City", "market": "Vigwagwa", "commodity": "Beans", "price": 3088.24, "pct_change": 30.72, "zscore": 2.44, "spike_severity": "Moderate" }, "geometry": { "type": "Point", "coordinates": [ 34.01, -11.44 ] } },
{ "type": "Feature", "properties": { "date": "2024-09-15", "region": "Northern Region", "district": "Mzuzu City", "market": "Vigwagwa", "commodity": "Beans", "price": 3500.0, "pct_change": 118.75, "zscore": 1.717, "spike_severity": "Moderate" }, "geometry": { "type": "Point", "coordinates": [ 34.01, -11.44 ] } },
{ "type": "Feature", "properties": { "date": "2025-01-15", "region": "Northern Region", "district": "Mzuzu City", "market": "Vigwagwa", "commodity": "Beans", "price": 4350.0, "pct_change": 24.29, "zscore": 1.86, "spike_severity": "Moderate" }, "geometry": { "type": "Point", "coordinates": [ 34.01, -11.44 ] } },
{ "type": "Feature", "properties": { "date": "2025-03-15", "region": "Northern Region", "district": "Mzuzu City", "market": "Vigwagwa", "commodity": "Beans", "price": 6000.0, "pct_change": 20.76, "zscore": 2.039, "spike_severity": "Moderate" }, "geometry": { "type": "Point", "coordinates": [ 34.01, -11.44 ] } },
{ "type": "Feature", "properties": { "date": "2024-09-15", "region": "Northern Region", "district": "Mzuzu City", "market": "Vigwagwa", "commodity": "Cowpeas", "price": 2430.0, "pct_change": 34.66, "zscore": 2.605, "spike_severity": "Moderate" }, "geometry": { "type": "Point", "coordinates": [ 34.01, -11.44 ] } },
{ "type": "Feature", "properties": { "date": "2026-02-15", "region": "Northern Region", "district": "Mzuzu City", "market": "Vigwagwa", "commodity": "Exotic vegetables", "price": 3350.0, "pct_change": 235.0, "zscore": 1.948, "spike_severity": "Moderate" }, "geometry": { "type": "Point", "coordinates": [ 34.01, -11.44 ] } },
{ "type": "Feature", "properties": { "date": "2026-02-15", "region": "Northern Region", "district": "Mzuzu City", "market": "Vigwagwa", "commodity": "Groundnuts (shelled)", "price": 7500.0, "pct_change": 25.0, "zscore": 1.888, "spike_severity": "Moderate" }, "geometry": { "type": "Point", "coordinates": [ 34.01, -11.44 ] } },
{ "type": "Feature", "properties": { "date": "2026-01-15", "region": "Northern Region", "district": "Mzuzu City", "market": "Vigwagwa", "commodity": "Local vegetables", "price": 1000.0, "pct_change": 122.22, "zscore": 1.715, "spike_severity": "Moderate" }, "geometry": { "type": "Point", "coordinates": [ 34.01, -11.44 ] } },
{ "type": "Feature", "properties": { "date": "2025-01-15", "region": "Northern Region", "district": "Mzuzu City", "market": "Vigwagwa", "commodity": "Maize (new harvest)", "price": 1050.0, "pct_change": 40.0, "zscore": 2.092, "spike_severity": "Moderate" }, "geometry": { "type": "Point", "coordinates": [ 34.01, -11.44 ] } },
{ "type": "Feature", "properties": { "date": "2025-02-15", "region": "Northern Region", "district": "Mzuzu City", "market": "Vigwagwa", "commodity": "Maize (new harvest)", "price": 1297.37, "pct_change": 23.56, "zscore": 2.344, "spike_severity": "Moderate" }, "geometry": { "type": "Point", "coordinates": [ 34.01, -11.44 ] } },
{ "type": "Feature", "properties": { "date": "2026-03-15", "region": "Northern Region", "district": "Mzuzu City", "market": "Vigwagwa", "commodity": "Pigeon peas", "price": 3750.0, "pct_change": 96.43, "zscore": 1.706, "spike_severity": "Moderate" }, "geometry": { "type": "Point", "coordinates": [ 34.01, -11.44 ] } },
{ "type": "Feature", "properties": { "date": "2025-11-15", "region": "Northern Region", "district": "Mzuzu City", "market": "Vigwagwa", "commodity": "Soybeans", "price": 23625.0, "pct_change": 600.0, "zscore": 2.472, "spike_severity": "Severe" }, "geometry": { "type": "Point", "coordinates": [ 34.01, -11.44 ] } },
{ "type": "Feature", "properties": { "date": "2025-11-15", "region": "Northern Region", "district": "Mzuzu City", "market": "Vigwagwa", "commodity": "Sugar", "price": 5433.33, "pct_change": 25.94, "zscore": 1.862, "spike_severity": "Moderate" }, "geometry": { "type": "Point", "coordinates": [ 34.01, -11.44 ] } },
{ "type": "Feature", "properties": { "date": "2025-10-15", "region": "Northern Region", "district": "Mzuzu City", "market": "Vigwagwa", "commodity": "Sweet potatoes", "price": 1111.0, "pct_change": 33.37, "zscore": 1.601, "spike_severity": "Moderate" }, "geometry": { "type": "Point", "coordinates": [ 34.01, -11.44 ] } },
{ "type": "Feature", "properties": { "date": "2023-04-15", "region": "Southern Region", "district": "Neno", "market": "Neno Boma", "commodity": "Beans", "price": 1525.0, "pct_change": 52.5, "zscore": 2.014, "spike_severity": "Severe" }, "geometry": { "type": "Point", "coordinates": [ 34.65, -15.4 ] } },
{ "type": "Feature", "properties": { "date": "2024-01-15", "region": "Southern Region", "district": "Neno", "market": "Neno Boma", "commodity": "Beans", "price": 3000.0, "pct_change": 41.18, "zscore": 2.244, "spike_severity": "Severe" }, "geometry": { "type": "Point", "coordinates": [ 34.65, -15.4 ] } },
{ "type": "Feature", "properties": { "date": "2024-05-15", "region": "Southern Region", "district": "Neno", "market": "Neno Boma", "commodity": "Beans", "price": 3900.0, "pct_change": 61.01, "zscore": 2.312, "spike_severity": "Severe" }, "geometry": { "type": "Point", "coordinates": [ 34.65, -15.4 ] } },
{ "type": "Feature", "properties": { "date": "2025-02-15", "region": "Southern Region", "district": "Neno", "market": "Neno Boma", "commodity": "Beans", "price": 5263.16, "pct_change": 31.58, "zscore": 1.846, "spike_severity": "Moderate" }, "geometry": { "type": "Point", "coordinates": [ 34.65, -15.4 ] } },
{ "type": "Feature", "properties": { "date": "2025-05-15", "region": "Southern Region", "district": "Neno", "market": "Neno Boma", "commodity": "Cassava", "price": 2000.0, "pct_change": 1566.67, "zscore": 2.265, "spike_severity": "Severe" }, "geometry": { "type": "Point", "coordinates": [ 34.65, -15.4 ] } },
{ "type": "Feature", "properties": { "date": "2023-01-15", "region": "Southern Region", "district": "Neno", "market": "Neno Boma", "commodity": "Cowpeas", "price": 1200.0, "pct_change": 71.43, "zscore": 2.206, "spike_severity": "Severe" }, "geometry": { "type": "Point", "coordinates": [ 34.65, -15.4 ] } },
{ "type": "Feature", "properties": { "date": "2024-09-15", "region": "Southern Region", "district": "Neno", "market": "Neno Boma", "commodity": "Cowpeas", "price": 2337.5, "pct_change": 26.35, "zscore": 2.469, "spike_severity": "Moderate" }, "geometry": { "type": "Point", "coordinates": [ 34.65, -15.4 ] } },
{ "type": "Feature", "properties": { "date": "2024-11-15", "region": "Southern Region", "district": "Neno", "market": "Neno Boma", "commodity": "Cowpeas", "price": 2500.0, "pct_change": 108.33, "zscore": 2.037, "spike_severity": "Severe" }, "geometry": { "type": "Point", "coordinates": [ 34.65, -15.4 ] } },
{ "type": "Feature", "properties": { "date": "2025-02-15", "region": "Southern Region", "district": "Neno", "market": "Neno Boma", "commodity": "Cowpeas", "price": 4000.0, "pct_change": 60.0, "zscore": 2.542, "spike_severity": "Critical" }, "geometry": { "type": "Point", "coordinates": [ 34.65, -15.4 ] } },
{ "type": "Feature", "properties": { "date": "2026-03-15", "region": "Southern Region", "district": "Neno", "market": "Neno Boma", "commodity": "Local vegetables", "price": 800.0, "pct_change": 100.0, "zscore": 1.629, "spike_severity": "Moderate" }, "geometry": { "type": "Point", "coordinates": [ 34.65, -15.4 ] } },
{ "type": "Feature", "properties": { "date": "2022-09-15", "region": "Southern Region", "district": "Neno", "market": "Neno Boma", "commodity": "Maize", "price": 363.5, "pct_change": 81.75, "zscore": 2.812, "spike_severity": "Critical" }, "geometry": { "type": "Point", "coordinates": [ 34.65, -15.4 ] } },
{ "type": "Feature", "properties": { "date": "2025-04-15", "region": "Southern Region", "district": "Neno", "market": "Neno Boma", "commodity": "Maize", "price": 925.0, "pct_change": 154.47, "zscore": 3.042, "spike_severity": "Critical" }, "geometry": { "type": "Point", "coordinates": [ 34.65, -15.4 ] } },
{ "type": "Feature", "properties": { "date": "2025-09-15", "region": "Southern Region", "district": "Neno", "market": "Neno Boma", "commodity": "Maize", "price": 1391.3, "pct_change": 50.41, "zscore": 2.625, "spike_severity": "Severe" }, "geometry": { "type": "Point", "coordinates": [ 34.65, -15.4 ] } },
{ "type": "Feature", "properties": { "date": "2023-04-15", "region": "Southern Region", "district": "Neno", "market": "Neno Boma", "commodity": "Maize (new harvest)", "price": 700.0, "pct_change": 460.0, "zscore": 2.255, "spike_severity": "Severe" }, "geometry": { "type": "Point", "coordinates": [ 34.65, -15.4 ] } },
{ "type": "Feature", "properties": { "date": "2023-08-15", "region": "Southern Region", "district": "Neno", "market": "Neno Boma", "commodity": "Maize (new harvest)", "price": 687.5, "pct_change": 20.15, "zscore": 1.503, "spike_severity": "Moderate" }, "geometry": { "type": "Point", "coordinates": [ 34.65, -15.4 ] } },
{ "type": "Feature", "properties": { "date": "2024-09-15", "region": "Southern Region", "district": "Neno", "market": "Neno Boma", "commodity": "Maize (new harvest)", "price": 961.25, "pct_change": 67.17, "zscore": 1.813, "spike_severity": "Moderate" }, "geometry": { "type": "Point", "coordinates": [ 34.65, -15.4 ] } },
{ "type": "Feature", "properties": { "date": "2025-02-15", "region": "Southern Region", "district": "Neno", "market": "Neno Boma", "commodity": "Maize (new harvest)", "price": 1568.42, "pct_change": 76.23, "zscore": 2.763, "spike_severity": "Critical" }, "geometry": { "type": "Point", "coordinates": [ 34.65, -15.4 ] } },
{ "type": "Feature", "properties": { "date": "2025-04-15", "region": "Southern Region", "district": "Neno", "market": "Neno Boma", "commodity": "Millet", "price": 2500.0, "pct_change": 400.0, "zscore": 1.789, "spike_severity": "Moderate" }, "geometry": { "type": "Point", "coordinates": [ 34.65, -15.4 ] } },
{ "type": "Feature", "properties": { "date": "2025-04-15", "region": "Southern Region", "district": "Neno", "market": "Neno Boma", "commodity": "Oil (vegetable)", "price": 8500.0, "pct_change": 608.33, "zscore": 2.267, "spike_severity": "Severe" }, "geometry": { "type": "Point", "coordinates": [ 34.65, -15.4 ] } },
{ "type": "Feature", "properties": { "date": "2021-04-15", "region": "Southern Region", "district": "Neno", "market": "Neno Boma", "commodity": "Pigeon peas", "price": 700.0, "pct_change": 21.74, "zscore": 1.618, "spike_severity": "Moderate" }, "geometry": { "type": "Point", "coordinates": [ 34.65, -15.4 ] } },
{ "type": "Feature", "properties": { "date": "2023-01-15", "region": "Southern Region", "district": "Neno", "market": "Neno Boma", "commodity": "Pigeon peas", "price": 900.0, "pct_change": 28.57, "zscore": 1.924, "spike_severity": "Moderate" }, "geometry": { "type": "Point", "coordinates": [ 34.65, -15.4 ] } },
{ "type": "Feature", "properties": { "date": "2024-01-15", "region": "Southern Region", "district": "Neno", "market": "Neno Boma", "commodity": "Pigeon peas", "price": 2000.0, "pct_change": 66.67, "zscore": 2.495, "spike_severity": "Severe" }, "geometry": { "type": "Point", "coordinates": [ 34.65, -15.4 ] } },
{ "type": "Feature", "properties": { "date": "2024-10-15", "region": "Southern Region", "district": "Neno", "market": "Neno Boma", "commodity": "Pigeon peas", "price": 2500.0, "pct_change": 83.49, "zscore": 2.132, "spike_severity": "Severe" }, "geometry": { "type": "Point", "coordinates": [ 34.65, -15.4 ] } },
{ "type": "Feature", "properties": { "date": "2025-02-15", "region": "Southern Region", "district": "Neno", "market": "Neno Boma", "commodity": "Pigeon peas", "price": 3500.0, "pct_change": 191.67, "zscore": 2.461, "spike_severity": "Severe" }, "geometry": { "type": "Point", "coordinates": [ 34.65, -15.4 ] } },
{ "type": "Feature", "properties": { "date": "2025-04-15", "region": "Southern Region", "district": "Neno", "market": "Neno Boma", "commodity": "Rice", "price": 5700.0, "pct_change": 714.29, "zscore": 2.474, "spike_severity": "Severe" }, "geometry": { "type": "Point", "coordinates": [ 34.65, -15.4 ] } },
{ "type": "Feature", "properties": { "date": "2025-04-15", "region": "Southern Region", "district": "Neno", "market": "Neno Boma", "commodity": "Sugar", "price": 3620.83, "pct_change": 325.98, "zscore": 2.268, "spike_severity": "Severe" }, "geometry": { "type": "Point", "coordinates": [ 34.65, -15.4 ] } },
{ "type": "Feature", "properties": { "date": "2025-05-15", "region": "Southern Region", "district": "Neno", "market": "Neno Boma", "commodity": "Sugar", "price": 4500.0, "pct_change": 24.28, "zscore": 1.892, "spike_severity": "Moderate" }, "geometry": { "type": "Point", "coordinates": [ 34.65, -15.4 ] } },
{ "type": "Feature", "properties": { "date": "2025-04-15", "region": "Southern Region", "district": "Neno", "market": "Neno Boma", "commodity": "Sweet potatoes", "price": 833.33, "pct_change": 177.78, "zscore": 2.22, "spike_severity": "Severe" }, "geometry": { "type": "Point", "coordinates": [ 34.65, -15.4 ] } },
{ "type": "Feature", "properties": { "date": "2025-09-15", "region": "Southern Region", "district": "Neno", "market": "Neno Boma", "commodity": "Sweet potatoes", "price": 1111.0, "pct_change": 59.99, "zscore": 2.005, "spike_severity": "Severe" }, "geometry": { "type": "Point", "coordinates": [ 34.65, -15.4 ] } },
{ "type": "Feature", "properties": { "date": "2024-02-15", "region": "Northern Region", "district": "Nkhata Bay", "market": "Chintheche", "commodity": "Beans", "price": 2990.91, "pct_change": 39.69, "zscore": 2.628, "spike_severity": "Moderate" }, "geometry": { "type": "Point", "coordinates": [ 34.17, -11.83 ] } },
{ "type": "Feature", "properties": { "date": "2024-09-15", "region": "Northern Region", "district": "Nkhata Bay", "market": "Chintheche", "commodity": "Beans", "price": 3912.5, "pct_change": 86.31, "zscore": 2.521, "spike_severity": "Critical" }, "geometry": { "type": "Point", "coordinates": [ 34.17, -11.83 ] } },
{ "type": "Feature", "properties": { "date": "2025-02-15", "region": "Northern Region", "district": "Nkhata Bay", "market": "Chintheche", "commodity": "Beans", "price": 5336.84, "pct_change": 33.42, "zscore": 2.319, "spike_severity": "Moderate" }, "geometry": { "type": "Point", "coordinates": [ 34.17, -11.83 ] } },
{ "type": "Feature", "properties": { "date": "2025-05-15", "region": "Northern Region", "district": "Nkhata Bay", "market": "Chintheche", "commodity": "Beans", "price": 7500.0, "pct_change": 25.0, "zscore": 1.921, "spike_severity": "Moderate" }, "geometry": { "type": "Point", "coordinates": [ 34.17, -11.83 ] } },
{ "type": "Feature", "properties": { "date": "2024-01-15", "region": "Northern Region", "district": "Nkhata Bay", "market": "Chintheche", "commodity": "Cowpeas", "price": 1635.29, "pct_change": 25.79, "zscore": 2.071, "spike_severity": "Moderate" }, "geometry": { "type": "Point", "coordinates": [ 34.17, -11.83 ] } },
{ "type": "Feature", "properties": { "date": "2025-02-15", "region": "Northern Region", "district": "Nkhata Bay", "market": "Chintheche", "commodity": "Cowpeas", "price": 3500.0, "pct_change": 87.8, "zscore": 2.505, "spike_severity": "Critical" }, "geometry": { "type": "Point", "coordinates": [ 34.17, -11.83 ] } },
{ "type": "Feature", "properties": { "date": "2026-01-15", "region": "Northern Region", "district": "Nkhata Bay", "market": "Chintheche", "commodity": "Exotic vegetables", "price": 2010.0, "pct_change": 155.24, "zscore": 1.725, "spike_severity": "Moderate" }, "geometry": { "type": "Point", "coordinates": [ 34.17, -11.83 ] } },
{ "type": "Feature", "properties": { "date": "2025-12-15", "region": "Northern Region", "district": "Nkhata Bay", "market": "Chintheche", "commodity": "Fish (small, dry)", "price": 10000.0, "pct_change": 25.0, "zscore": 1.5, "spike_severity": "Moderate" }, "geometry": { "type": "Point", "coordinates": [ 34.17, -11.83 ] } },
{ "type": "Feature", "properties": { "date": "2025-02-15", "region": "Northern Region", "district": "Nkhata Bay", "market": "Chintheche", "commodity": "Maize (new harvest)", "price": 1371.05, "pct_change": 79.22, "zscore": 2.73, "spike_severity": "Critical" }, "geometry": { "type": "Point", "coordinates": [ 34.17, -11.83 ] } },
{ "type": "Feature", "properties": { "date": "2025-12-15", "region": "Northern Region", "district": "Nkhata Bay", "market": "Chintheche", "commodity": "Millet", "price": 7500.0, "pct_change": 56.25, "zscore": 1.578, "spike_severity": "Moderate" }, "geometry": { "type": "Point", "coordinates": [ 34.17, -11.83 ] } },
{ "type": "Feature", "properties": { "date": "2025-09-15", "region": "Northern Region", "district": "Nkhata Bay", "market": "Chintheche", "commodity": "Pigeon peas", "price": 4500.0, "pct_change": 125.0, "zscore": 2.136, "spike_severity": "Severe" }, "geometry": { "type": "Point", "coordinates": [ 34.17, -11.83 ] } },
{ "type": "Feature", "properties": { "date": "2025-10-15", "region": "Northern Region", "district": "Nkhata Bay", "market": "Chintheche", "commodity": "Soybeans", "price": 4500.0, "pct_change": 50.0, "zscore": 1.908, "spike_severity": "Moderate" }, "geometry": { "type": "Point", "coordinates": [ 34.17, -11.83 ] } },
{ "type": "Feature", "properties": { "date": "2025-12-15", "region": "Northern Region", "district": "Nkhata Bay", "market": "Chintheche", "commodity": "Soybeans", "price": 5200.0, "pct_change": 28.4, "zscore": 1.823, "spike_severity": "Moderate" }, "geometry": { "type": "Point", "coordinates": [ 34.17, -11.83 ] } },
{ "type": "Feature", "properties": { "date": "2026-03-15", "region": "Northern Region", "district": "Nkhata Bay", "market": "Chintheche", "commodity": "Soybeans", "price": 6000.0, "pct_change": 33.33, "zscore": 1.925, "spike_severity": "Moderate" }, "geometry": { "type": "Point", "coordinates": [ 34.17, -11.83 ] } },
{ "type": "Feature", "properties": { "date": "2025-11-15", "region": "Northern Region", "district": "Nkhata Bay", "market": "Chintheche", "commodity": "Sugar", "price": 5125.0, "pct_change": 29.68, "zscore": 1.559, "spike_severity": "Moderate" }, "geometry": { "type": "Point", "coordinates": [ 34.17, -11.83 ] } },
{ "type": "Feature", "properties": { "date": "2023-12-15", "region": "Northern Region", "district": "Nkhata Bay", "market": "Mpamba", "commodity": "Beans", "price": 2450.0, "pct_change": 28.95, "zscore": 2.232, "spike_severity": "Moderate" }, "geometry": { "type": "Point", "coordinates": [ 34.19, -11.55 ] } },
{ "type": "Feature", "properties": { "date": "2024-01-15", "region": "Northern Region", "district": "Nkhata Bay", "market": "Mpamba", "commodity": "Beans", "price": 3000.0, "pct_change": 22.45, "zscore": 2.499, "spike_severity": "Moderate" }, "geometry": { "type": "Point", "coordinates": [ 34.19, -11.55 ] } },
{ "type": "Feature", "properties": { "date": "2025-09-15", "region": "Northern Region", "district": "Nkhata Bay", "market": "Mpamba", "commodity": "Beans", "price": 7336.96, "pct_change": 33.4, "zscore": 2.328, "spike_severity": "Moderate" }, "geometry": { "type": "Point", "coordinates": [ 34.19, -11.55 ] } },
{ "type": "Feature", "properties": { "date": "2025-07-15", "region": "Northern Region", "district": "Nkhata Bay", "market": "Mpamba", "commodity": "Cowpeas", "price": 3500.0, "pct_change": 88.73, "zscore": 2.171, "spike_severity": "Severe" }, "geometry": { "type": "Point", "coordinates": [ 34.19, -11.55 ] } },
{ "type": "Feature", "properties": { "date": "2025-11-15", "region": "Northern Region", "district": "Nkhata Bay", "market": "Mpamba", "commodity": "Cowpeas", "price": 6750.0, "pct_change": 92.86, "zscore": 2.31, "spike_severity": "Severe" }, "geometry": { "type": "Point", "coordinates": [ 34.19, -11.55 ] } },
{ "type": "Feature", "properties": { "date": "2026-01-15", "region": "Northern Region", "district": "Nkhata Bay", "market": "Mpamba", "commodity": "Exotic vegetables", "price": 2000.0, "pct_change": 178.26, "zscore": 1.697, "spike_severity": "Moderate" }, "geometry": { "type": "Point", "coordinates": [ 34.19, -11.55 ] } },
{ "type": "Feature", "properties": { "date": "2026-02-15", "region": "Northern Region", "district": "Nkhata Bay", "market": "Mpamba", "commodity": "Exotic vegetables", "price": 2500.0, "pct_change": 25.0, "zscore": 1.512, "spike_severity": "Moderate" }, "geometry": { "type": "Point", "coordinates": [ 34.19, -11.55 ] } },
{ "type": "Feature", "properties": { "date": "2026-03-15", "region": "Northern Region", "district": "Nkhata Bay", "market": "Mpamba", "commodity": "Fish (small, dry)", "price": 16000.0, "pct_change": 33.33, "zscore": 1.721, "spike_severity": "Moderate" }, "geometry": { "type": "Point", "coordinates": [ 34.19, -11.55 ] } },
{ "type": "Feature", "properties": { "date": "2025-01-15", "region": "Northern Region", "district": "Nkhata Bay", "market": "Mpamba", "commodity": "Maize (new harvest)", "price": 1100.0, "pct_change": 43.79, "zscore": 2.461, "spike_severity": "Severe" }, "geometry": { "type": "Point", "coordinates": [ 34.19, -11.55 ] } },
{ "type": "Feature", "properties": { "date": "2025-02-15", "region": "Northern Region", "district": "Nkhata Bay", "market": "Mpamba", "commodity": "Maize (new harvest)", "price": 1323.42, "pct_change": 20.31, "zscore": 2.384, "spike_severity": "Moderate" }, "geometry": { "type": "Point", "coordinates": [ 34.19, -11.55 ] } },
{ "type": "Feature", "properties": { "date": "2025-10-15", "region": "Northern Region", "district": "Nkhata Bay", "market": "Mpamba", "commodity": "Soybeans", "price": 6750.0, "pct_change": 125.0, "zscore": 1.919, "spike_severity": "Moderate" }, "geometry": { "type": "Point", "coordinates": [ 34.19, -11.55 ] } },
{ "type": "Feature", "properties": { "date": "2025-09-15", "region": "Northern Region", "district": "Nkhata Bay", "market": "Mpamba", "commodity": "Sweet potatoes", "price": 1111.0, "pct_change": 33.32, "zscore": 1.526, "spike_severity": "Moderate" }, "geometry": { "type": "Point", "coordinates": [ 34.19, -11.55 ] } },
{ "type": "Feature", "properties": { "date": "2023-12-15", "region": "Northern Region", "district": "Nkhata Bay", "market": "Nkhatabay Boma", "commodity": "Beans", "price": 2325.0, "pct_change": 20.78, "zscore": 2.132, "spike_severity": "Moderate" }, "geometry": { "type": "Point", "coordinates": [ 34.3, -11.61 ] } },
{ "type": "Feature", "properties": { "date": "2024-02-15", "region": "Northern Region", "district": "Nkhata Bay", "market": "Nkhatabay Boma", "commodity": "Beans", "price": 3000.0, "pct_change": 25.93, "zscore": 2.335, "spike_severity": "Moderate" }, "geometry": { "type": "Point", "coordinates": [ 34.3, -11.61 ] } },
{ "type": "Feature", "properties": { "date": "2024-06-15", "region": "Northern Region", "district": "Nkhata Bay", "market": "Nkhatabay Boma", "commodity": "Beans", "price": 3500.0, "pct_change": 25.0, "zscore": 1.934, "spike_severity": "Moderate" }, "geometry": { "type": "Point", "coordinates": [ 34.3, -11.61 ] } },
{ "type": "Feature", "properties": { "date": "2025-02-15", "region": "Northern Region", "district": "Nkhata Bay", "market": "Nkhatabay Boma", "commodity": "Beans", "price": 5447.37, "pct_change": 45.26, "zscore": 2.409, "spike_severity": "Severe" }, "geometry": { "type": "Point", "coordinates": [ 34.3, -11.61 ] } },
{ "type": "Feature", "properties": { "date": "2023-11-15", "region": "Northern Region", "district": "Nkhata Bay", "market": "Nkhatabay Boma", "commodity": "Cowpeas", "price": 1500.0, "pct_change": 25.0, "zscore": 2.041, "spike_severity": "Moderate" }, "geometry": { "type": "Point", "coordinates": [ 34.3, -11.61 ] } },
{ "type": "Feature", "properties": { "date": "2024-09-15", "region": "Northern Region", "district": "Nkhata Bay", "market": "Nkhatabay Boma", "commodity": "Cowpeas", "price": 2500.0, "pct_change": 29.72, "zscore": 2.321, "spike_severity": "Moderate" }, "geometry": { "type": "Point", "coordinates": [ 34.3, -11.61 ] } },
{ "type": "Feature", "properties": { "date": "2025-12-15", "region": "Northern Region", "district": "Nkhata Bay", "market": "Nkhatabay Boma", "commodity": "Cowpeas", "price": 4558.82, "pct_change": 30.25, "zscore": 1.988, "spike_severity": "Moderate" }, "geometry": { "type": "Point", "coordinates": [ 34.3, -11.61 ] } },
{ "type": "Feature", "properties": { "date": "2026-02-15", "region": "Northern Region", "district": "Nkhata Bay", "market": "Nkhatabay Boma", "commodity": "Cowpeas", "price": 7500.0, "pct_change": 47.4, "zscore": 2.439, "spike_severity": "Severe" }, "geometry": { "type": "Point", "coordinates": [ 34.3, -11.61 ] } },
{ "type": "Feature", "properties": { "date": "2026-02-15", "region": "Northern Region", "district": "Nkhata Bay", "market": "Nkhatabay Boma", "commodity": "Groundnuts (shelled)", "price": 9000.0, "pct_change": 50.0, "zscore": 2.337, "spike_severity": "Severe" }, "geometry": { "type": "Point", "coordinates": [ 34.3, -11.61 ] } },
{ "type": "Feature", "properties": { "date": "2024-01-15", "region": "Northern Region", "district": "Nkhata Bay", "market": "Nkhatabay Boma", "commodity": "Maize (new harvest)", "price": 1664.71, "pct_change": 103.01, "zscore": 3.0, "spike_severity": "Critical" }, "geometry": { "type": "Point", "coordinates": [ 34.3, -11.61 ] } },
{ "type": "Feature", "properties": { "date": "2025-02-15", "region": "Northern Region", "district": "Nkhata Bay", "market": "Nkhatabay Boma", "commodity": "Maize (new harvest)", "price": 1347.37, "pct_change": 69.48, "zscore": 1.537, "spike_severity": "Moderate" }, "geometry": { "type": "Point", "coordinates": [ 34.3, -11.61 ] } },
{ "type": "Feature", "properties": { "date": "2025-09-15", "region": "Northern Region", "district": "Nkhata Bay", "market": "Nkhatabay Boma", "commodity": "Pigeon peas", "price": 3500.0, "pct_change": 94.44, "zscore": 1.734, "spike_severity": "Moderate" }, "geometry": { "type": "Point", "coordinates": [ 34.3, -11.61 ] } },
{ "type": "Feature", "properties": { "date": "2026-02-15", "region": "Northern Region", "district": "Nkhata Bay", "market": "Nkhatabay Boma", "commodity": "Pigeon peas", "price": 7022.73, "pct_change": 69.34, "zscore": 2.043, "spike_severity": "Severe" }, "geometry": { "type": "Point", "coordinates": [ 34.3, -11.61 ] } },
{ "type": "Feature", "properties": { "date": "2025-10-15", "region": "Northern Region", "district": "Nkhata Bay", "market": "Nkhatabay Boma", "commodity": "Soybeans", "price": 4500.0, "pct_change": 50.0, "zscore": 1.89, "spike_severity": "Moderate" }, "geometry": { "type": "Point", "coordinates": [ 34.3, -11.61 ] } },
{ "type": "Feature", "properties": { "date": "2026-01-15", "region": "Northern Region", "district": "Nkhata Bay", "market": "Nkhatabay Boma", "commodity": "Soybeans", "price": 6000.0, "pct_change": 33.33, "zscore": 1.877, "spike_severity": "Moderate" }, "geometry": { "type": "Point", "coordinates": [ 34.3, -11.61 ] } },
{ "type": "Feature", "properties": { "date": "2026-03-15", "region": "Northern Region", "district": "Nkhata Bay", "market": "Nkhatabay Boma", "commodity": "Sweet potatoes", "price": 1389.0, "pct_change": 25.02, "zscore": 1.88, "spike_severity": "Moderate" }, "geometry": { "type": "Point", "coordinates": [ 34.3, -11.61 ] } },
{ "type": "Feature", "properties": { "date": "2026-01-15", "region": "Central Region", "district": "Nkhotakota", "market": "Dwangwa", "commodity": "Exotic vegetables", "price": 2500.0, "pct_change": 108.33, "zscore": 1.641, "spike_severity": "Moderate" }, "geometry": { "type": "Point", "coordinates": [ 34.15, -12.57 ] } },
{ "type": "Feature", "properties": { "date": "2025-12-15", "region": "Central Region", "district": "Nkhotakota", "market": "Dwangwa", "commodity": "Fish (small, dry)", "price": 12000.0, "pct_change": 50.0, "zscore": 1.5, "spike_severity": "Moderate" }, "geometry": { "type": "Point", "coordinates": [ 34.15, -12.57 ] } },
{ "type": "Feature", "properties": { "date": "2026-01-15", "region": "Central Region", "district": "Nkhotakota", "market": "Dwangwa", "commodity": "Local vegetables", "price": 1000.0, "pct_change": 66.67, "zscore": 1.556, "spike_severity": "Moderate" }, "geometry": { "type": "Point", "coordinates": [ 34.15, -12.57 ] } },
{ "type": "Feature", "properties": { "date": "2026-03-15", "region": "Central Region", "district": "Nkhotakota", "market": "Dwangwa", "commodity": "Pigeon peas", "price": 2451.61, "pct_change": 22.58, "zscore": 2.268, "spike_severity": "Moderate" }, "geometry": { "type": "Point", "coordinates": [ 34.15, -12.57 ] } },
{ "type": "Feature", "properties": { "date": "2023-02-15", "region": "Central Region", "district": "Nkhotakota", "market": "Nkhotakota Boma", "commodity": "Beans", "price": 1300.0, "pct_change": 73.33, "zscore": 1.942, "spike_severity": "Moderate" }, "geometry": { "type": "Point", "coordinates": [ 34.3, -12.92 ] } },
{ "type": "Feature", "properties": { "date": "2024-09-15", "region": "Central Region", "district": "Nkhotakota", "market": "Nkhotakota Boma", "commodity": "Beans", "price": 4000.0, "pct_change": 113.9, "zscore": 2.342, "spike_severity": "Severe" }, "geometry": { "type": "Point", "coordinates": [ 34.3, -12.92 ] } },
{ "type": "Feature", "properties": { "date": "2025-02-15", "region": "Central Region", "district": "Nkhotakota", "market": "Nkhotakota Boma", "commodity": "Beans", "price": 5631.58, "pct_change": 40.79, "zscore": 2.252, "spike_severity": "Severe" }, "geometry": { "type": "Point", "coordinates": [ 34.3, -12.92 ] } },
{ "type": "Feature", "properties": { "date": "2025-05-15", "region": "Central Region", "district": "Nkhotakota", "market": "Nkhotakota Boma", "commodity": "Cassava", "price": 2400.0, "pct_change": 1746.15, "zscore": 1.789, "spike_severity": "Moderate" }, "geometry": { "type": "Point", "coordinates": [ 34.3, -12.92 ] } },
{ "type": "Feature", "properties": { "date": "2023-06-15", "region": "Central Region", "district": "Nkhotakota", "market": "Nkhotakota Boma", "commodity": "Cowpeas", "price": 1100.0, "pct_change": 37.5, "zscore": 1.904, "spike_severity": "Moderate" }, "geometry": { "type": "Point", "coordinates": [ 34.3, -12.92 ] } },
{ "type": "Feature", "properties": { "date": "2023-12-15", "region": "Central Region", "district": "Nkhotakota", "market": "Nkhotakota Boma", "commodity": "Cowpeas", "price": 1425.0, "pct_change": 21.28, "zscore": 1.511, "spike_severity": "Moderate" }, "geometry": { "type": "Point", "coordinates": [ 34.3, -12.92 ] } },
{ "type": "Feature", "properties": { "date": "2024-09-15", "region": "Central Region", "district": "Nkhotakota", "market": "Nkhotakota Boma", "commodity": "Cowpeas", "price": 2500.0, "pct_change": 39.59, "zscore": 2.189, "spike_severity": "Moderate" }, "geometry": { "type": "Point", "coordinates": [ 34.3, -12.92 ] } },
{ "type": "Feature", "properties": { "date": "2025-02-15", "region": "Central Region", "district": "Nkhotakota", "market": "Nkhotakota Boma", "commodity": "Cowpeas", "price": 3631.58, "pct_change": 45.26, "zscore": 2.258, "spike_severity": "Severe" }, "geometry": { "type": "Point", "coordinates": [ 34.3, -12.92 ] } },
{ "type": "Feature", "properties": { "date": "2022-09-15", "region": "Central Region", "district": "Nkhotakota", "market": "Nkhotakota Boma", "commodity": "Maize", "price": 307.5, "pct_change": 70.83, "zscore": 2.772, "spike_severity": "Critical" }, "geometry": { "type": "Point", "coordinates": [ 34.3, -12.92 ] } },
{ "type": "Feature", "properties": { "date": "2025-04-15", "region": "Central Region", "district": "Nkhotakota", "market": "Nkhotakota Boma", "commodity": "Maize", "price": 850.0, "pct_change": 176.42, "zscore": 3.075, "spike_severity": "Critical" }, "geometry": { "type": "Point", "coordinates": [ 34.3, -12.92 ] } },
{ "type": "Feature", "properties": { "date": "2025-09-15", "region": "Central Region", "district": "Nkhotakota", "market": "Nkhotakota Boma", "commodity": "Maize", "price": 1233.33, "pct_change": 45.1, "zscore": 2.597, "spike_severity": "Severe" }, "geometry": { "type": "Point", "coordinates": [ 34.3, -12.92 ] } },
{ "type": "Feature", "properties": { "date": "2025-11-15", "region": "Central Region", "district": "Nkhotakota", "market": "Nkhotakota Boma", "commodity": "Maize", "price": 1250.0, "pct_change": 25.0, "zscore": 1.671, "spike_severity": "Moderate" }, "geometry": { "type": "Point", "coordinates": [ 34.3, -12.92 ] } },
{ "type": "Feature", "properties": { "date": "2023-01-15", "region": "Central Region", "district": "Nkhotakota", "market": "Nkhotakota Boma", "commodity": "Maize (new harvest)", "price": 450.0, "pct_change": 181.25, "zscore": 2.207, "spike_severity": "Severe" }, "geometry": { "type": "Point", "coordinates": [ 34.3, -12.92 ] } },
{ "type": "Feature", "properties": { "date": "2023-04-15", "region": "Central Region", "district": "Nkhotakota", "market": "Nkhotakota Boma", "commodity": "Maize (new harvest)", "price": 595.0, "pct_change": 32.22, "zscore": 2.0, "spike_severity": "Moderate" }, "geometry": { "type": "Point", "coordinates": [ 34.3, -12.92 ] } },
{ "type": "Feature", "properties": { "date": "2025-02-15", "region": "Central Region", "district": "Nkhotakota", "market": "Nkhotakota Boma", "commodity": "Maize (new harvest)", "price": 1352.63, "pct_change": 69.08, "zscore": 2.719, "spike_severity": "Critical" }, "geometry": { "type": "Point", "coordinates": [ 34.3, -12.92 ] } },
{ "type": "Feature", "properties": { "date": "2025-03-15", "region": "Central Region", "district": "Nkhotakota", "market": "Nkhotakota Boma", "commodity": "Maize (new harvest)", "price": 1655.56, "pct_change": 22.4, "zscore": 2.455, "spike_severity": "Moderate" }, "geometry": { "type": "Point", "coordinates": [ 34.3, -12.92 ] } },
{ "type": "Feature", "properties": { "date": "2025-04-15", "region": "Central Region", "district": "Nkhotakota", "market": "Nkhotakota Boma", "commodity": "Oil (vegetable)", "price": 8708.33, "pct_change": 625.69, "zscore": 2.267, "spike_severity": "Severe" }, "geometry": { "type": "Point", "coordinates": [ 34.3, -12.92 ] } },
{ "type": "Feature", "properties": { "date": "2025-12-15", "region": "Central Region", "district": "Nkhotakota", "market": "Nkhotakota Boma", "commodity": "Pigeon peas", "price": 3600.0, "pct_change": 85.05, "zscore": 1.955, "spike_severity": "Moderate" }, "geometry": { "type": "Point", "coordinates": [ 34.3, -12.92 ] } },
{ "type": "Feature", "properties": { "date": "2025-04-15", "region": "Central Region", "district": "Nkhotakota", "market": "Nkhotakota Boma", "commodity": "Rice", "price": 4200.0, "pct_change": 500.0, "zscore": 2.266, "spike_severity": "Severe" }, "geometry": { "type": "Point", "coordinates": [ 34.3, -12.92 ] } },
{ "type": "Feature", "properties": { "date": "2026-03-15", "region": "Central Region", "district": "Nkhotakota", "market": "Nkhotakota Boma", "commodity": "Rice", "price": 5000.0, "pct_change": 66.67, "zscore": 1.836, "spike_severity": "Moderate" }, "geometry": { "type": "Point", "coordinates": [ 34.3, -12.92 ] } },
{ "type": "Feature", "properties": { "date": "2025-04-15", "region": "Central Region", "district": "Nkhotakota", "market": "Nkhotakota Boma", "commodity": "Sugar", "price": 3733.33, "pct_change": 339.22, "zscore": 2.268, "spike_severity": "Severe" }, "geometry": { "type": "Point", "coordinates": [ 34.3, -12.92 ] } },
{ "type": "Feature", "properties": { "date": "2025-06-15", "region": "Central Region", "district": "Nkhotakota", "market": "Nkhotakota Boma", "commodity": "Sugar", "price": 5086.67, "pct_change": 23.0, "zscore": 1.742, "spike_severity": "Moderate" }, "geometry": { "type": "Point", "coordinates": [ 34.3, -12.92 ] } },
{ "type": "Feature", "properties": { "date": "2025-04-15", "region": "Central Region", "district": "Nkhotakota", "market": "Nkhotakota Boma", "commodity": "Sweet potatoes", "price": 1111.11, "pct_change": 270.37, "zscore": 2.248, "spike_severity": "Severe" }, "geometry": { "type": "Point", "coordinates": [ 34.3, -12.92 ] } },
{ "type": "Feature", "properties": { "date": "2025-09-15", "region": "Central Region", "district": "Nkhotakota", "market": "Nkhotakota Boma", "commodity": "Sweet potatoes", "price": 1111.0, "pct_change": 33.32, "zscore": 1.6, "spike_severity": "Moderate" }, "geometry": { "type": "Point", "coordinates": [ 34.3, -12.92 ] } },
{ "type": "Feature", "properties": { "date": "2022-02-15", "region": "Southern Region", "district": "Nsanje", "market": "Bangula", "commodity": "Beans", "price": 1293.75, "pct_change": 39.86, "zscore": 1.512, "spike_severity": "Moderate" }, "geometry": { "type": "Point", "coordinates": [ 35.12, -16.57 ] } },
{ "type": "Feature", "properties": { "date": "2023-06-15", "region": "Southern Region", "district": "Nsanje", "market": "Bangula", "commodity": "Beans", "price": 1700.0, "pct_change": 62.87, "zscore": 1.57, "spike_severity": "Moderate" }, "geometry": { "type": "Point", "coordinates": [ 35.12, -16.57 ] } },
{ "type": "Feature", "properties": { "date": "2023-12-15", "region": "Southern Region", "district": "Nsanje", "market": "Bangula", "commodity": "Beans", "price": 2450.0, "pct_change": 25.64, "zscore": 1.874, "spike_severity": "Moderate" }, "geometry": { "type": "Point", "coordinates": [ 35.12, -16.57 ] } },
{ "type": "Feature", "properties": { "date": "2024-04-15", "region": "Southern Region", "district": "Nsanje", "market": "Bangula", "commodity": "Beans", "price": 3000.0, "pct_change": 25.0, "zscore": 1.513, "spike_severity": "Moderate" }, "geometry": { "type": "Point", "coordinates": [ 35.12, -16.57 ] } },
{ "type": "Feature", "properties": { "date": "2024-05-15", "region": "Southern Region", "district": "Nsanje", "market": "Bangula", "commodity": "Beans", "price": 4000.0, "pct_change": 33.33, "zscore": 2.372, "spike_severity": "Moderate" }, "geometry": { "type": "Point", "coordinates": [ 35.12, -16.57 ] } },
{ "type": "Feature", "properties": { "date": "2022-03-15", "region": "Southern Region", "district": "Nsanje", "market": "Bangula", "commodity": "Cowpeas", "price": 763.0, "pct_change": 20.28, "zscore": 1.948, "spike_severity": "Moderate" }, "geometry": { "type": "Point", "coordinates": [ 35.12, -16.57 ] } },
{ "type": "Feature", "properties": { "date": "2023-06-15", "region": "Southern Region", "district": "Nsanje", "market": "Bangula", "commodity": "Cowpeas", "price": 1200.0, "pct_change": 71.43, "zscore": 2.571, "spike_severity": "Critical" }, "geometry": { "type": "Point", "coordinates": [ 35.12, -16.57 ] } },
{ "type": "Feature", "properties": { "date": "2023-11-15", "region": "Southern Region", "district": "Nsanje", "market": "Bangula", "commodity": "Cowpeas", "price": 1450.0, "pct_change": 33.85, "zscore": 2.373, "spike_severity": "Moderate" }, "geometry": { "type": "Point", "coordinates": [ 35.12, -16.57 ] } },
{ "type": "Feature", "properties": { "date": "2025-08-15", "region": "Southern Region", "district": "Nsanje", "market": "Bangula", "commodity": "Cowpeas", "price": 3500.0, "pct_change": 40.0, "zscore": 1.664, "spike_severity": "Moderate" }, "geometry": { "type": "Point", "coordinates": [ 35.12, -16.57 ] } },
{ "type": "Feature", "properties": { "date": "2026-01-15", "region": "Southern Region", "district": "Nsanje", "market": "Bangula", "commodity": "Exotic vegetables", "price": 1070.0, "pct_change": 108.78, "zscore": 1.684, "spike_severity": "Moderate" }, "geometry": { "type": "Point", "coordinates": [ 35.12, -16.57 ] } },
{ "type": "Feature", "properties": { "date": "2025-10-15", "region": "Southern Region", "district": "Nsanje", "market": "Bangula", "commodity": "Groundnuts (shelled)", "price": 7000.0, "pct_change": 27.27, "zscore": 1.543, "spike_severity": "Moderate" }, "geometry": { "type": "Point", "coordinates": [ 35.12, -16.57 ] } },
{ "type": "Feature", "properties": { "date": "2026-02-15", "region": "Southern Region", "district": "Nsanje", "market": "Bangula", "commodity": "Groundnuts (shelled)", "price": 9000.0, "pct_change": 38.46, "zscore": 1.956, "spike_severity": "Moderate" }, "geometry": { "type": "Point", "coordinates": [ 35.12, -16.57 ] } },
{ "type": "Feature", "properties": { "date": "2026-02-15", "region": "Southern Region", "district": "Nsanje", "market": "Bangula", "commodity": "Local vegetables", "price": 800.0, "pct_change": 33.33, "zscore": 1.507, "spike_severity": "Moderate" }, "geometry": { "type": "Point", "coordinates": [ 35.12, -16.57 ] } },
{ "type": "Feature", "properties": { "date": "2022-01-15", "region": "Southern Region", "district": "Nsanje", "market": "Bangula", "commodity": "Maize", "price": 230.0, "pct_change": 35.29, "zscore": 1.789, "spike_severity": "Moderate" }, "geometry": { "type": "Point", "coordinates": [ 35.12, -16.57 ] } },
{ "type": "Feature", "properties": { "date": "2022-08-15", "region": "Southern Region", "district": "Nsanje", "market": "Bangula", "commodity": "Maize", "price": 360.0, "pct_change": 56.52, "zscore": 2.734, "spike_severity": "Severe" }, "geometry": { "type": "Point", "coordinates": [ 35.12, -16.57 ] } },
{ "type": "Feature", "properties": { "date": "2025-09-15", "region": "Southern Region", "district": "Nsanje", "market": "Bangula", "commodity": "Maize", "price": 1533.33, "pct_change": 371.79, "zscore": 3.123, "spike_severity": "Critical" }, "geometry": { "type": "Point", "coordinates": [ 35.12, -16.57 ] } },
{ "type": "Feature", "properties": { "date": "2023-01-15", "region": "Southern Region", "district": "Nsanje", "market": "Bangula", "commodity": "Maize (new harvest)", "price": 520.0, "pct_change": 333.33, "zscore": 2.201, "spike_severity": "Severe" }, "geometry": { "type": "Point", "coordinates": [ 35.12, -16.57 ] } },
{ "type": "Feature", "properties": { "date": "2023-07-15", "region": "Southern Region", "district": "Nsanje", "market": "Bangula", "commodity": "Maize (new harvest)", "price": 700.0, "pct_change": 40.0, "zscore": 1.628, "spike_severity": "Moderate" }, "geometry": { "type": "Point", "coordinates": [ 35.12, -16.57 ] } },
{ "type": "Feature", "properties": { "date": "2025-01-15", "region": "Southern Region", "district": "Nsanje", "market": "Bangula", "commodity": "Maize (new harvest)", "price": 1370.59, "pct_change": 21.83, "zscore": 2.105, "spike_severity": "Moderate" }, "geometry": { "type": "Point", "coordinates": [ 35.12, -16.57 ] } },
{ "type": "Feature", "properties": { "date": "2025-02-15", "region": "Southern Region", "district": "Nsanje", "market": "Bangula", "commodity": "Maize (new harvest)", "price": 1711.11, "pct_change": 24.84, "zscore": 2.318, "spike_severity": "Moderate" }, "geometry": { "type": "Point", "coordinates": [ 35.12, -16.57 ] } },
{ "type": "Feature", "properties": { "date": "2025-09-15", "region": "Southern Region", "district": "Nsanje", "market": "Bangula", "commodity": "Millet", "price": 1600.0, "pct_change": 2185.71, "zscore": 2.267, "spike_severity": "Severe" }, "geometry": { "type": "Point", "coordinates": [ 35.12, -16.57 ] } },
{ "type": "Feature", "properties": { "date": "2025-10-15", "region": "Southern Region", "district": "Nsanje", "market": "Bangula", "commodity": "Millet", "price": 2000.0, "pct_change": 25.0, "zscore": 1.856, "spike_severity": "Moderate" }, "geometry": { "type": "Point", "coordinates": [ 35.12, -16.57 ] } },
{ "type": "Feature", "properties": { "date": "2026-02-15", "region": "Southern Region", "district": "Nsanje", "market": "Bangula", "commodity": "Millet", "price": 3000.0, "pct_change": 50.0, "zscore": 1.979, "spike_severity": "Moderate" }, "geometry": { "type": "Point", "coordinates": [ 35.12, -16.57 ] } },
{ "type": "Feature", "properties": { "date": "2025-03-15", "region": "Southern Region", "district": "Nsanje", "market": "Bangula", "commodity": "Oil (vegetable)", "price": 8000.0, "pct_change": 566.67, "zscore": 2.267, "spike_severity": "Severe" }, "geometry": { "type": "Point", "coordinates": [ 35.12, -16.57 ] } },
{ "type": "Feature", "properties": { "date": "2023-08-15", "region": "Southern Region", "district": "Nsanje", "market": "Bangula", "commodity": "Pigeon peas", "price": 940.0, "pct_change": 24.3, "zscore": 2.288, "spike_severity": "Moderate" }, "geometry": { "type": "Point", "coordinates": [ 35.12, -16.57 ] } },
{ "type": "Feature", "properties": { "date": "2023-11-15", "region": "Southern Region", "district": "Nsanje", "market": "Bangula", "commodity": "Pigeon peas", "price": 1400.0, "pct_change": 30.84, "zscore": 2.603, "spike_severity": "Moderate" }, "geometry": { "type": "Point", "coordinates": [ 35.12, -16.57 ] } },
{ "type": "Feature", "properties": { "date": "2025-05-15", "region": "Southern Region", "district": "Nsanje", "market": "Bangula", "commodity": "Rice", "price": 4500.0, "pct_change": 650.0, "zscore": 2.267, "spike_severity": "Severe" }, "geometry": { "type": "Point", "coordinates": [ 35.12, -16.57 ] } },
{ "type": "Feature", "properties": { "date": "2025-09-15", "region": "Southern Region", "district": "Nsanje", "market": "Bangula", "commodity": "Sorghum", "price": 1400.0, "pct_change": 1650.0, "zscore": 2.263, "spike_severity": "Severe" }, "geometry": { "type": "Point", "coordinates": [ 35.12, -16.57 ] } },
{ "type": "Feature", "properties": { "date": "2026-03-15", "region": "Southern Region", "district": "Nsanje", "market": "Bangula", "commodity": "Soybeans", "price": 4000.0, "pct_change": 33.33, "zscore": 1.933, "spike_severity": "Moderate" }, "geometry": { "type": "Point", "coordinates": [ 35.12, -16.57 ] } },
{ "type": "Feature", "properties": { "date": "2025-03-15", "region": "Southern Region", "district": "Nsanje", "market": "Bangula", "commodity": "Sugar", "price": 3500.0, "pct_change": 311.76, "zscore": 2.268, "spike_severity": "Severe" }, "geometry": { "type": "Point", "coordinates": [ 35.12, -16.57 ] } },
{ "type": "Feature", "properties": { "date": "2025-06-15", "region": "Southern Region", "district": "Nsanje", "market": "Bangula", "commodity": "Sugar", "price": 4868.33, "pct_change": 33.38, "zscore": 1.742, "spike_severity": "Moderate" }, "geometry": { "type": "Point", "coordinates": [ 35.12, -16.57 ] } },
{ "type": "Feature", "properties": { "date": "2021-04-15", "region": "Southern Region", "district": "Nsanje", "market": "Bangula", "commodity": "Sweet potatoes", "price": 500.0, "pct_change": 25.0, "zscore": 2.041, "spike_severity": "Moderate" }, "geometry": { "type": "Point", "coordinates": [ 35.12, -16.57 ] } },
{ "type": "Feature", "properties": { "date": "2025-04-15", "region": "Southern Region", "district": "Nsanje", "market": "Bangula", "commodity": "Sweet potatoes", "price": 722.22, "pct_change": 44.44, "zscore": 2.158, "spike_severity": "Severe" }, "geometry": { "type": "Point", "coordinates": [ 35.12, -16.57 ] } },
{ "type": "Feature", "properties": { "date": "2025-07-15", "region": "Southern Region", "district": "Nsanje", "market": "Bangula", "commodity": "Sweet potatoes", "price": 833.33, "pct_change": 50.0, "zscore": 1.861, "spike_severity": "Moderate" }, "geometry": { "type": "Point", "coordinates": [ 35.12, -16.57 ] } },
{ "type": "Feature", "properties": { "date": "2025-08-15", "region": "Southern Region", "district": "Nsanje", "market": "Bangula", "commodity": "Sweet potatoes", "price": 1111.11, "pct_change": 33.33, "zscore": 2.26, "spike_severity": "Moderate" }, "geometry": { "type": "Point", "coordinates": [ 35.12, -16.57 ] } },
{ "type": "Feature", "properties": { "date": "2026-03-15", "region": "Southern Region", "district": "Nsanje", "market": "Bangula", "commodity": "Tomatoes", "price": 4200.0, "pct_change": 133.33, "zscore": 2.152, "spike_severity": "Severe" }, "geometry": { "type": "Point", "coordinates": [ 35.12, -16.57 ] } },
{ "type": "Feature", "properties": { "date": "2024-05-15", "region": "Southern Region", "district": "Nsanje", "market": "Makhanga", "commodity": "Beans", "price": 3850.0, "pct_change": 62.11, "zscore": 2.078, "spike_severity": "Severe" }, "geometry": { "type": "Point", "coordinates": [ 35.16, -16.52 ] } },
{ "type": "Feature", "properties": { "date": "2024-09-15", "region": "Southern Region", "district": "Nsanje", "market": "Makhanga", "commodity": "Beans", "price": 4500.0, "pct_change": 28.57, "zscore": 1.954, "spike_severity": "Moderate" }, "geometry": { "type": "Point", "coordinates": [ 35.16, -16.52 ] } },
{ "type": "Feature", "properties": { "date": "2025-07-15", "region": "Southern Region", "district": "Nsanje", "market": "Makhanga", "commodity": "Beans", "price": 7500.0, "pct_change": 25.0, "zscore": 2.155, "spike_severity": "Moderate" }, "geometry": { "type": "Point", "coordinates": [ 35.16, -16.52 ] } },
{ "type": "Feature", "properties": { "date": "2025-01-15", "region": "Southern Region", "district": "Nsanje", "market": "Makhanga", "commodity": "Maize (new harvest)", "price": 1458.82, "pct_change": 23.5, "zscore": 2.09, "spike_severity": "Moderate" }, "geometry": { "type": "Point", "coordinates": [ 35.16, -16.52 ] } },
{ "type": "Feature", "properties": { "date": "2025-02-15", "region": "Southern Region", "district": "Nsanje", "market": "Makhanga", "commodity": "Maize (new harvest)", "price": 1911.11, "pct_change": 31.0, "zscore": 2.441, "spike_severity": "Moderate" }, "geometry": { "type": "Point", "coordinates": [ 35.16, -16.52 ] } },
{ "type": "Feature", "properties": { "date": "2026-03-15", "region": "Southern Region", "district": "Nsanje", "market": "Makhanga", "commodity": "Oil (vegetable)", "price": 8609.09, "pct_change": 43.48, "zscore": 1.717, "spike_severity": "Moderate" }, "geometry": { "type": "Point", "coordinates": [ 35.16, -16.52 ] } },
{ "type": "Feature", "properties": { "date": "2024-01-15", "region": "Southern Region", "district": "Nsanje", "market": "Makhanga", "commodity": "Pigeon peas", "price": 1785.0, "pct_change": 37.31, "zscore": 1.847, "spike_severity": "Moderate" }, "geometry": { "type": "Point", "coordinates": [ 35.16, -16.52 ] } },
{ "type": "Feature", "properties": { "date": "2024-02-15", "region": "Southern Region", "district": "Nsanje", "market": "Makhanga", "commodity": "Pigeon peas", "price": 2418.18, "pct_change": 35.47, "zscore": 1.937, "spike_severity": "Moderate" }, "geometry": { "type": "Point", "coordinates": [ 35.16, -16.52 ] } },
{ "type": "Feature", "properties": { "date": "2026-02-15", "region": "Southern Region", "district": "Nsanje", "market": "Makhanga", "commodity": "Pigeon peas", "price": 3461.54, "pct_change": 57.74, "zscore": 2.116, "spike_severity": "Severe" }, "geometry": { "type": "Point", "coordinates": [ 35.16, -16.52 ] } },
{ "type": "Feature", "properties": { "date": "2025-08-15", "region": "Southern Region", "district": "Nsanje", "market": "Makhanga", "commodity": "Soybeans", "price": 2500.0, "pct_change": 25.0, "zscore": 1.5, "spike_severity": "Moderate" }, "geometry": { "type": "Point", "coordinates": [ 35.16, -16.52 ] } },
{ "type": "Feature", "properties": { "date": "2026-01-15", "region": "Southern Region", "district": "Nsanje", "market": "Makhanga", "commodity": "Sugar", "price": 5388.89, "pct_change": 55.75, "zscore": 1.676, "spike_severity": "Moderate" }, "geometry": { "type": "Point", "coordinates": [ 35.16, -16.52 ] } },
{ "type": "Feature", "properties": { "date": "2025-08-15", "region": "Southern Region", "district": "Nsanje", "market": "Makhanga", "commodity": "Sweet potatoes", "price": 1111.11, "pct_change": 100.0, "zscore": 1.688, "spike_severity": "Moderate" }, "geometry": { "type": "Point", "coordinates": [ 35.16, -16.52 ] } },
{ "type": "Feature", "properties": { "date": "2023-06-15", "region": "Southern Region", "district": "Nsanje", "market": "Marka", "commodity": "Beans", "price": 1650.0, "pct_change": 41.18, "zscore": 1.628, "spike_severity": "Moderate" }, "geometry": { "type": "Point", "coordinates": [ 35.23, -17.12 ] } },
{ "type": "Feature", "properties": { "date": "2024-01-15", "region": "Southern Region", "district": "Nsanje", "market": "Marka", "commodity": "Beans", "price": 2794.12, "pct_change": 39.71, "zscore": 2.468, "spike_severity": "Moderate" }, "geometry": { "type": "Point", "coordinates": [ 35.23, -17.12 ] } },
{ "type": "Feature", "properties": { "date": "2024-05-15", "region": "Southern Region", "district": "Nsanje", "market": "Marka", "commodity": "Beans", "price": 3900.0, "pct_change": 25.81, "zscore": 2.099, "spike_severity": "Moderate" }, "geometry": { "type": "Point", "coordinates": [ 35.23, -17.12 ] } },
{ "type": "Feature", "properties": { "date": "2023-06-15", "region": "Southern Region", "district": "Nsanje", "market": "Marka", "commodity": "Cowpeas", "price": 1125.0, "pct_change": 60.71, "zscore": 2.137, "spike_severity": "Severe" }, "geometry": { "type": "Point", "coordinates": [ 35.23, -17.12 ] } },
{ "type": "Feature", "properties": { "date": "2023-10-15", "region": "Southern Region", "district": "Nsanje", "market": "Marka", "commodity": "Cowpeas", "price": 1083.33, "pct_change": 27.45, "zscore": 1.683, "spike_severity": "Moderate" }, "geometry": { "type": "Point", "coordinates": [ 35.23, -17.12 ] } },
{ "type": "Feature", "properties": { "date": "2023-12-15", "region": "Southern Region", "district": "Nsanje", "market": "Marka", "commodity": "Cowpeas", "price": 1475.0, "pct_change": 22.92, "zscore": 2.162, "spike_severity": "Moderate" }, "geometry": { "type": "Point", "coordinates": [ 35.23, -17.12 ] } },
{ "type": "Feature", "properties": { "date": "2024-12-15", "region": "Southern Region", "district": "Nsanje", "market": "Marka", "commodity": "Cowpeas", "price": 2781.25, "pct_change": 23.61, "zscore": 1.782, "spike_severity": "Moderate" }, "geometry": { "type": "Point", "coordinates": [ 35.23, -17.12 ] } },
{ "type": "Feature", "properties": { "date": "2026-02-15", "region": "Southern Region", "district": "Nsanje", "market": "Marka", "commodity": "Local vegetables", "price": 800.0, "pct_change": 100.0, "zscore": 1.752, "spike_severity": "Moderate" }, "geometry": { "type": "Point", "coordinates": [ 35.23, -17.12 ] } },
{ "type": "Feature", "properties": { "date": "2022-08-15", "region": "Southern Region", "district": "Nsanje", "market": "Marka", "commodity": "Maize", "price": 360.0, "pct_change": 50.0, "zscore": 2.756, "spike_severity": "Severe" }, "geometry": { "type": "Point", "coordinates": [ 35.23, -17.12 ] } },
{ "type": "Feature", "properties": { "date": "2025-09-15", "region": "Southern Region", "district": "Nsanje", "market": "Marka", "commodity": "Maize", "price": 1386.67, "pct_change": 285.19, "zscore": 3.103, "spike_severity": "Critical" }, "geometry": { "type": "Point", "coordinates": [ 35.23, -17.12 ] } },
{ "type": "Feature", "properties": { "date": "2023-01-15", "region": "Southern Region", "district": "Nsanje", "market": "Marka", "commodity": "Maize (new harvest)", "price": 530.0, "pct_change": 292.59, "zscore": 2.184, "spike_severity": "Severe" }, "geometry": { "type": "Point", "coordinates": [ 35.23, -17.12 ] } },
{ "type": "Feature", "properties": { "date": "2023-07-15", "region": "Southern Region", "district": "Nsanje", "market": "Marka", "commodity": "Maize (new harvest)", "price": 700.0, "pct_change": 40.0, "zscore": 1.831, "spike_severity": "Moderate" }, "geometry": { "type": "Point", "coordinates": [ 35.23, -17.12 ] } },
{ "type": "Feature", "properties": { "date": "2024-03-15", "region": "Southern Region", "district": "Nsanje", "market": "Marka", "commodity": "Maize (new harvest)", "price": 2620.0, "pct_change": 191.11, "zscore": 3.012, "spike_severity": "Critical" }, "geometry": { "type": "Point", "coordinates": [ 35.23, -17.12 ] } },
{ "type": "Feature", "properties": { "date": "2025-03-15", "region": "Southern Region", "district": "Nsanje", "market": "Marka", "commodity": "Oil (vegetable)", "price": 7500.0, "pct_change": 525.0, "zscore": 2.268, "spike_severity": "Severe" }, "geometry": { "type": "Point", "coordinates": [ 35.23, -17.12 ] } },
{ "type": "Feature", "properties": { "date": "2023-09-15", "region": "Southern Region", "district": "Nsanje", "market": "Marka", "commodity": "Pigeon peas", "price": 1000.0, "pct_change": 66.67, "zscore": 2.06, "spike_severity": "Severe" }, "geometry": { "type": "Point", "coordinates": [ 35.23, -17.12 ] } },
{ "type": "Feature", "properties": { "date": "2023-12-15", "region": "Southern Region", "district": "Nsanje", "market": "Marka", "commodity": "Pigeon peas", "price": 1350.0, "pct_change": 24.14, "zscore": 2.175, "spike_severity": "Moderate" }, "geometry": { "type": "Point", "coordinates": [ 35.23, -17.12 ] } },
{ "type": "Feature", "properties": { "date": "2024-02-15", "region": "Southern Region", "district": "Nsanje", "market": "Marka", "commodity": "Pigeon peas", "price": 1854.55, "pct_change": 22.2, "zscore": 2.143, "spike_severity": "Moderate" }, "geometry": { "type": "Point", "coordinates": [ 35.23, -17.12 ] } },
{ "type": "Feature", "properties": { "date": "2025-04-15", "region": "Southern Region", "district": "Nsanje", "market": "Marka", "commodity": "Rice", "price": 4000.0, "pct_change": 471.43, "zscore": 2.266, "spike_severity": "Severe" }, "geometry": { "type": "Point", "coordinates": [ 35.23, -17.12 ] } },
{ "type": "Feature", "properties": { "date": "2025-03-15", "region": "Southern Region", "district": "Nsanje", "market": "Marka", "commodity": "Sugar", "price": 3800.0, "pct_change": 300.0, "zscore": 2.267, "spike_severity": "Severe" }, "geometry": { "type": "Point", "coordinates": [ 35.23, -17.12 ] } },
{ "type": "Feature", "properties": { "date": "2025-06-15", "region": "Southern Region", "district": "Nsanje", "market": "Marka", "commodity": "Sugar", "price": 5196.67, "pct_change": 42.37, "zscore": 1.801, "spike_severity": "Moderate" }, "geometry": { "type": "Point", "coordinates": [ 35.23, -17.12 ] } },
{ "type": "Feature", "properties": { "date": "2025-03-15", "region": "Southern Region", "district": "Nsanje", "market": "Marka", "commodity": "Sweet potatoes", "price": 555.56, "pct_change": 23.46, "zscore": 2.268, "spike_severity": "Moderate" }, "geometry": { "type": "Point", "coordinates": [ 35.23, -17.12 ] } },
{ "type": "Feature", "properties": { "date": "2025-07-15", "region": "Southern Region", "district": "Nsanje", "market": "Marka", "commodity": "Sweet potatoes", "price": 833.33, "pct_change": 50.0, "zscore": 2.694, "spike_severity": "Severe" }, "geometry": { "type": "Point", "coordinates": [ 35.23, -17.12 ] } },
{ "type": "Feature", "properties": { "date": "2025-10-15", "region": "Southern Region", "district": "Nsanje", "market": "Marka", "commodity": "Sweet potatoes", "price": 1111.0, "pct_change": 33.32, "zscore": 2.401, "spike_severity": "Moderate" }, "geometry": { "type": "Point", "coordinates": [ 35.23, -17.12 ] } },
{ "type": "Feature", "properties": { "date": "2026-03-15", "region": "Southern Region", "district": "Nsanje", "market": "Marka", "commodity": "Sweet potatoes", "price": 1111.0, "pct_change": 99.82, "zscore": 1.869, "spike_severity": "Moderate" }, "geometry": { "type": "Point", "coordinates": [ 35.23, -17.12 ] } },
{ "type": "Feature", "properties": { "date": "2023-06-15", "region": "Southern Region", "district": "Nsanje", "market": "Mtowe", "commodity": "Beans", "price": 1800.0, "pct_change": 60.13, "zscore": 1.548, "spike_severity": "Moderate" }, "geometry": { "type": "Point", "coordinates": [ 35.22, -17.08 ] } },
{ "type": "Feature", "properties": { "date": "2024-01-15", "region": "Southern Region", "district": "Nsanje", "market": "Mtowe", "commodity": "Beans", "price": 2752.94, "pct_change": 35.95, "zscore": 2.228, "spike_severity": "Moderate" }, "geometry": { "type": "Point", "coordinates": [ 35.22, -17.08 ] } },
{ "type": "Feature", "properties": { "date": "2024-05-15", "region": "Southern Region", "district": "Nsanje", "market": "Mtowe", "commodity": "Beans", "price": 3400.0, "pct_change": 28.3, "zscore": 1.89, "spike_severity": "Moderate" }, "geometry": { "type": "Point", "coordinates": [ 35.22, -17.08 ] } },
{ "type": "Feature", "properties": { "date": "2025-09-15", "region": "Southern Region", "district": "Nsanje", "market": "Mtowe", "commodity": "Beans", "price": 6633.33, "pct_change": 27.7, "zscore": 2.117, "spike_severity": "Moderate" }, "geometry": { "type": "Point", "coordinates": [ 35.22, -17.08 ] } },
{ "type": "Feature", "properties": { "date": "2023-10-15", "region": "Southern Region", "district": "Nsanje", "market": "Mtowe", "commodity": "Cowpeas", "price": 1023.33, "pct_change": 24.04, "zscore": 2.082, "spike_severity": "Moderate" }, "geometry": { "type": "Point", "coordinates": [ 35.22, -17.08 ] } },
{ "type": "Feature", "properties": { "date": "2023-12-15", "region": "Southern Region", "district": "Nsanje", "market": "Mtowe", "commodity": "Cowpeas", "price": 1350.0, "pct_change": 22.73, "zscore": 2.383, "spike_severity": "Moderate" }, "geometry": { "type": "Point", "coordinates": [ 35.22, -17.08 ] } },
{ "type": "Feature", "properties": { "date": "2024-01-15", "region": "Southern Region", "district": "Nsanje", "market": "Mtowe", "commodity": "Cowpeas", "price": 1647.06, "pct_change": 22.0, "zscore": 2.347, "spike_severity": "Moderate" }, "geometry": { "type": "Point", "coordinates": [ 35.22, -17.08 ] } },
{ "type": "Feature", "properties": { "date": "2024-09-15", "region": "Southern Region", "district": "Nsanje", "market": "Mtowe", "commodity": "Cowpeas", "price": 2125.0, "pct_change": 21.43, "zscore": 1.794, "spike_severity": "Moderate" }, "geometry": { "type": "Point", "coordinates": [ 35.22, -17.08 ] } },
{ "type": "Feature", "properties": { "date": "2026-03-15", "region": "Southern Region", "district": "Nsanje", "market": "Mtowe", "commodity": "Fish (small, dry)", "price": 16000.0, "pct_change": 100.0, "zscore": 1.977, "spike_severity": "Moderate" }, "geometry": { "type": "Point", "coordinates": [ 35.22, -17.08 ] } },
{ "type": "Feature", "properties": { "date": "2022-08-15", "region": "Southern Region", "district": "Nsanje", "market": "Mtowe", "commodity": "Maize", "price": 360.0, "pct_change": 89.47, "zscore": 2.993, "spike_severity": "Critical" }, "geometry": { "type": "Point", "coordinates": [ 35.22, -17.08 ] } },
{ "type": "Feature", "properties": { "date": "2025-09-15", "region": "Southern Region", "district": "Nsanje", "market": "Mtowe", "commodity": "Maize", "price": 1393.33, "pct_change": 287.04, "zscore": 3.109, "spike_severity": "Critical" }, "geometry": { "type": "Point", "coordinates": [ 35.22, -17.08 ] } },
{ "type": "Feature", "properties": { "date": "2023-07-15", "region": "Southern Region", "district": "Nsanje", "market": "Mtowe", "commodity": "Maize (new harvest)", "price": 700.0, "pct_change": 40.0, "zscore": 1.728, "spike_severity": "Moderate" }, "geometry": { "type": "Point", "coordinates": [ 35.22, -17.08 ] } },
{ "type": "Feature", "properties": { "date": "2023-11-15", "region": "Southern Region", "district": "Nsanje", "market": "Mtowe", "commodity": "Maize (new harvest)", "price": 775.0, "pct_change": 23.93, "zscore": 1.53, "spike_severity": "Moderate" }, "geometry": { "type": "Point", "coordinates": [ 35.22, -17.08 ] } },
{ "type": "Feature", "properties": { "date": "2025-02-15", "region": "Southern Region", "district": "Nsanje", "market": "Mtowe", "commodity": "Maize (new harvest)", "price": 1711.11, "pct_change": 24.18, "zscore": 2.294, "spike_severity": "Moderate" }, "geometry": { "type": "Point", "coordinates": [ 35.22, -17.08 ] } },
{ "type": "Feature", "properties": { "date": "2023-10-15", "region": "Southern Region", "district": "Nsanje", "market": "Mtowe", "commodity": "Pigeon peas", "price": 1037.5, "pct_change": 72.92, "zscore": 1.865, "spike_severity": "Moderate" }, "geometry": { "type": "Point", "coordinates": [ 35.22, -17.08 ] } },
{ "type": "Feature", "properties": { "date": "2023-12-15", "region": "Southern Region", "district": "Nsanje", "market": "Mtowe", "commodity": "Pigeon peas", "price": 1375.0, "pct_change": 25.0, "zscore": 1.939, "spike_severity": "Moderate" }, "geometry": { "type": "Point", "coordinates": [ 35.22, -17.08 ] } },
{ "type": "Feature", "properties": { "date": "2024-02-15", "region": "Southern Region", "district": "Nsanje", "market": "Mtowe", "commodity": "Pigeon peas", "price": 1890.91, "pct_change": 23.16, "zscore": 2.038, "spike_severity": "Moderate" }, "geometry": { "type": "Point", "coordinates": [ 35.22, -17.08 ] } },
{ "type": "Feature", "properties": { "date": "2025-08-15", "region": "Southern Region", "district": "Nsanje", "market": "Mtowe", "commodity": "Sweet potatoes", "price": 833.33, "pct_change": 50.0, "zscore": 2.041, "spike_severity": "Severe" }, "geometry": { "type": "Point", "coordinates": [ 35.22, -17.08 ] } },
{ "type": "Feature", "properties": { "date": "2025-10-15", "region": "Southern Region", "district": "Nsanje", "market": "Mtowe", "commodity": "Sweet potatoes", "price": 1111.0, "pct_change": 33.29, "zscore": 1.984, "spike_severity": "Moderate" }, "geometry": { "type": "Point", "coordinates": [ 35.22, -17.08 ] } },
{ "type": "Feature", "properties": { "date": "2026-03-15", "region": "Southern Region", "district": "Nsanje", "market": "Mtowe", "commodity": "Sweet potatoes", "price": 1111.0, "pct_change": 99.82, "zscore": 1.786, "spike_severity": "Moderate" }, "geometry": { "type": "Point", "coordinates": [ 35.22, -17.08 ] } },
{ "type": "Feature", "properties": { "date": "2021-03-15", "region": "Southern Region", "district": "Nsanje", "market": "Ngabu", "commodity": "Beans", "price": 4275.0, "pct_change": 271.74, "zscore": 2.432, "spike_severity": "Severe" }, "geometry": { "type": "Point", "coordinates": [ 34.87, -16.47 ] } },
{ "type": "Feature", "properties": { "date": "2024-05-15", "region": "Southern Region", "district": "Nsanje", "market": "Ngabu", "commodity": "Beans", "price": 3900.0, "pct_change": 31.65, "zscore": 2.148, "spike_severity": "Moderate" }, "geometry": { "type": "Point", "coordinates": [ 34.87, -16.47 ] } },
{ "type": "Feature", "properties": { "date": "2025-08-15", "region": "Southern Region", "district": "Nsanje", "market": "Ngabu", "commodity": "Beans", "price": 7000.0, "pct_change": 33.33, "zscore": 1.654, "spike_severity": "Moderate" }, "geometry": { "type": "Point", "coordinates": [ 34.87, -16.47 ] } },
{ "type": "Feature", "properties": { "date": "2025-04-15", "region": "Southern Region", "district": "Nsanje", "market": "Ngabu", "commodity": "Cassava", "price": 3740.0, "pct_change": 1770.0, "zscore": 2.266, "spike_severity": "Severe" }, "geometry": { "type": "Point", "coordinates": [ 34.87, -16.47 ] } },
{ "type": "Feature", "properties": { "date": "2023-01-15", "region": "Southern Region", "district": "Nsanje", "market": "Ngabu", "commodity": "Cowpeas", "price": 800.0, "pct_change": 45.45, "zscore": 1.716, "spike_severity": "Moderate" }, "geometry": { "type": "Point", "coordinates": [ 34.87, -16.47 ] } },
{ "type": "Feature", "properties": { "date": "2023-06-15", "region": "Southern Region", "district": "Nsanje", "market": "Ngabu", "commodity": "Cowpeas", "price": 1000.0, "pct_change": 34.83, "zscore": 2.273, "spike_severity": "Moderate" }, "geometry": { "type": "Point", "coordinates": [ 34.87, -16.47 ] } },
{ "type": "Feature", "properties": { "date": "2023-09-15", "region": "Southern Region", "district": "Nsanje", "market": "Ngabu", "commodity": "Cowpeas", "price": 1066.67, "pct_change": 33.33, "zscore": 1.944, "spike_severity": "Moderate" }, "geometry": { "type": "Point", "coordinates": [ 34.87, -16.47 ] } },
{ "type": "Feature", "properties": { "date": "2024-12-15", "region": "Southern Region", "district": "Nsanje", "market": "Ngabu", "commodity": "Cowpeas", "price": 2500.0, "pct_change": 25.0, "zscore": 1.641, "spike_severity": "Moderate" }, "geometry": { "type": "Point", "coordinates": [ 34.87, -16.47 ] } },
{ "type": "Feature", "properties": { "date": "2025-01-15", "region": "Southern Region", "district": "Nsanje", "market": "Ngabu", "commodity": "Cowpeas", "price": 3208.33, "pct_change": 28.33, "zscore": 2.108, "spike_severity": "Moderate" }, "geometry": { "type": "Point", "coordinates": [ 34.87, -16.47 ] } },
{ "type": "Feature", "properties": { "date": "2026-02-15", "region": "Southern Region", "district": "Nsanje", "market": "Ngabu", "commodity": "Exotic vegetables", "price": 1000.0, "pct_change": 150.0, "zscore": 1.745, "spike_severity": "Moderate" }, "geometry": { "type": "Point", "coordinates": [ 34.87, -16.47 ] } },
{ "type": "Feature", "properties": { "date": "2026-03-15", "region": "Southern Region", "district": "Nsanje", "market": "Ngabu", "commodity": "Exotic vegetables", "price": 1340.0, "pct_change": 34.0, "zscore": 1.723, "spike_severity": "Moderate" }, "geometry": { "type": "Point", "coordinates": [ 34.87, -16.47 ] } },
{ "type": "Feature", "properties": { "date": "2026-02-15", "region": "Southern Region", "district": "Nsanje", "market": "Ngabu", "commodity": "Local vegetables", "price": 800.0, "pct_change": 100.0, "zscore": 1.622, "spike_severity": "Moderate" }, "geometry": { "type": "Point", "coordinates": [ 34.87, -16.47 ] } },
{ "type": "Feature", "properties": { "date": "2022-01-15", "region": "Southern Region", "district": "Nsanje", "market": "Ngabu", "commodity": "Maize", "price": 225.0, "pct_change": 37.76, "zscore": 2.285, "spike_severity": "Moderate" }, "geometry": { "type": "Point", "coordinates": [ 34.87, -16.47 ] } },
{ "type": "Feature", "properties": { "date": "2022-08-15", "region": "Southern Region", "district": "Nsanje", "market": "Ngabu", "commodity": "Maize", "price": 350.0, "pct_change": 55.56, "zscore": 2.953, "spike_severity": "Severe" }, "geometry": { "type": "Point", "coordinates": [ 34.87, -16.47 ] } },
{ "type": "Feature", "properties": { "date": "2025-09-15", "region": "Southern Region", "district": "Nsanje", "market": "Ngabu", "commodity": "Maize", "price": 1521.74, "pct_change": 338.54, "zscore": 3.122, "spike_severity": "Critical" }, "geometry": { "type": "Point", "coordinates": [ 34.87, -16.47 ] } },
{ "type": "Feature", "properties": { "date": "2023-01-15", "region": "Southern Region", "district": "Nsanje", "market": "Ngabu", "commodity": "Maize (new harvest)", "price": 511.25, "pct_change": 246.61, "zscore": 2.217, "spike_severity": "Severe" }, "geometry": { "type": "Point", "coordinates": [ 34.87, -16.47 ] } },
{ "type": "Feature", "properties": { "date": "2024-11-15", "region": "Southern Region", "district": "Nsanje", "market": "Ngabu", "commodity": "Maize (new harvest)", "price": 1100.0, "pct_change": 26.44, "zscore": 1.871, "spike_severity": "Moderate" }, "geometry": { "type": "Point", "coordinates": [ 34.87, -16.47 ] } },
{ "type": "Feature", "properties": { "date": "2025-01-15", "region": "Southern Region", "district": "Nsanje", "market": "Ngabu", "commodity": "Maize (new harvest)", "price": 1483.33, "pct_change": 34.85, "zscore": 2.366, "spike_severity": "Moderate" }, "geometry": { "type": "Point", "coordinates": [ 34.87, -16.47 ] } },
{ "type": "Feature", "properties": { "date": "2025-10-15", "region": "Southern Region", "district": "Nsanje", "market": "Ngabu", "commodity": "Millet", "price": 2000.0, "pct_change": 433.33, "zscore": 2.038, "spike_severity": "Severe" }, "geometry": { "type": "Point", "coordinates": [ 34.87, -16.47 ] } },
{ "type": "Feature", "properties": { "date": "2026-02-15", "region": "Southern Region", "district": "Nsanje", "market": "Ngabu", "commodity": "Millet", "price": 3000.0, "pct_change": 50.0, "zscore": 1.864, "spike_severity": "Moderate" }, "geometry": { "type": "Point", "coordinates": [ 34.87, -16.47 ] } },
{ "type": "Feature", "properties": { "date": "2025-04-15", "region": "Southern Region", "district": "Nsanje", "market": "Ngabu", "commodity": "Oil (vegetable)", "price": 7427.08, "pct_change": 460.53, "zscore": 2.264, "spike_severity": "Severe" }, "geometry": { "type": "Point", "coordinates": [ 34.87, -16.47 ] } },
{ "type": "Feature", "properties": { "date": "2023-01-15", "region": "Southern Region", "district": "Nsanje", "market": "Ngabu", "commodity": "Pigeon peas", "price": 745.31, "pct_change": 24.22, "zscore": 2.187, "spike_severity": "Moderate" }, "geometry": { "type": "Point", "coordinates": [ 34.87, -16.47 ] } },
{ "type": "Feature", "properties": { "date": "2023-08-15", "region": "Southern Region", "district": "Nsanje", "market": "Ngabu", "commodity": "Pigeon peas", "price": 800.0, "pct_change": 28.0, "zscore": 1.743, "spike_severity": "Moderate" }, "geometry": { "type": "Point", "coordinates": [ 34.87, -16.47 ] } },
{ "type": "Feature", "properties": { "date": "2023-09-15", "region": "Southern Region", "district": "Nsanje", "market": "Ngabu", "commodity": "Pigeon peas", "price": 1066.67, "pct_change": 33.33, "zscore": 2.663, "spike_severity": "Moderate" }, "geometry": { "type": "Point", "coordinates": [ 34.87, -16.47 ] } },
{ "type": "Feature", "properties": { "date": "2024-01-15", "region": "Southern Region", "district": "Nsanje", "market": "Ngabu", "commodity": "Pigeon peas", "price": 1658.82, "pct_change": 20.64, "zscore": 1.978, "spike_severity": "Moderate" }, "geometry": { "type": "Point", "coordinates": [ 34.87, -16.47 ] } },
{ "type": "Feature", "properties": { "date": "2024-10-15", "region": "Southern Region", "district": "Nsanje", "market": "Ngabu", "commodity": "Pigeon peas", "price": 2900.0, "pct_change": 45.0, "zscore": 2.261, "spike_severity": "Severe" }, "geometry": { "type": "Point", "coordinates": [ 34.87, -16.47 ] } },
{ "type": "Feature", "properties": { "date": "2025-01-15", "region": "Southern Region", "district": "Nsanje", "market": "Ngabu", "commodity": "Pigeon peas", "price": 3062.5, "pct_change": 22.5, "zscore": 1.703, "spike_severity": "Moderate" }, "geometry": { "type": "Point", "coordinates": [ 34.87, -16.47 ] } },
{ "type": "Feature", "properties": { "date": "2025-04-15", "region": "Southern Region", "district": "Nsanje", "market": "Ngabu", "commodity": "Rice", "price": 5000.0, "pct_change": 525.0, "zscore": 2.267, "spike_severity": "Severe" }, "geometry": { "type": "Point", "coordinates": [ 34.87, -16.47 ] } },
{ "type": "Feature", "properties": { "date": "2025-07-15", "region": "Southern Region", "district": "Nsanje", "market": "Ngabu", "commodity": "Sorghum", "price": 800.0, "pct_change": 515.38, "zscore": 2.17, "spike_severity": "Severe" }, "geometry": { "type": "Point", "coordinates": [ 34.87, -16.47 ] } },
{ "type": "Feature", "properties": { "date": "2025-09-15", "region": "Southern Region", "district": "Nsanje", "market": "Ngabu", "commodity": "Sorghum", "price": 1000.0, "pct_change": 25.0, "zscore": 1.889, "spike_severity": "Moderate" }, "geometry": { "type": "Point", "coordinates": [ 34.87, -16.47 ] } },
{ "type": "Feature", "properties": { "date": "2025-12-15", "region": "Southern Region", "district": "Nsanje", "market": "Ngabu", "commodity": "Sorghum", "price": 2000.0, "pct_change": 100.0, "zscore": 2.338, "spike_severity": "Severe" }, "geometry": { "type": "Point", "coordinates": [ 34.87, -16.47 ] } },
{ "type": "Feature", "properties": { "date": "2025-10-15", "region": "Southern Region", "district": "Nsanje", "market": "Ngabu", "commodity": "Soybeans", "price": 3500.0, "pct_change": 75.0, "zscore": 1.745, "spike_severity": "Moderate" }, "geometry": { "type": "Point", "coordinates": [ 34.87, -16.47 ] } },
{ "type": "Feature", "properties": { "date": "2025-04-15", "region": "Southern Region", "district": "Nsanje", "market": "Ngabu", "commodity": "Sugar", "price": 3543.75, "pct_change": 329.55, "zscore": 2.267, "spike_severity": "Severe" }, "geometry": { "type": "Point", "coordinates": [ 34.87, -16.47 ] } },
{ "type": "Feature", "properties": { "date": "2025-04-15", "region": "Southern Region", "district": "Nsanje", "market": "Ngabu", "commodity": "Sweet potatoes", "price": 555.56, "pct_change": 70.94, "zscore": 2.027, "spike_severity": "Severe" }, "geometry": { "type": "Point", "coordinates": [ 34.87, -16.47 ] } },
{ "type": "Feature", "properties": { "date": "2025-08-15", "region": "Southern Region", "district": "Nsanje", "market": "Ngabu", "commodity": "Sweet potatoes", "price": 1111.11, "pct_change": 100.0, "zscore": 2.671, "spike_severity": "Critical" }, "geometry": { "type": "Point", "coordinates": [ 34.87, -16.47 ] } },
{ "type": "Feature", "properties": { "date": "2026-02-15", "region": "Southern Region", "district": "Nsanje", "market": "Ngabu", "commodity": "Tomatoes", "price": 3000.0, "pct_change": 100.0, "zscore": 1.747, "spike_severity": "Moderate" }, "geometry": { "type": "Point", "coordinates": [ 34.87, -16.47 ] } },
{ "type": "Feature", "properties": { "date": "2021-02-15", "region": "Southern Region", "district": "Nsanje", "market": "Nsanje Boma", "commodity": "Beans", "price": 1433.33, "pct_change": 33.96, "zscore": 1.575, "spike_severity": "Moderate" }, "geometry": { "type": "Point", "coordinates": [ 35.26, -16.93 ] } },
{ "type": "Feature", "properties": { "date": "2023-06-15", "region": "Southern Region", "district": "Nsanje", "market": "Nsanje Boma", "commodity": "Beans", "price": 1800.0, "pct_change": 45.29, "zscore": 1.807, "spike_severity": "Moderate" }, "geometry": { "type": "Point", "coordinates": [ 35.26, -16.93 ] } },
{ "type": "Feature", "properties": { "date": "2024-01-15", "region": "Southern Region", "district": "Nsanje", "market": "Nsanje Boma", "commodity": "Beans", "price": 2691.18, "pct_change": 20.95, "zscore": 2.181, "spike_severity": "Moderate" }, "geometry": { "type": "Point", "coordinates": [ 35.26, -16.93 ] } },
{ "type": "Feature", "properties": { "date": "2024-05-15", "region": "Southern Region", "district": "Nsanje", "market": "Nsanje Boma", "commodity": "Beans", "price": 4000.0, "pct_change": 39.53, "zscore": 2.295, "spike_severity": "Moderate" }, "geometry": { "type": "Point", "coordinates": [ 35.26, -16.93 ] } },
{ "type": "Feature", "properties": { "date": "2024-10-15", "region": "Southern Region", "district": "Nsanje", "market": "Nsanje Boma", "commodity": "Beans", "price": 4950.0, "pct_change": 22.22, "zscore": 1.868, "spike_severity": "Moderate" }, "geometry": { "type": "Point", "coordinates": [ 35.26, -16.93 ] } },
{ "type": "Feature", "properties": { "date": "2023-01-15", "region": "Southern Region", "district": "Nsanje", "market": "Nsanje Boma", "commodity": "Cowpeas", "price": 845.31, "pct_change": 40.88, "zscore": 2.127, "spike_severity": "Severe" }, "geometry": { "type": "Point", "coordinates": [ 35.26, -16.93 ] } },
{ "type": "Feature", "properties": { "date": "2023-10-15", "region": "Southern Region", "district": "Nsanje", "market": "Nsanje Boma", "commodity": "Cowpeas", "price": 1100.0, "pct_change": 29.41, "zscore": 2.103, "spike_severity": "Moderate" }, "geometry": { "type": "Point", "coordinates": [ 35.26, -16.93 ] } },
{ "type": "Feature", "properties": { "date": "2024-09-15", "region": "Southern Region", "district": "Nsanje", "market": "Nsanje Boma", "commodity": "Cowpeas", "price": 2175.0, "pct_change": 20.83, "zscore": 1.899, "spike_severity": "Moderate" }, "geometry": { "type": "Point", "coordinates": [ 35.26, -16.93 ] } },
{ "type": "Feature", "properties": { "date": "2025-01-15", "region": "Southern Region", "district": "Nsanje", "market": "Nsanje Boma", "commodity": "Cowpeas", "price": 2926.47, "pct_change": 23.94, "zscore": 2.031, "spike_severity": "Moderate" }, "geometry": { "type": "Point", "coordinates": [ 35.26, -16.93 ] } },
{ "type": "Feature", "properties": { "date": "2026-01-15", "region": "Southern Region", "district": "Nsanje", "market": "Nsanje Boma", "commodity": "Exotic vegetables", "price": 1340.0, "pct_change": 86.98, "zscore": 1.62, "spike_severity": "Moderate" }, "geometry": { "type": "Point", "coordinates": [ 35.26, -16.93 ] } },
{ "type": "Feature", "properties": { "date": "2022-01-15", "region": "Southern Region", "district": "Nsanje", "market": "Nsanje Boma", "commodity": "Maize", "price": 223.0, "pct_change": 35.15, "zscore": 2.428, "spike_severity": "Moderate" }, "geometry": { "type": "Point", "coordinates": [ 35.26, -16.93 ] } },
{ "type": "Feature", "properties": { "date": "2022-08-15", "region": "Southern Region", "district": "Nsanje", "market": "Nsanje Boma", "commodity": "Maize", "price": 355.0, "pct_change": 61.36, "zscore": 2.76, "spike_severity": "Critical" }, "geometry": { "type": "Point", "coordinates": [ 35.26, -16.93 ] } },
{ "type": "Feature", "properties": { "date": "2025-09-15", "region": "Southern Region", "district": "Nsanje", "market": "Nsanje Boma", "commodity": "Maize", "price": 1450.72, "pct_change": 314.49, "zscore": 3.121, "spike_severity": "Critical" }, "geometry": { "type": "Point", "coordinates": [ 35.26, -16.93 ] } },
{ "type": "Feature", "properties": { "date": "2023-01-15", "region": "Southern Region", "district": "Nsanje", "market": "Nsanje Boma", "commodity": "Maize (new harvest)", "price": 532.19, "pct_change": 254.79, "zscore": 2.224, "spike_severity": "Severe" }, "geometry": { "type": "Point", "coordinates": [ 35.26, -16.93 ] } },
{ "type": "Feature", "properties": { "date": "2023-07-15", "region": "Southern Region", "district": "Nsanje", "market": "Nsanje Boma", "commodity": "Maize (new harvest)", "price": 700.0, "pct_change": 40.0, "zscore": 1.651, "spike_severity": "Moderate" }, "geometry": { "type": "Point", "coordinates": [ 35.26, -16.93 ] } },
{ "type": "Feature", "properties": { "date": "2025-01-15", "region": "Southern Region", "district": "Nsanje", "market": "Nsanje Boma", "commodity": "Maize (new harvest)", "price": 1329.41, "pct_change": 24.63, "zscore": 2.264, "spike_severity": "Moderate" }, "geometry": { "type": "Point", "coordinates": [ 35.26, -16.93 ] } },
{ "type": "Feature", "properties": { "date": "2025-02-15", "region": "Southern Region", "district": "Nsanje", "market": "Nsanje Boma", "commodity": "Maize (new harvest)", "price": 1778.57, "pct_change": 33.79, "zscore": 2.549, "spike_severity": "Moderate" }, "geometry": { "type": "Point", "coordinates": [ 35.26, -16.93 ] } },
{ "type": "Feature", "properties": { "date": "2025-03-15", "region": "Southern Region", "district": "Nsanje", "market": "Nsanje Boma", "commodity": "Oil (vegetable)", "price": 6000.0, "pct_change": 471.43, "zscore": 2.267, "spike_severity": "Severe" }, "geometry": { "type": "Point", "coordinates": [ 35.26, -16.93 ] } },
{ "type": "Feature", "properties": { "date": "2023-11-15", "region": "Southern Region", "district": "Nsanje", "market": "Nsanje Boma", "commodity": "Pigeon peas", "price": 1200.0, "pct_change": 22.03, "zscore": 2.154, "spike_severity": "Moderate" }, "geometry": { "type": "Point", "coordinates": [ 35.26, -16.93 ] } },
{ "type": "Feature", "properties": { "date": "2023-12-15", "region": "Southern Region", "district": "Nsanje", "market": "Nsanje Boma", "commodity": "Pigeon peas", "price": 1475.0, "pct_change": 22.92, "zscore": 2.343, "spike_severity": "Moderate" }, "geometry": { "type": "Point", "coordinates": [ 35.26, -16.93 ] } },
{ "type": "Feature", "properties": { "date": "2024-02-15", "region": "Southern Region", "district": "Nsanje", "market": "Nsanje Boma", "commodity": "Pigeon peas", "price": 2000.0, "pct_change": 27.58, "zscore": 2.201, "spike_severity": "Moderate" }, "geometry": { "type": "Point", "coordinates": [ 35.26, -16.93 ] } },
{ "type": "Feature", "properties": { "date": "2024-12-15", "region": "Southern Region", "district": "Nsanje", "market": "Nsanje Boma", "commodity": "Pigeon peas", "price": 2416.67, "pct_change": 20.83, "zscore": 1.608, "spike_severity": "Moderate" }, "geometry": { "type": "Point", "coordinates": [ 35.26, -16.93 ] } },
{ "type": "Feature", "properties": { "date": "2025-01-15", "region": "Southern Region", "district": "Nsanje", "market": "Nsanje Boma", "commodity": "Pigeon peas", "price": 3000.0, "pct_change": 24.14, "zscore": 2.067, "spike_severity": "Moderate" }, "geometry": { "type": "Point", "coordinates": [ 35.26, -16.93 ] } },
{ "type": "Feature", "properties": { "date": "2025-05-15", "region": "Southern Region", "district": "Nsanje", "market": "Nsanje Boma", "commodity": "Rice", "price": 3769.23, "pct_change": 371.15, "zscore": 2.466, "spike_severity": "Severe" }, "geometry": { "type": "Point", "coordinates": [ 35.26, -16.93 ] } },
{ "type": "Feature", "properties": { "date": "2025-08-15", "region": "Southern Region", "district": "Nsanje", "market": "Nsanje Boma", "commodity": "Rice", "price": 4000.0, "pct_change": 33.33, "zscore": 1.548, "spike_severity": "Moderate" }, "geometry": { "type": "Point", "coordinates": [ 35.26, -16.93 ] } },
{ "type": "Feature", "properties": { "date": "2025-12-15", "region": "Southern Region", "district": "Nsanje", "market": "Nsanje Boma", "commodity": "Soybeans", "price": 5000.0, "pct_change": 150.0, "zscore": 1.775, "spike_severity": "Moderate" }, "geometry": { "type": "Point", "coordinates": [ 35.26, -16.93 ] } },
{ "type": "Feature", "properties": { "date": "2025-03-15", "region": "Southern Region", "district": "Nsanje", "market": "Nsanje Boma", "commodity": "Sugar", "price": 3700.0, "pct_change": 289.47, "zscore": 2.268, "spike_severity": "Severe" }, "geometry": { "type": "Point", "coordinates": [ 35.26, -16.93 ] } },
{ "type": "Feature", "properties": { "date": "2025-06-15", "region": "Southern Region", "district": "Nsanje", "market": "Nsanje Boma", "commodity": "Sugar", "price": 4895.0, "pct_change": 24.48, "zscore": 1.673, "spike_severity": "Moderate" }, "geometry": { "type": "Point", "coordinates": [ 35.26, -16.93 ] } },
{ "type": "Feature", "properties": { "date": "2021-04-15", "region": "Southern Region", "district": "Nsanje", "market": "Nsanje Boma", "commodity": "Sweet potatoes", "price": 400.0, "pct_change": 33.33, "zscore": 2.041, "spike_severity": "Moderate" }, "geometry": { "type": "Point", "coordinates": [ 35.26, -16.93 ] } },
{ "type": "Feature", "properties": { "date": "2025-03-15", "region": "Southern Region", "district": "Nsanje", "market": "Nsanje Boma", "commodity": "Sweet potatoes", "price": 555.56, "pct_change": 38.89, "zscore": 2.096, "spike_severity": "Moderate" }, "geometry": { "type": "Point", "coordinates": [ 35.26, -16.93 ] } },
{ "type": "Feature", "properties": { "date": "2025-04-15", "region": "Southern Region", "district": "Nsanje", "market": "Nsanje Boma", "commodity": "Sweet potatoes", "price": 798.61, "pct_change": 43.75, "zscore": 2.149, "spike_severity": "Severe" }, "geometry": { "type": "Point", "coordinates": [ 35.26, -16.93 ] } },
{ "type": "Feature", "properties": { "date": "2025-08-15", "region": "Southern Region", "district": "Nsanje", "market": "Nsanje Boma", "commodity": "Sweet potatoes", "price": 833.33, "pct_change": 50.0, "zscore": 1.816, "spike_severity": "Moderate" }, "geometry": { "type": "Point", "coordinates": [ 35.26, -16.93 ] } },
{ "type": "Feature", "properties": { "date": "2025-12-15", "region": "Southern Region", "district": "Nsanje", "market": "Nsanje Boma", "commodity": "Sweet potatoes", "price": 972.25, "pct_change": 74.87, "zscore": 1.604, "spike_severity": "Moderate" }, "geometry": { "type": "Point", "coordinates": [ 35.26, -16.93 ] } },
{ "type": "Feature", "properties": { "date": "2023-06-15", "region": "Southern Region", "district": "Nsanje", "market": "Sorgin", "commodity": "Beans", "price": 1800.0, "pct_change": 59.12, "zscore": 1.914, "spike_severity": "Moderate" }, "geometry": { "type": "Point", "coordinates": [ 35.01, -16.54 ] } },
{ "type": "Feature", "properties": { "date": "2024-05-15", "region": "Southern Region", "district": "Nsanje", "market": "Sorgin", "commodity": "Beans", "price": 4000.0, "pct_change": 52.38, "zscore": 2.324, "spike_severity": "Severe" }, "geometry": { "type": "Point", "coordinates": [ 35.01, -16.54 ] } },
{ "type": "Feature", "properties": { "date": "2021-01-15", "region": "Southern Region", "district": "Nsanje", "market": "Sorgin", "commodity": "Cowpeas", "price": 775.0, "pct_change": 29.17, "zscore": 1.503, "spike_severity": "Moderate" }, "geometry": { "type": "Point", "coordinates": [ 35.01, -16.54 ] } },
{ "type": "Feature", "properties": { "date": "2023-07-15", "region": "Southern Region", "district": "Nsanje", "market": "Sorgin", "commodity": "Cowpeas", "price": 1000.0, "pct_change": 29.03, "zscore": 1.952, "spike_severity": "Moderate" }, "geometry": { "type": "Point", "coordinates": [ 35.01, -16.54 ] } },
{ "type": "Feature", "properties": { "date": "2024-01-15", "region": "Southern Region", "district": "Nsanje", "market": "Sorgin", "commodity": "Cowpeas", "price": 1673.53, "pct_change": 21.71, "zscore": 2.219, "spike_severity": "Moderate" }, "geometry": { "type": "Point", "coordinates": [ 35.01, -16.54 ] } },
{ "type": "Feature", "properties": { "date": "2025-01-15", "region": "Southern Region", "district": "Nsanje", "market": "Sorgin", "commodity": "Cowpeas", "price": 3000.0, "pct_change": 34.27, "zscore": 2.072, "spike_severity": "Moderate" }, "geometry": { "type": "Point", "coordinates": [ 35.01, -16.54 ] } },
{ "type": "Feature", "properties": { "date": "2025-02-15", "region": "Southern Region", "district": "Nsanje", "market": "Sorgin", "commodity": "Cowpeas", "price": 4555.56, "pct_change": 51.85, "zscore": 2.589, "spike_severity": "Severe" }, "geometry": { "type": "Point", "coordinates": [ 35.01, -16.54 ] } },
{ "type": "Feature", "properties": { "date": "2026-01-15", "region": "Southern Region", "district": "Nsanje", "market": "Sorgin", "commodity": "Exotic vegetables", "price": 800.0, "pct_change": 52.38, "zscore": 1.565, "spike_severity": "Moderate" }, "geometry": { "type": "Point", "coordinates": [ 35.01, -16.54 ] } },
{ "type": "Feature", "properties": { "date": "2026-02-15", "region": "Southern Region", "district": "Nsanje", "market": "Sorgin", "commodity": "Exotic vegetables", "price": 1000.0, "pct_change": 25.0, "zscore": 1.504, "spike_severity": "Moderate" }, "geometry": { "type": "Point", "coordinates": [ 35.01, -16.54 ] } },
{ "type": "Feature", "properties": { "date": "2026-01-15", "region": "Southern Region", "district": "Nsanje", "market": "Sorgin", "commodity": "Fish (small, dry)", "price": 16000.0, "pct_change": 100.0, "zscore": 1.565, "spike_severity": "Moderate" }, "geometry": { "type": "Point", "coordinates": [ 35.01, -16.54 ] } },
{ "type": "Feature", "properties": { "date": "2025-12-15", "region": "Southern Region", "district": "Nsanje", "market": "Sorgin", "commodity": "Groundnuts (shelled)", "price": 7500.0, "pct_change": 25.0, "zscore": 1.589, "spike_severity": "Moderate" }, "geometry": { "type": "Point", "coordinates": [ 35.01, -16.54 ] } },
{ "type": "Feature", "properties": { "date": "2021-10-15", "region": "Southern Region", "district": "Nsanje", "market": "Sorgin", "commodity": "Maize", "price": 513.0, "pct_change": 208.7, "zscore": 2.497, "spike_severity": "Severe" }, "geometry": { "type": "Point", "coordinates": [ 35.01, -16.54 ] } },
{ "type": "Feature", "properties": { "date": "2025-09-15", "region": "Southern Region", "district": "Nsanje", "market": "Sorgin", "commodity": "Maize", "price": 1543.48, "pct_change": 347.39, "zscore": 3.048, "spike_severity": "Critical" }, "geometry": { "type": "Point", "coordinates": [ 35.01, -16.54 ] } },
{ "type": "Feature", "properties": { "date": "2023-01-15", "region": "Southern Region", "district": "Nsanje", "market": "Sorgin", "commodity": "Maize (new harvest)", "price": 523.44, "pct_change": 273.89, "zscore": 1.756, "spike_severity": "Moderate" }, "geometry": { "type": "Point", "coordinates": [ 35.01, -16.54 ] } },
{ "type": "Feature", "properties": { "date": "2025-02-15", "region": "Southern Region", "district": "Nsanje", "market": "Sorgin", "commodity": "Maize (new harvest)", "price": 1711.11, "pct_change": 24.84, "zscore": 2.255, "spike_severity": "Moderate" }, "geometry": { "type": "Point", "coordinates": [ 35.01, -16.54 ] } },
{ "type": "Feature", "properties": { "date": "2025-09-15", "region": "Southern Region", "district": "Nsanje", "market": "Sorgin", "commodity": "Millet", "price": 1600.0, "pct_change": 611.11, "zscore": 1.787, "spike_severity": "Moderate" }, "geometry": { "type": "Point", "coordinates": [ 35.01, -16.54 ] } },
{ "type": "Feature", "properties": { "date": "2025-03-15", "region": "Southern Region", "district": "Nsanje", "market": "Sorgin", "commodity": "Oil (vegetable)", "price": 7500.0, "pct_change": 476.92, "zscore": 1.784, "spike_severity": "Moderate" }, "geometry": { "type": "Point", "coordinates": [ 35.01, -16.54 ] } },
{ "type": "Feature", "properties": { "date": "2023-07-15", "region": "Southern Region", "district": "Nsanje", "market": "Sorgin", "commodity": "Pigeon peas", "price": 1000.0, "pct_change": 60.0, "zscore": 1.852, "spike_severity": "Moderate" }, "geometry": { "type": "Point", "coordinates": [ 35.01, -16.54 ] } },
{ "type": "Feature", "properties": { "date": "2023-12-15", "region": "Southern Region", "district": "Nsanje", "market": "Sorgin", "commodity": "Pigeon peas", "price": 1450.0, "pct_change": 20.83, "zscore": 1.903, "spike_severity": "Moderate" }, "geometry": { "type": "Point", "coordinates": [ 35.01, -16.54 ] } },
{ "type": "Feature", "properties": { "date": "2024-12-15", "region": "Southern Region", "district": "Nsanje", "market": "Sorgin", "commodity": "Pigeon peas", "price": 2611.11, "pct_change": 30.56, "zscore": 1.868, "spike_severity": "Moderate" }, "geometry": { "type": "Point", "coordinates": [ 35.01, -16.54 ] } },
{ "type": "Feature", "properties": { "date": "2025-06-15", "region": "Southern Region", "district": "Nsanje", "market": "Sorgin", "commodity": "Rice", "price": 3000.0, "pct_change": 275.0, "zscore": 1.787, "spike_severity": "Moderate" }, "geometry": { "type": "Point", "coordinates": [ 35.01, -16.54 ] } },
{ "type": "Feature", "properties": { "date": "2025-09-15", "region": "Southern Region", "district": "Nsanje", "market": "Sorgin", "commodity": "Sorghum", "price": 1600.0, "pct_change": 481.82, "zscore": 1.784, "spike_severity": "Moderate" }, "geometry": { "type": "Point", "coordinates": [ 35.01, -16.54 ] } },
{ "type": "Feature", "properties": { "date": "2026-02-15", "region": "Southern Region", "district": "Nsanje", "market": "Sorgin", "commodity": "Soybeans", "price": 3000.0, "pct_change": 100.0, "zscore": 1.853, "spike_severity": "Moderate" }, "geometry": { "type": "Point", "coordinates": [ 35.01, -16.54 ] } },
{ "type": "Feature", "properties": { "date": "2025-03-15", "region": "Southern Region", "district": "Nsanje", "market": "Sorgin", "commodity": "Sugar", "price": 3800.0, "pct_change": 360.61, "zscore": 1.789, "spike_severity": "Moderate" }, "geometry": { "type": "Point", "coordinates": [ 35.01, -16.54 ] } },
{ "type": "Feature", "properties": { "date": "2025-03-15", "region": "Southern Region", "district": "Nsanje", "market": "Sorgin", "commodity": "Sweet potatoes", "price": 555.56, "pct_change": 79.21, "zscore": 1.658, "spike_severity": "Moderate" }, "geometry": { "type": "Point", "coordinates": [ 35.01, -16.54 ] } },
{ "type": "Feature", "properties": { "date": "2025-06-15", "region": "Southern Region", "district": "Nsanje", "market": "Sorgin", "commodity": "Sweet potatoes", "price": 814.81, "pct_change": 46.66, "zscore": 1.792, "spike_severity": "Moderate" }, "geometry": { "type": "Point", "coordinates": [ 35.01, -16.54 ] } },
{ "type": "Feature", "properties": { "date": "2025-07-15", "region": "Southern Region", "district": "Nsanje", "market": "Sorgin", "commodity": "Sweet potatoes", "price": 1111.11, "pct_change": 36.36, "zscore": 2.02, "spike_severity": "Moderate" }, "geometry": { "type": "Point", "coordinates": [ 35.01, -16.54 ] } },
{ "type": "Feature", "properties": { "date": "2025-10-15", "region": "Southern Region", "district": "Nsanje", "market": "Sorgin", "commodity": "Sweet potatoes", "price": 1111.0, "pct_change": 99.82, "zscore": 1.731, "spike_severity": "Moderate" }, "geometry": { "type": "Point", "coordinates": [ 35.01, -16.54 ] } },
{ "type": "Feature", "properties": { "date": "2021-01-15", "region": "Central Region", "district": "Ntcheu", "market": "Chimbiya", "commodity": "Beans", "price": 1025.0, "pct_change": 30.32, "zscore": 1.605, "spike_severity": "Moderate" }, "geometry": { "type": "Point", "coordinates": [ 34.58, -15.08 ] } },
{ "type": "Feature", "properties": { "date": "2023-01-15", "region": "Central Region", "district": "Ntcheu", "market": "Chimbiya", "commodity": "Beans", "price": 1475.0, "pct_change": 59.46, "zscore": 2.726, "spike_severity": "Severe" }, "geometry": { "type": "Point", "coordinates": [ 34.58, -15.08 ] } },
{ "type": "Feature", "properties": { "date": "2023-06-15", "region": "Central Region", "district": "Ntcheu", "market": "Chimbiya", "commodity": "Beans", "price": 1650.0, "pct_change": 57.14, "zscore": 2.265, "spike_severity": "Severe" }, "geometry": { "type": "Point", "coordinates": [ 34.58, -15.08 ] } },
{ "type": "Feature", "properties": { "date": "2024-01-15", "region": "Central Region", "district": "Ntcheu", "market": "Chimbiya", "commodity": "Beans", "price": 2690.0, "pct_change": 28.1, "zscore": 2.075, "spike_severity": "Moderate" }, "geometry": { "type": "Point", "coordinates": [ 34.58, -15.08 ] } },
{ "type": "Feature", "properties": { "date": "2024-05-15", "region": "Central Region", "district": "Ntcheu", "market": "Chimbiya", "commodity": "Beans", "price": 3425.0, "pct_change": 24.55, "zscore": 2.095, "spike_severity": "Moderate" }, "geometry": { "type": "Point", "coordinates": [ 34.58, -15.08 ] } },
{ "type": "Feature", "properties": { "date": "2025-04-15", "region": "Central Region", "district": "Ntcheu", "market": "Chimbiya", "commodity": "Beans", "price": 5725.0, "pct_change": 34.71, "zscore": 1.829, "spike_severity": "Moderate" }, "geometry": { "type": "Point", "coordinates": [ 34.58, -15.08 ] } },
{ "type": "Feature", "properties": { "date": "2025-04-15", "region": "Central Region", "district": "Ntcheu", "market": "Chimbiya", "commodity": "Cassava", "price": 3270.0, "pct_change": 1089.09, "zscore": 2.267, "spike_severity": "Severe" }, "geometry": { "type": "Point", "coordinates": [ 34.58, -15.08 ] } },
{ "type": "Feature", "properties": { "date": "2023-09-15", "region": "Central Region", "district": "Ntcheu", "market": "Chimbiya", "commodity": "Cowpeas", "price": 1116.67, "pct_change": 32.94, "zscore": 2.324, "spike_severity": "Moderate" }, "geometry": { "type": "Point", "coordinates": [ 34.58, -15.08 ] } },
{ "type": "Feature", "properties": { "date": "2023-12-15", "region": "Central Region", "district": "Ntcheu", "market": "Chimbiya", "commodity": "Cowpeas", "price": 1450.0, "pct_change": 26.09, "zscore": 2.286, "spike_severity": "Moderate" }, "geometry": { "type": "Point", "coordinates": [ 34.58, -15.08 ] } },
{ "type": "Feature", "properties": { "date": "2024-09-15", "region": "Central Region", "district": "Ntcheu", "market": "Chimbiya", "commodity": "Cowpeas", "price": 2300.0, "pct_change": 43.75, "zscore": 2.108, "spike_severity": "Severe" }, "geometry": { "type": "Point", "coordinates": [ 34.58, -15.08 ] } },
{ "type": "Feature", "properties": { "date": "2024-12-15", "region": "Central Region", "district": "Ntcheu", "market": "Chimbiya", "commodity": "Cowpeas", "price": 2611.11, "pct_change": 30.56, "zscore": 1.803, "spike_severity": "Moderate" }, "geometry": { "type": "Point", "coordinates": [ 34.58, -15.08 ] } },
{ "type": "Feature", "properties": { "date": "2025-04-15", "region": "Central Region", "district": "Ntcheu", "market": "Chimbiya", "commodity": "Cowpeas", "price": 4072.92, "pct_change": 30.92, "zscore": 2.222, "spike_severity": "Moderate" }, "geometry": { "type": "Point", "coordinates": [ 34.58, -15.08 ] } },
{ "type": "Feature", "properties": { "date": "2026-01-15", "region": "Central Region", "district": "Ntcheu", "market": "Chimbiya", "commodity": "Exotic vegetables", "price": 2000.0, "pct_change": 128.57, "zscore": 1.683, "spike_severity": "Moderate" }, "geometry": { "type": "Point", "coordinates": [ 34.58, -15.08 ] } },
{ "type": "Feature", "properties": { "date": "2026-01-15", "region": "Central Region", "district": "Ntcheu", "market": "Chimbiya", "commodity": "Local vegetables", "price": 1000.0, "pct_change": 60.0, "zscore": 1.572, "spike_severity": "Moderate" }, "geometry": { "type": "Point", "coordinates": [ 34.58, -15.08 ] } },
{ "type": "Feature", "properties": { "date": "2022-01-15", "region": "Central Region", "district": "Ntcheu", "market": "Chimbiya", "commodity": "Maize", "price": 177.5, "pct_change": 47.92, "zscore": 2.359, "spike_severity": "Severe" }, "geometry": { "type": "Point", "coordinates": [ 34.58, -15.08 ] } },
{ "type": "Feature", "properties": { "date": "2022-08-15", "region": "Central Region", "district": "Ntcheu", "market": "Chimbiya", "commodity": "Maize", "price": 310.0, "pct_change": 74.65, "zscore": 2.944, "spike_severity": "Critical" }, "geometry": { "type": "Point", "coordinates": [ 34.58, -15.08 ] } },
{ "type": "Feature", "properties": { "date": "2025-03-15", "region": "Central Region", "district": "Ntcheu", "market": "Chimbiya", "commodity": "Maize", "price": 1700.0, "pct_change": 466.67, "zscore": 3.136, "spike_severity": "Critical" }, "geometry": { "type": "Point", "coordinates": [ 34.58, -15.08 ] } },
{ "type": "Feature", "properties": { "date": "2023-01-15", "region": "Central Region", "district": "Ntcheu", "market": "Chimbiya", "commodity": "Maize (new harvest)", "price": 475.0, "pct_change": 352.38, "zscore": 2.205, "spike_severity": "Severe" }, "geometry": { "type": "Point", "coordinates": [ 34.58, -15.08 ] } },
{ "type": "Feature", "properties": { "date": "2023-07-15", "region": "Central Region", "district": "Ntcheu", "market": "Chimbiya", "commodity": "Maize (new harvest)", "price": 650.0, "pct_change": 35.42, "zscore": 1.862, "spike_severity": "Moderate" }, "geometry": { "type": "Point", "coordinates": [ 34.58, -15.08 ] } },
{ "type": "Feature", "properties": { "date": "2024-12-15", "region": "Central Region", "district": "Ntcheu", "market": "Chimbiya", "commodity": "Maize (new harvest)", "price": 1044.44, "pct_change": 22.88, "zscore": 2.021, "spike_severity": "Moderate" }, "geometry": { "type": "Point", "coordinates": [ 34.58, -15.08 ] } },
{ "type": "Feature", "properties": { "date": "2025-01-15", "region": "Central Region", "district": "Ntcheu", "market": "Chimbiya", "commodity": "Maize (new harvest)", "price": 1270.59, "pct_change": 21.65, "zscore": 2.254, "spike_severity": "Moderate" }, "geometry": { "type": "Point", "coordinates": [ 34.58, -15.08 ] } },
{ "type": "Feature", "properties": { "date": "2025-05-15", "region": "Central Region", "district": "Ntcheu", "market": "Chimbiya", "commodity": "Millet", "price": 1000.0, "pct_change": 455.56, "zscore": 1.994, "spike_severity": "Moderate" }, "geometry": { "type": "Point", "coordinates": [ 34.58, -15.08 ] } },
{ "type": "Feature", "properties": { "date": "2025-09-15", "region": "Central Region", "district": "Ntcheu", "market": "Chimbiya", "commodity": "Millet", "price": 2000.0, "pct_change": 100.0, "zscore": 2.219, "spike_severity": "Severe" }, "geometry": { "type": "Point", "coordinates": [ 34.58, -15.08 ] } },
{ "type": "Feature", "properties": { "date": "2025-10-15", "region": "Central Region", "district": "Ntcheu", "market": "Chimbiya", "commodity": "Millet", "price": 2868.42, "pct_change": 43.42, "zscore": 2.217, "spike_severity": "Severe" }, "geometry": { "type": "Point", "coordinates": [ 34.58, -15.08 ] } },
{ "type": "Feature", "properties": { "date": "2025-12-15", "region": "Central Region", "district": "Ntcheu", "market": "Chimbiya", "commodity": "Millet", "price": 3000.0, "pct_change": 31.51, "zscore": 1.706, "spike_severity": "Moderate" }, "geometry": { "type": "Point", "coordinates": [ 34.58, -15.08 ] } },
{ "type": "Feature", "properties": { "date": "2025-03-15", "region": "Central Region", "district": "Ntcheu", "market": "Chimbiya", "commodity": "Oil (vegetable)", "price": 7000.0, "pct_change": 344.44, "zscore": 2.262, "spike_severity": "Severe" }, "geometry": { "type": "Point", "coordinates": [ 34.58, -15.08 ] } },
{ "type": "Feature", "properties": { "date": "2023-12-15", "region": "Central Region", "district": "Ntcheu", "market": "Chimbiya", "commodity": "Pigeon peas", "price": 1500.0, "pct_change": 50.0, "zscore": 2.358, "spike_severity": "Severe" }, "geometry": { "type": "Point", "coordinates": [ 34.58, -15.08 ] } },
{ "type": "Feature", "properties": { "date": "2024-01-15", "region": "Central Region", "district": "Ntcheu", "market": "Chimbiya", "commodity": "Pigeon peas", "price": 1850.0, "pct_change": 23.33, "zscore": 2.312, "spike_severity": "Moderate" }, "geometry": { "type": "Point", "coordinates": [ 34.58, -15.08 ] } },
{ "type": "Feature", "properties": { "date": "2024-12-15", "region": "Central Region", "district": "Ntcheu", "market": "Chimbiya", "commodity": "Pigeon peas", "price": 2611.11, "pct_change": 30.56, "zscore": 1.773, "spike_severity": "Moderate" }, "geometry": { "type": "Point", "coordinates": [ 34.58, -15.08 ] } },
{ "type": "Feature", "properties": { "date": "2025-03-15", "region": "Central Region", "district": "Ntcheu", "market": "Chimbiya", "commodity": "Rice", "price": 4500.0, "pct_change": 579.25, "zscore": 2.266, "spike_severity": "Severe" }, "geometry": { "type": "Point", "coordinates": [ 34.58, -15.08 ] } },
{ "type": "Feature", "properties": { "date": "2025-04-15", "region": "Central Region", "district": "Ntcheu", "market": "Chimbiya", "commodity": "Sorghum", "price": 2000.0, "pct_change": 433.33, "zscore": 2.037, "spike_severity": "Severe" }, "geometry": { "type": "Point", "coordinates": [ 34.58, -15.08 ] } },
{ "type": "Feature", "properties": { "date": "2025-09-15", "region": "Central Region", "district": "Ntcheu", "market": "Chimbiya", "commodity": "Sorghum", "price": 2000.0, "pct_change": 116.22, "zscore": 1.808, "spike_severity": "Moderate" }, "geometry": { "type": "Point", "coordinates": [ 34.58, -15.08 ] } },
{ "type": "Feature", "properties": { "date": "2025-10-15", "region": "Central Region", "district": "Ntcheu", "market": "Chimbiya", "commodity": "Sorghum", "price": 2868.42, "pct_change": 43.42, "zscore": 2.205, "spike_severity": "Severe" }, "geometry": { "type": "Point", "coordinates": [ 34.58, -15.08 ] } },
{ "type": "Feature", "properties": { "date": "2025-12-15", "region": "Central Region", "district": "Ntcheu", "market": "Chimbiya", "commodity": "Sorghum", "price": 3000.0, "pct_change": 31.51, "zscore": 1.626, "spike_severity": "Moderate" }, "geometry": { "type": "Point", "coordinates": [ 34.58, -15.08 ] } },
{ "type": "Feature", "properties": { "date": "2025-10-15", "region": "Central Region", "district": "Ntcheu", "market": "Chimbiya", "commodity": "Soybeans", "price": 3000.0, "pct_change": 30.43, "zscore": 1.855, "spike_severity": "Moderate" }, "geometry": { "type": "Point", "coordinates": [ 34.58, -15.08 ] } },
{ "type": "Feature", "properties": { "date": "2026-01-15", "region": "Central Region", "district": "Ntcheu", "market": "Chimbiya", "commodity": "Soybeans", "price": 4500.0, "pct_change": 63.64, "zscore": 2.433, "spike_severity": "Severe" }, "geometry": { "type": "Point", "coordinates": [ 34.58, -15.08 ] } },
{ "type": "Feature", "properties": { "date": "2025-03-15", "region": "Central Region", "district": "Ntcheu", "market": "Chimbiya", "commodity": "Sugar", "price": 3800.0, "pct_change": 347.06, "zscore": 2.267, "spike_severity": "Severe" }, "geometry": { "type": "Point", "coordinates": [ 34.58, -15.08 ] } },
{ "type": "Feature", "properties": { "date": "2025-06-15", "region": "Central Region", "district": "Ntcheu", "market": "Chimbiya", "commodity": "Sugar", "price": 5116.67, "pct_change": 26.04, "zscore": 1.693, "spike_severity": "Moderate" }, "geometry": { "type": "Point", "coordinates": [ 34.58, -15.08 ] } },
{ "type": "Feature", "properties": { "date": "2025-03-15", "region": "Central Region", "district": "Ntcheu", "market": "Chimbiya", "commodity": "Sweet potatoes", "price": 555.56, "pct_change": 146.92, "zscore": 2.169, "spike_severity": "Severe" }, "geometry": { "type": "Point", "coordinates": [ 34.58, -15.08 ] } },
{ "type": "Feature", "properties": { "date": "2025-07-15", "region": "Central Region", "district": "Ntcheu", "market": "Chimbiya", "commodity": "Sweet potatoes", "price": 833.33, "pct_change": 50.0, "zscore": 1.711, "spike_severity": "Moderate" }, "geometry": { "type": "Point", "coordinates": [ 34.58, -15.08 ] } },
{ "type": "Feature", "properties": { "date": "2025-08-15", "region": "Central Region", "district": "Ntcheu", "market": "Chimbiya", "commodity": "Sweet potatoes", "price": 1111.11, "pct_change": 33.33, "zscore": 2.12, "spike_severity": "Moderate" }, "geometry": { "type": "Point", "coordinates": [ 34.58, -15.08 ] } },
{ "type": "Feature", "properties": { "date": "2022-07-15", "region": "Central Region", "district": "Ntcheu", "market": "Golomoti", "commodity": "Beans", "price": 1450.0, "pct_change": 31.82, "zscore": 1.906, "spike_severity": "Moderate" }, "geometry": { "type": "Point", "coordinates": [ 34.59, -14.43 ] } },
{ "type": "Feature", "properties": { "date": "2023-06-15", "region": "Central Region", "district": "Ntcheu", "market": "Golomoti", "commodity": "Beans", "price": 1725.0, "pct_change": 26.32, "zscore": 1.759, "spike_severity": "Moderate" }, "geometry": { "type": "Point", "coordinates": [ 34.59, -14.43 ] } },
{ "type": "Feature", "properties": { "date": "2024-01-15", "region": "Central Region", "district": "Ntcheu", "market": "Golomoti", "commodity": "Beans", "price": 3000.0, "pct_change": 34.83, "zscore": 2.63, "spike_severity": "Moderate" }, "geometry": { "type": "Point", "coordinates": [ 34.59, -14.43 ] } },
{ "type": "Feature", "properties": { "date": "2026-01-15", "region": "Central Region", "district": "Ntcheu", "market": "Golomoti", "commodity": "Beans", "price": 7500.0, "pct_change": 25.65, "zscore": 1.621, "spike_severity": "Moderate" }, "geometry": { "type": "Point", "coordinates": [ 34.59, -14.43 ] } },
{ "type": "Feature", "properties": { "date": "2025-05-15", "region": "Central Region", "district": "Ntcheu", "market": "Golomoti", "commodity": "Cassava", "price": 4000.0, "pct_change": 1677.78, "zscore": 2.041, "spike_severity": "Severe" }, "geometry": { "type": "Point", "coordinates": [ 34.59, -14.43 ] } },
{ "type": "Feature", "properties": { "date": "2023-12-15", "region": "Central Region", "district": "Ntcheu", "market": "Golomoti", "commodity": "Cowpeas", "price": 1125.0, "pct_change": 20.54, "zscore": 1.902, "spike_severity": "Moderate" }, "geometry": { "type": "Point", "coordinates": [ 34.59, -14.43 ] } },
{ "type": "Feature", "properties": { "date": "2024-01-15", "region": "Central Region", "district": "Ntcheu", "market": "Golomoti", "commodity": "Cowpeas", "price": 1600.0, "pct_change": 42.22, "zscore": 2.491, "spike_severity": "Severe" }, "geometry": { "type": "Point", "coordinates": [ 34.59, -14.43 ] } },
{ "type": "Feature", "properties": { "date": "2024-09-15", "region": "Central Region", "district": "Ntcheu", "market": "Golomoti", "commodity": "Cowpeas", "price": 1937.5, "pct_change": 29.17, "zscore": 1.582, "spike_severity": "Moderate" }, "geometry": { "type": "Point", "coordinates": [ 34.59, -14.43 ] } },
{ "type": "Feature", "properties": { "date": "2026-01-15", "region": "Central Region", "district": "Ntcheu", "market": "Golomoti", "commodity": "Exotic vegetables", "price": 1340.0, "pct_change": 155.24, "zscore": 1.734, "spike_severity": "Moderate" }, "geometry": { "type": "Point", "coordinates": [ 34.59, -14.43 ] } },
{ "type": "Feature", "properties": { "date": "2025-12-15", "region": "Central Region", "district": "Ntcheu", "market": "Golomoti", "commodity": "Fish (small, dry)", "price": 12000.0, "pct_change": 50.0, "zscore": 1.5, "spike_severity": "Moderate" }, "geometry": { "type": "Point", "coordinates": [ 34.59, -14.43 ] } },
{ "type": "Feature", "properties": { "date": "2026-01-15", "region": "Central Region", "district": "Ntcheu", "market": "Golomoti", "commodity": "Fish (small, dry)", "price": 16000.0, "pct_change": 33.33, "zscore": 1.565, "spike_severity": "Moderate" }, "geometry": { "type": "Point", "coordinates": [ 34.59, -14.43 ] } },
{ "type": "Feature", "properties": { "date": "2025-10-15", "region": "Central Region", "district": "Ntcheu", "market": "Golomoti", "commodity": "Groundnuts (shelled)", "price": 9000.0, "pct_change": 28.57, "zscore": 1.784, "spike_severity": "Moderate" }, "geometry": { "type": "Point", "coordinates": [ 34.59, -14.43 ] } },
{ "type": "Feature", "properties": { "date": "2022-01-15", "region": "Central Region", "district": "Ntcheu", "market": "Golomoti", "commodity": "Maize", "price": 210.0, "pct_change": 50.0, "zscore": 1.9, "spike_severity": "Moderate" }, "geometry": { "type": "Point", "coordinates": [ 34.59, -14.43 ] } },
{ "type": "Feature", "properties": { "date": "2022-08-15", "region": "Central Region", "district": "Ntcheu", "market": "Golomoti", "commodity": "Maize", "price": 310.0, "pct_change": 47.62, "zscore": 2.685, "spike_severity": "Severe" }, "geometry": { "type": "Point", "coordinates": [ 34.59, -14.43 ] } },
{ "type": "Feature", "properties": { "date": "2025-03-15", "region": "Central Region", "district": "Ntcheu", "market": "Golomoti", "commodity": "Maize", "price": 1500.0, "pct_change": 400.0, "zscore": 3.132, "spike_severity": "Critical" }, "geometry": { "type": "Point", "coordinates": [ 34.59, -14.43 ] } },
{ "type": "Feature", "properties": { "date": "2023-01-15", "region": "Central Region", "district": "Ntcheu", "market": "Golomoti", "commodity": "Maize (new harvest)", "price": 450.0, "pct_change": 350.0, "zscore": 2.114, "spike_severity": "Severe" }, "geometry": { "type": "Point", "coordinates": [ 34.59, -14.43 ] } },
{ "type": "Feature", "properties": { "date": "2023-07-15", "region": "Central Region", "district": "Ntcheu", "market": "Golomoti", "commodity": "Maize (new harvest)", "price": 651.87, "pct_change": 30.37, "zscore": 1.752, "spike_severity": "Moderate" }, "geometry": { "type": "Point", "coordinates": [ 34.59, -14.43 ] } },
{ "type": "Feature", "properties": { "date": "2025-01-15", "region": "Central Region", "district": "Ntcheu", "market": "Golomoti", "commodity": "Maize (new harvest)", "price": 1341.18, "pct_change": 30.85, "zscore": 2.403, "spike_severity": "Moderate" }, "geometry": { "type": "Point", "coordinates": [ 34.59, -14.43 ] } },
{ "type": "Feature", "properties": { "date": "2025-06-15", "region": "Central Region", "district": "Ntcheu", "market": "Golomoti", "commodity": "Millet", "price": 800.0, "pct_change": 128.57, "zscore": 2.029, "spike_severity": "Severe" }, "geometry": { "type": "Point", "coordinates": [ 34.59, -14.43 ] } },
{ "type": "Feature", "properties": { "date": "2025-08-15", "region": "Central Region", "district": "Ntcheu", "market": "Golomoti", "commodity": "Millet", "price": 1150.0, "pct_change": 43.75, "zscore": 1.925, "spike_severity": "Moderate" }, "geometry": { "type": "Point", "coordinates": [ 34.59, -14.43 ] } },
{ "type": "Feature", "properties": { "date": "2025-10-15", "region": "Central Region", "district": "Ntcheu", "market": "Golomoti", "commodity": "Millet", "price": 2600.0, "pct_change": 126.09, "zscore": 2.289, "spike_severity": "Severe" }, "geometry": { "type": "Point", "coordinates": [ 34.59, -14.43 ] } },
{ "type": "Feature", "properties": { "date": "2025-03-15", "region": "Central Region", "district": "Ntcheu", "market": "Golomoti", "commodity": "Oil (vegetable)", "price": 7000.0, "pct_change": 311.76, "zscore": 2.101, "spike_severity": "Severe" }, "geometry": { "type": "Point", "coordinates": [ 34.59, -14.43 ] } },
{ "type": "Feature", "properties": { "date": "2023-01-15", "region": "Central Region", "district": "Ntcheu", "market": "Golomoti", "commodity": "Pigeon peas", "price": 750.0, "pct_change": 50.0, "zscore": 1.732, "spike_severity": "Moderate" }, "geometry": { "type": "Point", "coordinates": [ 34.59, -14.43 ] } },
{ "type": "Feature", "properties": { "date": "2023-06-15", "region": "Central Region", "district": "Ntcheu", "market": "Golomoti", "commodity": "Pigeon peas", "price": 1000.0, "pct_change": 33.33, "zscore": 2.177, "spike_severity": "Moderate" }, "geometry": { "type": "Point", "coordinates": [ 34.59, -14.43 ] } },
{ "type": "Feature", "properties": { "date": "2024-02-15", "region": "Central Region", "district": "Ntcheu", "market": "Golomoti", "commodity": "Pigeon peas", "price": 1850.0, "pct_change": 48.0, "zscore": 2.553, "spike_severity": "Severe" }, "geometry": { "type": "Point", "coordinates": [ 34.59, -14.43 ] } },
{ "type": "Feature", "properties": { "date": "2025-04-15", "region": "Central Region", "district": "Ntcheu", "market": "Golomoti", "commodity": "Rice", "price": 3350.0, "pct_change": 458.33, "zscore": 2.26, "spike_severity": "Severe" }, "geometry": { "type": "Point", "coordinates": [ 34.59, -14.43 ] } },
{ "type": "Feature", "properties": { "date": "2025-06-15", "region": "Central Region", "district": "Ntcheu", "market": "Golomoti", "commodity": "Sorghum", "price": 800.0, "pct_change": 433.33, "zscore": 2.037, "spike_severity": "Severe" }, "geometry": { "type": "Point", "coordinates": [ 34.59, -14.43 ] } },
{ "type": "Feature", "properties": { "date": "2025-08-15", "region": "Central Region", "district": "Ntcheu", "market": "Golomoti", "commodity": "Sorghum", "price": 1250.0, "pct_change": 56.25, "zscore": 2.104, "spike_severity": "Severe" }, "geometry": { "type": "Point", "coordinates": [ 34.59, -14.43 ] } },
{ "type": "Feature", "properties": { "date": "2025-12-15", "region": "Central Region", "district": "Ntcheu", "market": "Golomoti", "commodity": "Sorghum", "price": 2000.0, "pct_change": 60.0, "zscore": 2.214, "spike_severity": "Severe" }, "geometry": { "type": "Point", "coordinates": [ 34.59, -14.43 ] } },
{ "type": "Feature", "properties": { "date": "2025-03-15", "region": "Central Region", "district": "Ntcheu", "market": "Golomoti", "commodity": "Sugar", "price": 3500.0, "pct_change": 311.76, "zscore": 2.268, "spike_severity": "Severe" }, "geometry": { "type": "Point", "coordinates": [ 34.59, -14.43 ] } },
{ "type": "Feature", "properties": { "date": "2025-06-15", "region": "Central Region", "district": "Ntcheu", "market": "Golomoti", "commodity": "Sugar", "price": 5230.0, "pct_change": 30.86, "zscore": 1.801, "spike_severity": "Moderate" }, "geometry": { "type": "Point", "coordinates": [ 34.59, -14.43 ] } },
{ "type": "Feature", "properties": { "date": "2025-03-15", "region": "Central Region", "district": "Ntcheu", "market": "Golomoti", "commodity": "Sweet potatoes", "price": 555.56, "pct_change": 122.22, "zscore": 2.099, "spike_severity": "Severe" }, "geometry": { "type": "Point", "coordinates": [ 34.59, -14.43 ] } },
{ "type": "Feature", "properties": { "date": "2025-05-15", "region": "Central Region", "district": "Ntcheu", "market": "Golomoti", "commodity": "Sweet potatoes", "price": 964.05, "pct_change": 46.13, "zscore": 2.168, "spike_severity": "Severe" }, "geometry": { "type": "Point", "coordinates": [ 34.59, -14.43 ] } },
{ "type": "Feature", "properties": { "date": "2025-09-15", "region": "Central Region", "district": "Ntcheu", "market": "Golomoti", "commodity": "Sweet potatoes", "price": 1111.0, "pct_change": 59.99, "zscore": 2.022, "spike_severity": "Severe" }, "geometry": { "type": "Point", "coordinates": [ 34.59, -14.43 ] } },
{ "type": "Feature", "properties": { "date": "2020-11-15", "region": "Central Region", "district": "Ntcheu", "market": "Kambilonje", "commodity": "Beans", "price": 676.67, "pct_change": 35.33, "zscore": 1.716, "spike_severity": "Moderate" }, "geometry": { "type": "Point", "coordinates": [ 34.67, -15.0 ] } },
{ "type": "Feature", "properties": { "date": "2021-01-15", "region": "Central Region", "district": "Ntcheu", "market": "Kambilonje", "commodity": "Beans", "price": 1123.53, "pct_change": 45.8, "zscore": 2.018, "spike_severity": "Severe" }, "geometry": { "type": "Point", "coordinates": [ 34.67, -15.0 ] } },
{ "type": "Feature", "properties": { "date": "2023-06-15", "region": "Central Region", "district": "Ntcheu", "market": "Kambilonje", "commodity": "Beans", "price": 1441.67, "pct_change": 31.06, "zscore": 1.985, "spike_severity": "Moderate" }, "geometry": { "type": "Point", "coordinates": [ 34.67, -15.0 ] } },
{ "type": "Feature", "properties": { "date": "2024-01-15", "region": "Central Region", "district": "Ntcheu", "market": "Kambilonje", "commodity": "Beans", "price": 2485.0, "pct_change": 24.25, "zscore": 1.972, "spike_severity": "Moderate" }, "geometry": { "type": "Point", "coordinates": [ 34.67, -15.0 ] } },
{ "type": "Feature", "properties": { "date": "2024-09-15", "region": "Central Region", "district": "Ntcheu", "market": "Kambilonje", "commodity": "Beans", "price": 3512.5, "pct_change": 25.45, "zscore": 2.067, "spike_severity": "Moderate" }, "geometry": { "type": "Point", "coordinates": [ 34.67, -15.0 ] } },
{ "type": "Feature", "properties": { "date": "2025-03-15", "region": "Central Region", "district": "Ntcheu", "market": "Kambilonje", "commodity": "Beans", "price": 4777.78, "pct_change": 25.21, "zscore": 1.772, "spike_severity": "Moderate" }, "geometry": { "type": "Point", "coordinates": [ 34.67, -15.0 ] } },
{ "type": "Feature", "properties": { "date": "2025-11-15", "region": "Central Region", "district": "Ntcheu", "market": "Kambilonje", "commodity": "Beans", "price": 6666.67, "pct_change": 21.21, "zscore": 2.172, "spike_severity": "Moderate" }, "geometry": { "type": "Point", "coordinates": [ 34.67, -15.0 ] } },
{ "type": "Feature", "properties": { "date": "2025-08-15", "region": "Central Region", "district": "Ntcheu", "market": "Kambilonje", "commodity": "Beans (new harvest)", "price": 5854.17, "pct_change": 20.63, "zscore": 1.662, "spike_severity": "Moderate" }, "geometry": { "type": "Point", "coordinates": [ 34.67, -15.0 ] } },
{ "type": "Feature", "properties": { "date": "2025-06-15", "region": "Central Region", "district": "Ntcheu", "market": "Kambilonje", "commodity": "Cowpeas", "price": 3000.0, "pct_change": 71.43, "zscore": 2.205, "spike_severity": "Severe" }, "geometry": { "type": "Point", "coordinates": [ 34.67, -15.0 ] } },
{ "type": "Feature", "properties": { "date": "2025-08-15", "region": "Central Region", "district": "Ntcheu", "market": "Kambilonje", "commodity": "Cowpeas", "price": 4500.0, "pct_change": 50.0, "zscore": 2.222, "spike_severity": "Severe" }, "geometry": { "type": "Point", "coordinates": [ 34.67, -15.0 ] } },
{ "type": "Feature", "properties": { "date": "2025-11-15", "region": "Central Region", "district": "Ntcheu", "market": "Kambilonje", "commodity": "Cowpeas", "price": 5500.0, "pct_change": 57.14, "zscore": 2.071, "spike_severity": "Severe" }, "geometry": { "type": "Point", "coordinates": [ 34.67, -15.0 ] } },
{ "type": "Feature", "properties": { "date": "2026-03-15", "region": "Central Region", "district": "Ntcheu", "market": "Kambilonje", "commodity": "Exotic vegetables", "price": 2000.0, "pct_change": 150.0, "zscore": 1.783, "spike_severity": "Moderate" }, "geometry": { "type": "Point", "coordinates": [ 34.67, -15.0 ] } },
{ "type": "Feature", "properties": { "date": "2022-09-15", "region": "Central Region", "district": "Ntcheu", "market": "Kambilonje", "commodity": "Maize", "price": 302.5, "pct_change": 89.06, "zscore": 2.812, "spike_severity": "Critical" }, "geometry": { "type": "Point", "coordinates": [ 34.67, -15.0 ] } },
{ "type": "Feature", "properties": { "date": "2025-04-15", "region": "Central Region", "district": "Ntcheu", "market": "Kambilonje", "commodity": "Maize", "price": 875.0, "pct_change": 189.26, "zscore": 3.079, "spike_severity": "Critical" }, "geometry": { "type": "Point", "coordinates": [ 34.67, -15.0 ] } },
{ "type": "Feature", "properties": { "date": "2025-09-15", "region": "Central Region", "district": "Ntcheu", "market": "Kambilonje", "commodity": "Maize", "price": 1188.89, "pct_change": 58.52, "zscore": 2.256, "spike_severity": "Severe" }, "geometry": { "type": "Point", "coordinates": [ 34.67, -15.0 ] } },
{ "type": "Feature", "properties": { "date": "2023-08-15", "region": "Central Region", "district": "Ntcheu", "market": "Kambilonje", "commodity": "Maize (new harvest)", "price": 600.0, "pct_change": 22.73, "zscore": 1.56, "spike_severity": "Moderate" }, "geometry": { "type": "Point", "coordinates": [ 34.67, -15.0 ] } },
{ "type": "Feature", "properties": { "date": "2025-02-15", "region": "Central Region", "district": "Ntcheu", "market": "Kambilonje", "commodity": "Maize (new harvest)", "price": 1252.63, "pct_change": 67.02, "zscore": 2.522, "spike_severity": "Critical" }, "geometry": { "type": "Point", "coordinates": [ 34.67, -15.0 ] } },
{ "type": "Feature", "properties": { "date": "2025-11-15", "region": "Central Region", "district": "Ntcheu", "market": "Kambilonje", "commodity": "Millet", "price": 5000.0, "pct_change": 66.67, "zscore": 1.533, "spike_severity": "Moderate" }, "geometry": { "type": "Point", "coordinates": [ 34.67, -15.0 ] } },
{ "type": "Feature", "properties": { "date": "2026-03-15", "region": "Central Region", "district": "Ntcheu", "market": "Kambilonje", "commodity": "Tomatoes", "price": 1500.0, "pct_change": 25.0, "zscore": 1.793, "spike_severity": "Moderate" }, "geometry": { "type": "Point", "coordinates": [ 34.67, -15.0 ] } },
{ "type": "Feature", "properties": { "date": "2023-08-15", "region": "Central Region", "district": "Ntcheu", "market": "Ntcheu Boma", "commodity": "Beans", "price": 1600.0, "pct_change": 33.33, "zscore": 1.675, "spike_severity": "Moderate" }, "geometry": { "type": "Point", "coordinates": [ 34.63, -14.82 ] } },
{ "type": "Feature", "properties": { "date": "2023-09-15", "region": "Central Region", "district": "Ntcheu", "market": "Ntcheu Boma", "commodity": "Beans", "price": 2100.0, "pct_change": 31.25, "zscore": 2.11, "spike_severity": "Moderate" }, "geometry": { "type": "Point", "coordinates": [ 34.63, -14.82 ] } },
{ "type": "Feature", "properties": { "date": "2024-01-15", "region": "Central Region", "district": "Ntcheu", "market": "Ntcheu Boma", "commodity": "Beans", "price": 2876.47, "pct_change": 36.97, "zscore": 1.853, "spike_severity": "Moderate" }, "geometry": { "type": "Point", "coordinates": [ 34.63, -14.82 ] } },
{ "type": "Feature", "properties": { "date": "2025-02-15", "region": "Central Region", "district": "Ntcheu", "market": "Ntcheu Boma", "commodity": "Beans", "price": 5197.37, "pct_change": 48.5, "zscore": 2.447, "spike_severity": "Severe" }, "geometry": { "type": "Point", "coordinates": [ 34.63, -14.82 ] } },
{ "type": "Feature", "properties": { "date": "2025-09-15", "region": "Central Region", "district": "Ntcheu", "market": "Ntcheu Boma", "commodity": "Cassava", "price": 2000.0, "pct_change": 900.0, "zscore": 1.991, "spike_severity": "Moderate" }, "geometry": { "type": "Point", "coordinates": [ 34.63, -14.82 ] } },
{ "type": "Feature", "properties": { "date": "2023-08-15", "region": "Central Region", "district": "Ntcheu", "market": "Ntcheu Boma", "commodity": "Cowpeas", "price": 1100.0, "pct_change": 120.0, "zscore": 1.607, "spike_severity": "Moderate" }, "geometry": { "type": "Point", "coordinates": [ 34.63, -14.82 ] } },
{ "type": "Feature", "properties": { "date": "2023-10-15", "region": "Central Region", "district": "Ntcheu", "market": "Ntcheu Boma", "commodity": "Cowpeas", "price": 1200.0, "pct_change": 100.0, "zscore": 1.699, "spike_severity": "Moderate" }, "geometry": { "type": "Point", "coordinates": [ 34.63, -14.82 ] } },
{ "type": "Feature", "properties": { "date": "2023-12-15", "region": "Central Region", "district": "Ntcheu", "market": "Ntcheu Boma", "commodity": "Cowpeas", "price": 1262.5, "pct_change": 34.67, "zscore": 1.615, "spike_severity": "Moderate" }, "geometry": { "type": "Point", "coordinates": [ 34.63, -14.82 ] } },
{ "type": "Feature", "properties": { "date": "2024-01-15", "region": "Central Region", "district": "Ntcheu", "market": "Ntcheu Boma", "commodity": "Cowpeas", "price": 1570.59, "pct_change": 24.4, "zscore": 1.989, "spike_severity": "Moderate" }, "geometry": { "type": "Point", "coordinates": [ 34.63, -14.82 ] } },
{ "type": "Feature", "properties": { "date": "2024-09-15", "region": "Central Region", "district": "Ntcheu", "market": "Ntcheu Boma", "commodity": "Cowpeas", "price": 2056.25, "pct_change": 37.08, "zscore": 1.747, "spike_severity": "Moderate" }, "geometry": { "type": "Point", "coordinates": [ 34.63, -14.82 ] } },
{ "type": "Feature", "properties": { "date": "2026-01-15", "region": "Central Region", "district": "Ntcheu", "market": "Ntcheu Boma", "commodity": "Exotic vegetables", "price": 1000.0, "pct_change": 70.94, "zscore": 1.589, "spike_severity": "Moderate" }, "geometry": { "type": "Point", "coordinates": [ 34.63, -14.82 ] } },
{ "type": "Feature", "properties": { "date": "2025-11-15", "region": "Central Region", "district": "Ntcheu", "market": "Ntcheu Boma", "commodity": "Groundnuts (shelled)", "price": 9750.0, "pct_change": 21.88, "zscore": 1.61, "spike_severity": "Moderate" }, "geometry": { "type": "Point", "coordinates": [ 34.63, -14.82 ] } },
{ "type": "Feature", "properties": { "date": "2026-01-15", "region": "Central Region", "district": "Ntcheu", "market": "Ntcheu Boma", "commodity": "Local vegetables", "price": 1000.0, "pct_change": 77.78, "zscore": 1.597, "spike_severity": "Moderate" }, "geometry": { "type": "Point", "coordinates": [ 34.63, -14.82 ] } },
{ "type": "Feature", "properties": { "date": "2022-09-15", "region": "Central Region", "district": "Ntcheu", "market": "Ntcheu Boma", "commodity": "Maize", "price": 330.0, "pct_change": 83.33, "zscore": 2.891, "spike_severity": "Critical" }, "geometry": { "type": "Point", "coordinates": [ 34.63, -14.82 ] } },
{ "type": "Feature", "properties": { "date": "2025-04-15", "region": "Central Region", "district": "Ntcheu", "market": "Ntcheu Boma", "commodity": "Maize", "price": 772.92, "pct_change": 134.22, "zscore": 3.016, "spike_severity": "Critical" }, "geometry": { "type": "Point", "coordinates": [ 34.63, -14.82 ] } },
{ "type": "Feature", "properties": { "date": "2025-09-15", "region": "Central Region", "district": "Ntcheu", "market": "Ntcheu Boma", "commodity": "Maize", "price": 1152.17, "pct_change": 64.6, "zscore": 2.36, "spike_severity": "Severe" }, "geometry": { "type": "Point", "coordinates": [ 34.63, -14.82 ] } },
{ "type": "Feature", "properties": { "date": "2023-01-15", "region": "Central Region", "district": "Ntcheu", "market": "Ntcheu Boma", "commodity": "Maize (new harvest)", "price": 420.0, "pct_change": 281.82, "zscore": 2.209, "spike_severity": "Severe" }, "geometry": { "type": "Point", "coordinates": [ 34.63, -14.82 ] } },
{ "type": "Feature", "properties": { "date": "2023-08-15", "region": "Central Region", "district": "Ntcheu", "market": "Ntcheu Boma", "commodity": "Maize (new harvest)", "price": 640.0, "pct_change": 42.22, "zscore": 1.983, "spike_severity": "Moderate" }, "geometry": { "type": "Point", "coordinates": [ 34.63, -14.82 ] } },
{ "type": "Feature", "properties": { "date": "2025-02-15", "region": "Central Region", "district": "Ntcheu", "market": "Ntcheu Boma", "commodity": "Maize (new harvest)", "price": 1348.68, "pct_change": 74.02, "zscore": 2.683, "spike_severity": "Critical" }, "geometry": { "type": "Point", "coordinates": [ 34.63, -14.82 ] } },
{ "type": "Feature", "properties": { "date": "2025-03-15", "region": "Central Region", "district": "Ntcheu", "market": "Ntcheu Boma", "commodity": "Maize (new harvest)", "price": 1644.44, "pct_change": 21.93, "zscore": 2.412, "spike_severity": "Moderate" }, "geometry": { "type": "Point", "coordinates": [ 34.63, -14.82 ] } },
{ "type": "Feature", "properties": { "date": "2025-11-15", "region": "Central Region", "district": "Ntcheu", "market": "Ntcheu Boma", "commodity": "Millet", "price": 1450.0, "pct_change": 123.08, "zscore": 2.126, "spike_severity": "Severe" }, "geometry": { "type": "Point", "coordinates": [ 34.63, -14.82 ] } },
{ "type": "Feature", "properties": { "date": "2025-04-15", "region": "Central Region", "district": "Ntcheu", "market": "Ntcheu Boma", "commodity": "Oil (vegetable)", "price": 8628.12, "pct_change": 354.11, "zscore": 2.265, "spike_severity": "Severe" }, "geometry": { "type": "Point", "coordinates": [ 34.63, -14.82 ] } },
{ "type": "Feature", "properties": { "date": "2025-09-15", "region": "Central Region", "district": "Ntcheu", "market": "Ntcheu Boma", "commodity": "Pigeon peas", "price": 3000.0, "pct_change": 58.65, "zscore": 1.639, "spike_severity": "Moderate" }, "geometry": { "type": "Point", "coordinates": [ 34.63, -14.82 ] } },
{ "type": "Feature", "properties": { "date": "2025-04-15", "region": "Central Region", "district": "Ntcheu", "market": "Ntcheu Boma", "commodity": "Rice", "price": 4700.0, "pct_change": 548.28, "zscore": 2.474, "spike_severity": "Severe" }, "geometry": { "type": "Point", "coordinates": [ 34.63, -14.82 ] } },
{ "type": "Feature", "properties": { "date": "2025-04-15", "region": "Central Region", "district": "Ntcheu", "market": "Ntcheu Boma", "commodity": "Sugar", "price": 3602.08, "pct_change": 323.77, "zscore": 2.267, "spike_severity": "Severe" }, "geometry": { "type": "Point", "coordinates": [ 34.63, -14.82 ] } },
{ "type": "Feature", "properties": { "date": "2025-06-15", "region": "Central Region", "district": "Ntcheu", "market": "Ntcheu Boma", "commodity": "Sugar", "price": 5428.33, "pct_change": 34.41, "zscore": 1.875, "spike_severity": "Moderate" }, "geometry": { "type": "Point", "coordinates": [ 34.63, -14.82 ] } },
{ "type": "Feature", "properties": { "date": "2025-04-15", "region": "Central Region", "district": "Ntcheu", "market": "Ntcheu Boma", "commodity": "Sweet potatoes", "price": 833.33, "pct_change": 177.78, "zscore": 1.756, "spike_severity": "Moderate" }, "geometry": { "type": "Point", "coordinates": [ 34.63, -14.82 ] } },
{ "type": "Feature", "properties": { "date": "2025-09-15", "region": "Central Region", "district": "Ntcheu", "market": "Ntcheu Boma", "commodity": "Sweet potatoes", "price": 1111.0, "pct_change": 99.98, "zscore": 2.291, "spike_severity": "Severe" }, "geometry": { "type": "Point", "coordinates": [ 34.63, -14.82 ] } },
{ "type": "Feature", "properties": { "date": "2023-04-15", "region": "Central Region", "district": "Ntchisi", "market": "Kamsonga", "commodity": "Beans", "price": 1150.0, "pct_change": 43.75, "zscore": 1.818, "spike_severity": "Moderate" }, "geometry": { "type": "Point", "coordinates": [ 33.8, -13.28 ] } },
{ "type": "Feature", "properties": { "date": "2023-07-15", "region": "Central Region", "district": "Ntchisi", "market": "Kamsonga", "commodity": "Beans", "price": 1577.78, "pct_change": 31.48, "zscore": 2.134, "spike_severity": "Moderate" }, "geometry": { "type": "Point", "coordinates": [ 33.8, -13.28 ] } },
{ "type": "Feature", "properties": { "date": "2023-12-15", "region": "Central Region", "district": "Ntchisi", "market": "Kamsonga", "commodity": "Beans", "price": 1950.0, "pct_change": 59.18, "zscore": 1.517, "spike_severity": "Moderate" }, "geometry": { "type": "Point", "coordinates": [ 33.8, -13.28 ] } },
{ "type": "Feature", "properties": { "date": "2024-01-15", "region": "Central Region", "district": "Ntchisi", "market": "Kamsonga", "commodity": "Beans", "price": 2405.88, "pct_change": 23.38, "zscore": 2.047, "spike_severity": "Moderate" }, "geometry": { "type": "Point", "coordinates": [ 33.8, -13.28 ] } },
{ "type": "Feature", "properties": { "date": "2024-06-15", "region": "Central Region", "district": "Ntchisi", "market": "Kamsonga", "commodity": "Beans", "price": 4000.0, "pct_change": 400.0, "zscore": 2.47, "spike_severity": "Severe" }, "geometry": { "type": "Point", "coordinates": [ 33.8, -13.28 ] } },
{ "type": "Feature", "properties": { "date": "2025-09-15", "region": "Central Region", "district": "Ntchisi", "market": "Kamsonga", "commodity": "Beans", "price": 5851.56, "pct_change": 95.05, "zscore": 1.686, "spike_severity": "Moderate" }, "geometry": { "type": "Point", "coordinates": [ 33.8, -13.28 ] } },
{ "type": "Feature", "properties": { "date": "2025-06-15", "region": "Central Region", "district": "Ntchisi", "market": "Kamsonga", "commodity": "Cassava", "price": 2000.0, "pct_change": 566.67, "zscore": 2.261, "spike_severity": "Severe" }, "geometry": { "type": "Point", "coordinates": [ 33.8, -13.28 ] } },
{ "type": "Feature", "properties": { "date": "2025-11-15", "region": "Central Region", "district": "Ntchisi", "market": "Kamsonga", "commodity": "Cassava", "price": 2800.0, "pct_change": 40.0, "zscore": 1.84, "spike_severity": "Moderate" }, "geometry": { "type": "Point", "coordinates": [ 33.8, -13.28 ] } },
{ "type": "Feature", "properties": { "date": "2025-02-15", "region": "Central Region", "district": "Ntchisi", "market": "Kamsonga", "commodity": "Cowpeas", "price": 3000.0, "pct_change": 76.47, "zscore": 2.164, "spike_severity": "Severe" }, "geometry": { "type": "Point", "coordinates": [ 33.8, -13.28 ] } },
{ "type": "Feature", "properties": { "date": "2025-08-15", "region": "Central Region", "district": "Ntchisi", "market": "Kamsonga", "commodity": "Cowpeas", "price": 3500.0, "pct_change": 40.0, "zscore": 1.705, "spike_severity": "Moderate" }, "geometry": { "type": "Point", "coordinates": [ 33.8, -13.28 ] } },
{ "type": "Feature", "properties": { "date": "2026-01-15", "region": "Central Region", "district": "Ntchisi", "market": "Kamsonga", "commodity": "Cowpeas", "price": 4653.85, "pct_change": 45.43, "zscore": 2.357, "spike_severity": "Severe" }, "geometry": { "type": "Point", "coordinates": [ 33.8, -13.28 ] } },
{ "type": "Feature", "properties": { "date": "2026-01-15", "region": "Central Region", "district": "Ntchisi", "market": "Kamsonga", "commodity": "Local vegetables", "price": 1000.0, "pct_change": 60.0, "zscore": 1.553, "spike_severity": "Moderate" }, "geometry": { "type": "Point", "coordinates": [ 33.8, -13.28 ] } },
{ "type": "Feature", "properties": { "date": "2022-09-15", "region": "Central Region", "district": "Ntchisi", "market": "Kamsonga", "commodity": "Maize", "price": 285.0, "pct_change": 58.33, "zscore": 1.993, "spike_severity": "Moderate" }, "geometry": { "type": "Point", "coordinates": [ 33.8, -13.28 ] } },
{ "type": "Feature", "properties": { "date": "2025-04-15", "region": "Central Region", "district": "Ntchisi", "market": "Kamsonga", "commodity": "Maize", "price": 1400.0, "pct_change": 391.23, "zscore": 3.148, "spike_severity": "Critical" }, "geometry": { "type": "Point", "coordinates": [ 33.8, -13.28 ] } },
{ "type": "Feature", "properties": { "date": "2023-04-15", "region": "Central Region", "district": "Ntchisi", "market": "Kamsonga", "commodity": "Maize (new harvest)", "price": 550.0, "pct_change": 266.67, "zscore": 2.26, "spike_severity": "Severe" }, "geometry": { "type": "Point", "coordinates": [ 33.8, -13.28 ] } },
{ "type": "Feature", "properties": { "date": "2024-02-15", "region": "Central Region", "district": "Ntchisi", "market": "Kamsonga", "commodity": "Maize (new harvest)", "price": 2200.0, "pct_change": 149.33, "zscore": 2.929, "spike_severity": "Critical" }, "geometry": { "type": "Point", "coordinates": [ 33.8, -13.28 ] } },
{ "type": "Feature", "properties": { "date": "2025-04-15", "region": "Central Region", "district": "Ntchisi", "market": "Kamsonga", "commodity": "Oil (vegetable)", "price": 7900.0, "pct_change": 378.79, "zscore": 2.259, "spike_severity": "Severe" }, "geometry": { "type": "Point", "coordinates": [ 33.8, -13.28 ] } },
{ "type": "Feature", "properties": { "date": "2025-05-15", "region": "Central Region", "district": "Ntchisi", "market": "Kamsonga", "commodity": "Rice", "price": 3200.0, "pct_change": 300.0, "zscore": 2.265, "spike_severity": "Severe" }, "geometry": { "type": "Point", "coordinates": [ 33.8, -13.28 ] } },
{ "type": "Feature", "properties": { "date": "2025-06-15", "region": "Central Region", "district": "Ntchisi", "market": "Kamsonga", "commodity": "Rice", "price": 3946.67, "pct_change": 23.33, "zscore": 1.886, "spike_severity": "Moderate" }, "geometry": { "type": "Point", "coordinates": [ 33.8, -13.28 ] } },
{ "type": "Feature", "properties": { "date": "2025-04-15", "region": "Central Region", "district": "Ntchisi", "market": "Kamsonga", "commodity": "Sugar", "price": 4000.0, "pct_change": 344.44, "zscore": 2.267, "spike_severity": "Severe" }, "geometry": { "type": "Point", "coordinates": [ 33.8, -13.28 ] } },
{ "type": "Feature", "properties": { "date": "2025-05-15", "region": "Central Region", "district": "Ntchisi", "market": "Kamsonga", "commodity": "Sweet potatoes", "price": 555.56, "pct_change": 85.19, "zscore": 1.953, "spike_severity": "Moderate" }, "geometry": { "type": "Point", "coordinates": [ 33.8, -13.28 ] } },
{ "type": "Feature", "properties": { "date": "2025-10-15", "region": "Central Region", "district": "Ntchisi", "market": "Kamsonga", "commodity": "Sweet potatoes", "price": 1111.0, "pct_change": 99.82, "zscore": 2.356, "spike_severity": "Severe" }, "geometry": { "type": "Point", "coordinates": [ 33.8, -13.28 ] } },
{ "type": "Feature", "properties": { "date": "2026-03-15", "region": "Central Region", "district": "Ntchisi", "market": "Kamsonga", "commodity": "Tomatoes", "price": 3000.0, "pct_change": 100.0, "zscore": 1.92, "spike_severity": "Moderate" }, "geometry": { "type": "Point", "coordinates": [ 33.8, -13.28 ] } },
{ "type": "Feature", "properties": { "date": "2022-03-15", "region": "Central Region", "district": "Ntchisi", "market": "Khuwi", "commodity": "Beans", "price": 1300.0, "pct_change": 73.33, "zscore": 1.573, "spike_severity": "Moderate" }, "geometry": { "type": "Point", "coordinates": [ 33.83, -13.43 ] } },
{ "type": "Feature", "properties": { "date": "2024-06-15", "region": "Central Region", "district": "Ntchisi", "market": "Khuwi", "commodity": "Beans", "price": 3500.0, "pct_change": 288.89, "zscore": 1.958, "spike_severity": "Moderate" }, "geometry": { "type": "Point", "coordinates": [ 33.83, -13.43 ] } },
{ "type": "Feature", "properties": { "date": "2024-11-15", "region": "Central Region", "district": "Ntchisi", "market": "Khuwi", "commodity": "Beans", "price": 3900.0, "pct_change": 77.27, "zscore": 1.513, "spike_severity": "Moderate" }, "geometry": { "type": "Point", "coordinates": [ 33.83, -13.43 ] } },
{ "type": "Feature", "properties": { "date": "2025-09-15", "region": "Central Region", "district": "Ntchisi", "market": "Khuwi", "commodity": "Beans", "price": 6898.55, "pct_change": 53.3, "zscore": 2.122, "spike_severity": "Severe" }, "geometry": { "type": "Point", "coordinates": [ 33.83, -13.43 ] } },
{ "type": "Feature", "properties": { "date": "2025-08-15", "region": "Central Region", "district": "Ntchisi", "market": "Khuwi", "commodity": "Beans (new harvest)", "price": 6725.81, "pct_change": 30.6, "zscore": 1.629, "spike_severity": "Moderate" }, "geometry": { "type": "Point", "coordinates": [ 33.83, -13.43 ] } },
{ "type": "Feature", "properties": { "date": "2023-08-15", "region": "Central Region", "district": "Ntchisi", "market": "Khuwi", "commodity": "Cowpeas", "price": 1500.0, "pct_change": 114.29, "zscore": 2.371, "spike_severity": "Severe" }, "geometry": { "type": "Point", "coordinates": [ 33.83, -13.43 ] } },
{ "type": "Feature", "properties": { "date": "2024-09-15", "region": "Central Region", "district": "Ntchisi", "market": "Khuwi", "commodity": "Cowpeas", "price": 2050.0, "pct_change": 28.12, "zscore": 1.81, "spike_severity": "Moderate" }, "geometry": { "type": "Point", "coordinates": [ 33.83, -13.43 ] } },
{ "type": "Feature", "properties": { "date": "2025-02-15", "region": "Central Region", "district": "Ntchisi", "market": "Khuwi", "commodity": "Cowpeas", "price": 3116.67, "pct_change": 29.86, "zscore": 2.073, "spike_severity": "Moderate" }, "geometry": { "type": "Point", "coordinates": [ 33.83, -13.43 ] } },
{ "type": "Feature", "properties": { "date": "2025-07-15", "region": "Central Region", "district": "Ntchisi", "market": "Khuwi", "commodity": "Cowpeas", "price": 3794.12, "pct_change": 33.91, "zscore": 1.894, "spike_severity": "Moderate" }, "geometry": { "type": "Point", "coordinates": [ 33.83, -13.43 ] } },
{ "type": "Feature", "properties": { "date": "2026-01-15", "region": "Central Region", "district": "Ntchisi", "market": "Khuwi", "commodity": "Exotic vegetables", "price": 1000.0, "pct_change": 60.0, "zscore": 1.553, "spike_severity": "Moderate" }, "geometry": { "type": "Point", "coordinates": [ 33.83, -13.43 ] } },
{ "type": "Feature", "properties": { "date": "2025-11-15", "region": "Central Region", "district": "Ntchisi", "market": "Khuwi", "commodity": "Groundnuts (shelled)", "price": 9000.0, "pct_change": 33.33, "zscore": 1.865, "spike_severity": "Moderate" }, "geometry": { "type": "Point", "coordinates": [ 33.83, -13.43 ] } },
{ "type": "Feature", "properties": { "date": "2026-01-15", "region": "Central Region", "district": "Ntchisi", "market": "Khuwi", "commodity": "Local vegetables", "price": 1000.0, "pct_change": 60.0, "zscore": 1.513, "spike_severity": "Moderate" }, "geometry": { "type": "Point", "coordinates": [ 33.83, -13.43 ] } },
{ "type": "Feature", "properties": { "date": "2022-09-15", "region": "Central Region", "district": "Ntchisi", "market": "Khuwi", "commodity": "Maize", "price": 262.5, "pct_change": 75.0, "zscore": 1.973, "spike_severity": "Moderate" }, "geometry": { "type": "Point", "coordinates": [ 33.83, -13.43 ] } },
{ "type": "Feature", "properties": { "date": "2025-04-15", "region": "Central Region", "district": "Ntchisi", "market": "Khuwi", "commodity": "Maize", "price": 1626.47, "pct_change": 519.61, "zscore": 3.162, "spike_severity": "Critical" }, "geometry": { "type": "Point", "coordinates": [ 33.83, -13.43 ] } },
{ "type": "Feature", "properties": { "date": "2025-02-15", "region": "Central Region", "district": "Ntchisi", "market": "Khuwi", "commodity": "Maize (new harvest)", "price": 1325.0, "pct_change": 70.97, "zscore": 2.831, "spike_severity": "Critical" }, "geometry": { "type": "Point", "coordinates": [ 33.83, -13.43 ] } },
{ "type": "Feature", "properties": { "date": "2025-09-15", "region": "Central Region", "district": "Ntchisi", "market": "Khuwi", "commodity": "Sweet potatoes", "price": 1111.0, "pct_change": 59.99, "zscore": 1.957, "spike_severity": "Moderate" }, "geometry": { "type": "Point", "coordinates": [ 33.83, -13.43 ] } },
{ "type": "Feature", "properties": { "date": "2026-03-15", "region": "Central Region", "district": "Ntchisi", "market": "Khuwi", "commodity": "Tomatoes", "price": 3000.0, "pct_change": 400.0, "zscore": 1.78, "spike_severity": "Moderate" }, "geometry": { "type": "Point", "coordinates": [ 33.83, -13.43 ] } },
{ "type": "Feature", "properties": { "date": "2023-04-15", "region": "Central Region", "district": "Ntchisi", "market": "Malomo", "commodity": "Beans", "price": 1350.0, "pct_change": 80.0, "zscore": 2.373, "spike_severity": "Severe" }, "geometry": { "type": "Point", "coordinates": [ 33.83, -13.15 ] } },
{ "type": "Feature", "properties": { "date": "2023-06-15", "region": "Central Region", "district": "Ntchisi", "market": "Malomo", "commodity": "Beans", "price": 1731.25, "pct_change": 31.65, "zscore": 2.199, "spike_severity": "Moderate" }, "geometry": { "type": "Point", "coordinates": [ 33.83, -13.15 ] } },
{ "type": "Feature", "properties": { "date": "2023-08-15", "region": "Central Region", "district": "Ntchisi", "market": "Malomo", "commodity": "Beans", "price": 1675.0, "pct_change": 22.06, "zscore": 1.559, "spike_severity": "Moderate" }, "geometry": { "type": "Point", "coordinates": [ 33.83, -13.15 ] } },
{ "type": "Feature", "properties": { "date": "2024-06-15", "region": "Central Region", "district": "Ntchisi", "market": "Malomo", "commodity": "Beans", "price": 3400.0, "pct_change": 325.0, "zscore": 2.034, "spike_severity": "Severe" }, "geometry": { "type": "Point", "coordinates": [ 33.83, -13.15 ] } },
{ "type": "Feature", "properties": { "date": "2025-03-15", "region": "Central Region", "district": "Ntchisi", "market": "Malomo", "commodity": "Beans", "price": 5888.89, "pct_change": 21.29, "zscore": 1.745, "spike_severity": "Moderate" }, "geometry": { "type": "Point", "coordinates": [ 33.83, -13.15 ] } },
{ "type": "Feature", "properties": { "date": "2025-09-15", "region": "Central Region", "district": "Ntchisi", "market": "Malomo", "commodity": "Beans", "price": 6673.91, "pct_change": 65.9, "zscore": 1.693, "spike_severity": "Moderate" }, "geometry": { "type": "Point", "coordinates": [ 33.83, -13.15 ] } },
{ "type": "Feature", "properties": { "date": "2025-08-15", "region": "Central Region", "district": "Ntchisi", "market": "Malomo", "commodity": "Beans (new harvest)", "price": 5983.87, "pct_change": 39.09, "zscore": 1.571, "spike_severity": "Moderate" }, "geometry": { "type": "Point", "coordinates": [ 33.83, -13.15 ] } },
{ "type": "Feature", "properties": { "date": "2024-09-15", "region": "Central Region", "district": "Ntchisi", "market": "Malomo", "commodity": "Cowpeas", "price": 2462.5, "pct_change": 45.24, "zscore": 2.245, "spike_severity": "Severe" }, "geometry": { "type": "Point", "coordinates": [ 33.83, -13.15 ] } },
{ "type": "Feature", "properties": { "date": "2025-03-15", "region": "Central Region", "district": "Ntchisi", "market": "Malomo", "commodity": "Cowpeas", "price": 4388.89, "pct_change": 46.94, "zscore": 2.433, "spike_severity": "Severe" }, "geometry": { "type": "Point", "coordinates": [ 33.83, -13.15 ] } },
{ "type": "Feature", "properties": { "date": "2026-03-15", "region": "Central Region", "district": "Ntchisi", "market": "Malomo", "commodity": "Exotic vegetables", "price": 2000.0, "pct_change": 100.0, "zscore": 1.97, "spike_severity": "Moderate" }, "geometry": { "type": "Point", "coordinates": [ 33.83, -13.15 ] } },
{ "type": "Feature", "properties": { "date": "2025-09-15", "region": "Central Region", "district": "Ntchisi", "market": "Malomo", "commodity": "Groundnuts (shelled)", "price": 7000.0, "pct_change": 27.27, "zscore": 1.749, "spike_severity": "Moderate" }, "geometry": { "type": "Point", "coordinates": [ 33.83, -13.15 ] } },
{ "type": "Feature", "properties": { "date": "2025-10-15", "region": "Central Region", "district": "Ntchisi", "market": "Malomo", "commodity": "Groundnuts (shelled)", "price": 9000.0, "pct_change": 28.57, "zscore": 1.859, "spike_severity": "Moderate" }, "geometry": { "type": "Point", "coordinates": [ 33.83, -13.15 ] } },
{ "type": "Feature", "properties": { "date": "2026-01-15", "region": "Central Region", "district": "Ntchisi", "market": "Malomo", "commodity": "Groundnuts (shelled)", "price": 10000.0, "pct_change": 26.98, "zscore": 1.591, "spike_severity": "Moderate" }, "geometry": { "type": "Point", "coordinates": [ 33.83, -13.15 ] } },
{ "type": "Feature", "properties": { "date": "2022-09-15", "region": "Central Region", "district": "Ntchisi", "market": "Malomo", "commodity": "Maize", "price": 273.5, "pct_change": 82.33, "zscore": 2.955, "spike_severity": "Critical" }, "geometry": { "type": "Point", "coordinates": [ 33.83, -13.15 ] } },
{ "type": "Feature", "properties": { "date": "2025-04-15", "region": "Central Region", "district": "Ntchisi", "market": "Malomo", "commodity": "Maize", "price": 1694.12, "pct_change": 519.42, "zscore": 3.162, "spike_severity": "Critical" }, "geometry": { "type": "Point", "coordinates": [ 33.83, -13.15 ] } },
{ "type": "Feature", "properties": { "date": "2023-12-15", "region": "Central Region", "district": "Ntchisi", "market": "Malomo", "commodity": "Maize (new harvest)", "price": 1087.5, "pct_change": 55.91, "zscore": 2.399, "spike_severity": "Severe" }, "geometry": { "type": "Point", "coordinates": [ 33.83, -13.15 ] } },
{ "type": "Feature", "properties": { "date": "2025-02-15", "region": "Central Region", "district": "Ntchisi", "market": "Malomo", "commodity": "Maize (new harvest)", "price": 1969.74, "pct_change": 162.63, "zscore": 2.934, "spike_severity": "Critical" }, "geometry": { "type": "Point", "coordinates": [ 33.83, -13.15 ] } },
{ "type": "Feature", "properties": { "date": "2026-02-15", "region": "Central Region", "district": "Ntchisi", "market": "Malomo", "commodity": "Oil (vegetable)", "price": 11066.07, "pct_change": 27.36, "zscore": 1.908, "spike_severity": "Moderate" }, "geometry": { "type": "Point", "coordinates": [ 33.83, -13.15 ] } },
{ "type": "Feature", "properties": { "date": "2026-02-15", "region": "Central Region", "district": "Ntchisi", "market": "Malomo", "commodity": "Pigeon peas", "price": 3000.0, "pct_change": 50.0, "zscore": 1.762, "spike_severity": "Moderate" }, "geometry": { "type": "Point", "coordinates": [ 33.83, -13.15 ] } },
{ "type": "Feature", "properties": { "date": "2025-10-15", "region": "Central Region", "district": "Ntchisi", "market": "Malomo", "commodity": "Sweet potatoes", "price": 1111.0, "pct_change": 33.37, "zscore": 1.829, "spike_severity": "Moderate" }, "geometry": { "type": "Point", "coordinates": [ 33.83, -13.15 ] } },
{ "type": "Feature", "properties": { "date": "2026-03-15", "region": "Central Region", "district": "Ntchisi", "market": "Malomo", "commodity": "Sweet potatoes", "price": 1111.0, "pct_change": 99.82, "zscore": 1.544, "spike_severity": "Moderate" }, "geometry": { "type": "Point", "coordinates": [ 33.83, -13.15 ] } },
{ "type": "Feature", "properties": { "date": "2023-01-15", "region": "Central Region", "district": "Ntchisi", "market": "Nsundwe", "commodity": "Beans", "price": 2000.0, "pct_change": 122.22, "zscore": 2.417, "spike_severity": "Severe" }, "geometry": { "type": "Point", "coordinates": [ 33.95, -13.38 ] } },
{ "type": "Feature", "properties": { "date": "2023-07-15", "region": "Central Region", "district": "Ntchisi", "market": "Nsundwe", "commodity": "Beans", "price": 2150.0, "pct_change": 23.44, "zscore": 1.54, "spike_severity": "Moderate" }, "geometry": { "type": "Point", "coordinates": [ 33.95, -13.38 ] } },
{ "type": "Feature", "properties": { "date": "2024-04-15", "region": "Central Region", "district": "Ntchisi", "market": "Nsundwe", "commodity": "Beans", "price": 3037.5, "pct_change": 51.88, "zscore": 1.658, "spike_severity": "Moderate" }, "geometry": { "type": "Point", "coordinates": [ 33.95, -13.38 ] } },
{ "type": "Feature", "properties": { "date": "2024-09-15", "region": "Central Region", "district": "Ntchisi", "market": "Nsundwe", "commodity": "Beans", "price": 3675.0, "pct_change": 22.5, "zscore": 1.619, "spike_severity": "Moderate" }, "geometry": { "type": "Point", "coordinates": [ 33.95, -13.38 ] } },
{ "type": "Feature", "properties": { "date": "2025-06-15", "region": "Central Region", "district": "Ntchisi", "market": "Nsundwe", "commodity": "Beans", "price": 7000.0, "pct_change": 27.27, "zscore": 2.144, "spike_severity": "Moderate" }, "geometry": { "type": "Point", "coordinates": [ 33.95, -13.38 ] } },
{ "type": "Feature", "properties": { "date": "2025-04-15", "region": "Central Region", "district": "Ntchisi", "market": "Nsundwe", "commodity": "Cassava", "price": 4000.0, "pct_change": 1500.0, "zscore": 2.266, "spike_severity": "Severe" }, "geometry": { "type": "Point", "coordinates": [ 33.95, -13.38 ] } },
{ "type": "Feature", "properties": { "date": "2023-01-15", "region": "Central Region", "district": "Ntchisi", "market": "Nsundwe", "commodity": "Cowpeas", "price": 1044.44, "pct_change": 30.56, "zscore": 2.117, "spike_severity": "Moderate" }, "geometry": { "type": "Point", "coordinates": [ 33.95, -13.38 ] } },
{ "type": "Feature", "properties": { "date": "2023-09-15", "region": "Central Region", "district": "Ntchisi", "market": "Nsundwe", "commodity": "Cowpeas", "price": 1200.0, "pct_change": 50.0, "zscore": 1.777, "spike_severity": "Moderate" }, "geometry": { "type": "Point", "coordinates": [ 33.95, -13.38 ] } },
{ "type": "Feature", "properties": { "date": "2023-11-15", "region": "Central Region", "district": "Ntchisi", "market": "Nsundwe", "commodity": "Cowpeas", "price": 1500.0, "pct_change": 34.83, "zscore": 2.175, "spike_severity": "Moderate" }, "geometry": { "type": "Point", "coordinates": [ 33.95, -13.38 ] } },
{ "type": "Feature", "properties": { "date": "2024-02-15", "region": "Central Region", "district": "Ntchisi", "market": "Nsundwe", "commodity": "Cowpeas", "price": 1818.18, "pct_change": 21.21, "zscore": 1.835, "spike_severity": "Moderate" }, "geometry": { "type": "Point", "coordinates": [ 33.95, -13.38 ] } },
{ "type": "Feature", "properties": { "date": "2026-01-15", "region": "Central Region", "district": "Ntchisi", "market": "Nsundwe", "commodity": "Local vegetables", "price": 800.0, "pct_change": 60.0, "zscore": 1.532, "spike_severity": "Moderate" }, "geometry": { "type": "Point", "coordinates": [ 33.95, -13.38 ] } },
{ "type": "Feature", "properties": { "date": "2022-01-15", "region": "Central Region", "district": "Ntchisi", "market": "Nsundwe", "commodity": "Maize", "price": 180.0, "pct_change": 38.46, "zscore": 1.529, "spike_severity": "Moderate" }, "geometry": { "type": "Point", "coordinates": [ 33.95, -13.38 ] } },
{ "type": "Feature", "properties": { "date": "2022-08-15", "region": "Central Region", "district": "Ntchisi", "market": "Nsundwe", "commodity": "Maize", "price": 297.5, "pct_change": 65.28, "zscore": 2.611, "spike_severity": "Critical" }, "geometry": { "type": "Point", "coordinates": [ 33.95, -13.38 ] } },
{ "type": "Feature", "properties": { "date": "2025-09-15", "region": "Central Region", "district": "Ntchisi", "market": "Nsundwe", "commodity": "Maize", "price": 1346.38, "pct_change": 295.99, "zscore": 3.102, "spike_severity": "Critical" }, "geometry": { "type": "Point", "coordinates": [ 33.95, -13.38 ] } },
{ "type": "Feature", "properties": { "date": "2023-01-15", "region": "Central Region", "district": "Ntchisi", "market": "Nsundwe", "commodity": "Maize (new harvest)", "price": 505.56, "pct_change": 418.52, "zscore": 2.223, "spike_severity": "Severe" }, "geometry": { "type": "Point", "coordinates": [ 33.95, -13.38 ] } },
{ "type": "Feature", "properties": { "date": "2025-01-15", "region": "Central Region", "district": "Ntchisi", "market": "Nsundwe", "commodity": "Maize (new harvest)", "price": 1241.18, "pct_change": 37.43, "zscore": 2.472, "spike_severity": "Moderate" }, "geometry": { "type": "Point", "coordinates": [ 33.95, -13.38 ] } },
{ "type": "Feature", "properties": { "date": "2025-02-15", "region": "Central Region", "district": "Ntchisi", "market": "Nsundwe", "commodity": "Maize (new harvest)", "price": 1533.33, "pct_change": 23.54, "zscore": 2.423, "spike_severity": "Moderate" }, "geometry": { "type": "Point", "coordinates": [ 33.95, -13.38 ] } },
{ "type": "Feature", "properties": { "date": "2025-04-15", "region": "Central Region", "district": "Ntchisi", "market": "Nsundwe", "commodity": "Millet", "price": 2000.0, "pct_change": 471.43, "zscore": 2.012, "spike_severity": "Severe" }, "geometry": { "type": "Point", "coordinates": [ 33.95, -13.38 ] } },
{ "type": "Feature", "properties": { "date": "2025-10-15", "region": "Central Region", "district": "Ntchisi", "market": "Nsundwe", "commodity": "Millet", "price": 3500.0, "pct_change": 250.0, "zscore": 2.373, "spike_severity": "Severe" }, "geometry": { "type": "Point", "coordinates": [ 33.95, -13.38 ] } },
{ "type": "Feature", "properties": { "date": "2025-03-15", "region": "Central Region", "district": "Ntchisi", "market": "Nsundwe", "commodity": "Oil (vegetable)", "price": 7500.0, "pct_change": 376.19, "zscore": 2.257, "spike_severity": "Severe" }, "geometry": { "type": "Point", "coordinates": [ 33.95, -13.38 ] } },
{ "type": "Feature", "properties": { "date": "2023-12-15", "region": "Central Region", "district": "Ntchisi", "market": "Nsundwe", "commodity": "Pigeon peas", "price": 1625.0, "pct_change": 41.3, "zscore": 2.309, "spike_severity": "Severe" }, "geometry": { "type": "Point", "coordinates": [ 33.95, -13.38 ] } },
{ "type": "Feature", "properties": { "date": "2024-02-15", "region": "Central Region", "district": "Ntchisi", "market": "Nsundwe", "commodity": "Pigeon peas", "price": 1818.18, "pct_change": 21.21, "zscore": 1.908, "spike_severity": "Moderate" }, "geometry": { "type": "Point", "coordinates": [ 33.95, -13.38 ] } },
{ "type": "Feature", "properties": { "date": "2025-04-15", "region": "Central Region", "district": "Ntchisi", "market": "Nsundwe", "commodity": "Pigeon peas", "price": 3916.67, "pct_change": 30.56, "zscore": 1.899, "spike_severity": "Moderate" }, "geometry": { "type": "Point", "coordinates": [ 33.95, -13.38 ] } },
{ "type": "Feature", "properties": { "date": "2025-04-15", "region": "Central Region", "district": "Ntchisi", "market": "Nsundwe", "commodity": "Rice", "price": 4500.0, "pct_change": 480.65, "zscore": 2.266, "spike_severity": "Severe" }, "geometry": { "type": "Point", "coordinates": [ 33.95, -13.38 ] } },
{ "type": "Feature", "properties": { "date": "2025-04-15", "region": "Central Region", "district": "Ntchisi", "market": "Nsundwe", "commodity": "Sorghum", "price": 2000.0, "pct_change": 700.0, "zscore": 2.037, "spike_severity": "Severe" }, "geometry": { "type": "Point", "coordinates": [ 33.95, -13.38 ] } },
{ "type": "Feature", "properties": { "date": "2025-10-15", "region": "Central Region", "district": "Ntchisi", "market": "Nsundwe", "commodity": "Soybeans", "price": 2875.0, "pct_change": 25.0, "zscore": 1.834, "spike_severity": "Moderate" }, "geometry": { "type": "Point", "coordinates": [ 33.95, -13.38 ] } },
{ "type": "Feature", "properties": { "date": "2026-01-15", "region": "Central Region", "district": "Ntchisi", "market": "Nsundwe", "commodity": "Soybeans", "price": 3500.0, "pct_change": 33.33, "zscore": 1.751, "spike_severity": "Moderate" }, "geometry": { "type": "Point", "coordinates": [ 33.95, -13.38 ] } },
{ "type": "Feature", "properties": { "date": "2025-03-15", "region": "Central Region", "district": "Ntchisi", "market": "Nsundwe", "commodity": "Sugar", "price": 3800.0, "pct_change": 347.06, "zscore": 2.267, "spike_severity": "Severe" }, "geometry": { "type": "Point", "coordinates": [ 33.95, -13.38 ] } },
{ "type": "Feature", "properties": { "date": "2025-06-15", "region": "Central Region", "district": "Ntchisi", "market": "Nsundwe", "commodity": "Sugar", "price": 5086.67, "pct_change": 26.99, "zscore": 1.695, "spike_severity": "Moderate" }, "geometry": { "type": "Point", "coordinates": [ 33.95, -13.38 ] } },
{ "type": "Feature", "properties": { "date": "2025-03-15", "region": "Central Region", "district": "Ntchisi", "market": "Nsundwe", "commodity": "Sweet potatoes", "price": 1111.11, "pct_change": 276.65, "zscore": 2.258, "spike_severity": "Severe" }, "geometry": { "type": "Point", "coordinates": [ 33.95, -13.38 ] } },
{ "type": "Feature", "properties": { "date": "2024-01-15", "region": "Central Region", "district": "Ntchisi", "market": "Ntchisi Boma", "commodity": "Beans", "price": 2473.53, "pct_change": 26.85, "zscore": 1.682, "spike_severity": "Moderate" }, "geometry": { "type": "Point", "coordinates": [ 33.92, -13.37 ] } },
{ "type": "Feature", "properties": { "date": "2024-06-15", "region": "Central Region", "district": "Ntchisi", "market": "Ntchisi Boma", "commodity": "Beans", "price": 3400.0, "pct_change": 54.55, "zscore": 2.095, "spike_severity": "Severe" }, "geometry": { "type": "Point", "coordinates": [ 33.92, -13.37 ] } },
{ "type": "Feature", "properties": { "date": "2025-02-15", "region": "Central Region", "district": "Ntchisi", "market": "Ntchisi Boma", "commodity": "Beans", "price": 5358.33, "pct_change": 33.96, "zscore": 1.998, "spike_severity": "Moderate" }, "geometry": { "type": "Point", "coordinates": [ 33.92, -13.37 ] } },
{ "type": "Feature", "properties": { "date": "2025-09-15", "region": "Central Region", "district": "Ntchisi", "market": "Ntchisi Boma", "commodity": "Beans", "price": 6869.57, "pct_change": 52.66, "zscore": 1.911, "spike_severity": "Moderate" }, "geometry": { "type": "Point", "coordinates": [ 33.92, -13.37 ] } },
{ "type": "Feature", "properties": { "date": "2025-04-15", "region": "Central Region", "district": "Ntchisi", "market": "Ntchisi Boma", "commodity": "Cassava", "price": 2400.0, "pct_change": 700.0, "zscore": 2.253, "spike_severity": "Severe" }, "geometry": { "type": "Point", "coordinates": [ 33.92, -13.37 ] } },
{ "type": "Feature", "properties": { "date": "2025-06-15", "region": "Central Region", "district": "Ntchisi", "market": "Ntchisi Boma", "commodity": "Cassava", "price": 2400.0, "pct_change": 37.84, "zscore": 1.541, "spike_severity": "Moderate" }, "geometry": { "type": "Point", "coordinates": [ 33.92, -13.37 ] } },
{ "type": "Feature", "properties": { "date": "2023-06-15", "region": "Central Region", "district": "Ntchisi", "market": "Ntchisi Boma", "commodity": "Cowpeas", "price": 1100.0, "pct_change": 193.33, "zscore": 2.18, "spike_severity": "Severe" }, "geometry": { "type": "Point", "coordinates": [ 33.92, -13.37 ] } },
{ "type": "Feature", "properties": { "date": "2024-09-15", "region": "Central Region", "district": "Ntchisi", "market": "Ntchisi Boma", "commodity": "Cowpeas", "price": 2237.5, "pct_change": 24.31, "zscore": 1.788, "spike_severity": "Moderate" }, "geometry": { "type": "Point", "coordinates": [ 33.92, -13.37 ] } },
{ "type": "Feature", "properties": { "date": "2025-02-15", "region": "Central Region", "district": "Ntchisi", "market": "Ntchisi Boma", "commodity": "Cowpeas", "price": 3208.33, "pct_change": 28.33, "zscore": 2.027, "spike_severity": "Moderate" }, "geometry": { "type": "Point", "coordinates": [ 33.92, -13.37 ] } },
{ "type": "Feature", "properties": { "date": "2025-12-15", "region": "Central Region", "district": "Ntchisi", "market": "Ntchisi Boma", "commodity": "Exotic vegetables", "price": 375.0, "pct_change": 50.0, "zscore": 1.5, "spike_severity": "Moderate" }, "geometry": { "type": "Point", "coordinates": [ 33.92, -13.37 ] } },
{ "type": "Feature", "properties": { "date": "2026-01-15", "region": "Central Region", "district": "Ntchisi", "market": "Ntchisi Boma", "commodity": "Exotic vegetables", "price": 1000.0, "pct_change": 166.67, "zscore": 1.764, "spike_severity": "Moderate" }, "geometry": { "type": "Point", "coordinates": [ 33.92, -13.37 ] } },
{ "type": "Feature", "properties": { "date": "2026-03-15", "region": "Central Region", "district": "Ntchisi", "market": "Ntchisi Boma", "commodity": "Exotic vegetables", "price": 1800.0, "pct_change": 260.0, "zscore": 2.012, "spike_severity": "Severe" }, "geometry": { "type": "Point", "coordinates": [ 33.92, -13.37 ] } },
{ "type": "Feature", "properties": { "date": "2025-09-15", "region": "Central Region", "district": "Ntchisi", "market": "Ntchisi Boma", "commodity": "Groundnuts (shelled)", "price": 7000.0, "pct_change": 21.74, "zscore": 1.628, "spike_severity": "Moderate" }, "geometry": { "type": "Point", "coordinates": [ 33.92, -13.37 ] } },
{ "type": "Feature", "properties": { "date": "2026-03-15", "region": "Central Region", "district": "Ntchisi", "market": "Ntchisi Boma", "commodity": "Local vegetables", "price": 900.0, "pct_change": 80.0, "zscore": 1.715, "spike_severity": "Moderate" }, "geometry": { "type": "Point", "coordinates": [ 33.92, -13.37 ] } },
{ "type": "Feature", "properties": { "date": "2022-09-15", "region": "Central Region", "district": "Ntchisi", "market": "Ntchisi Boma", "commodity": "Maize", "price": 310.0, "pct_change": 72.22, "zscore": 1.743, "spike_severity": "Moderate" }, "geometry": { "type": "Point", "coordinates": [ 33.92, -13.37 ] } },
{ "type": "Feature", "properties": { "date": "2025-04-15", "region": "Central Region", "district": "Ntchisi", "market": "Ntchisi Boma", "commodity": "Maize", "price": 1587.25, "pct_change": 412.02, "zscore": 3.139, "spike_severity": "Critical" }, "geometry": { "type": "Point", "coordinates": [ 33.92, -13.37 ] } },
{ "type": "Feature", "properties": { "date": "2023-04-15", "region": "Central Region", "district": "Ntchisi", "market": "Ntchisi Boma", "commodity": "Maize (new harvest)", "price": 625.0, "pct_change": 316.67, "zscore": 2.265, "spike_severity": "Severe" }, "geometry": { "type": "Point", "coordinates": [ 33.92, -13.37 ] } },
{ "type": "Feature", "properties": { "date": "2023-08-15", "region": "Central Region", "district": "Ntchisi", "market": "Ntchisi Boma", "commodity": "Maize (new harvest)", "price": 637.5, "pct_change": 21.17, "zscore": 1.574, "spike_severity": "Moderate" }, "geometry": { "type": "Point", "coordinates": [ 33.92, -13.37 ] } },
{ "type": "Feature", "properties": { "date": "2025-02-15", "region": "Central Region", "district": "Ntchisi", "market": "Ntchisi Boma", "commodity": "Maize (new harvest)", "price": 1315.79, "pct_change": 75.44, "zscore": 2.793, "spike_severity": "Critical" }, "geometry": { "type": "Point", "coordinates": [ 33.92, -13.37 ] } },
{ "type": "Feature", "properties": { "date": "2025-04-15", "region": "Central Region", "district": "Ntchisi", "market": "Ntchisi Boma", "commodity": "Oil (vegetable)", "price": 7897.06, "pct_change": 401.4, "zscore": 2.266, "spike_severity": "Severe" }, "geometry": { "type": "Point", "coordinates": [ 33.92, -13.37 ] } },
{ "type": "Feature", "properties": { "date": "2025-04-15", "region": "Central Region", "district": "Ntchisi", "market": "Ntchisi Boma", "commodity": "Rice", "price": 4500.0, "pct_change": 542.86, "zscore": 2.268, "spike_severity": "Severe" }, "geometry": { "type": "Point", "coordinates": [ 33.92, -13.37 ] } },
{ "type": "Feature", "properties": { "date": "2025-08-15", "region": "Central Region", "district": "Ntchisi", "market": "Ntchisi Boma", "commodity": "Soybeans", "price": 3250.0, "pct_change": 30.0, "zscore": 1.506, "spike_severity": "Moderate" }, "geometry": { "type": "Point", "coordinates": [ 33.92, -13.37 ] } },
{ "type": "Feature", "properties": { "date": "2025-04-15", "region": "Central Region", "district": "Ntchisi", "market": "Ntchisi Boma", "commodity": "Sugar", "price": 3500.0, "pct_change": 337.5, "zscore": 2.267, "spike_severity": "Severe" }, "geometry": { "type": "Point", "coordinates": [ 33.92, -13.37 ] } },
{ "type": "Feature", "properties": { "date": "2025-05-15", "region": "Central Region", "district": "Ntchisi", "market": "Ntchisi Boma", "commodity": "Sugar", "price": 4458.33, "pct_change": 27.38, "zscore": 1.915, "spike_severity": "Moderate" }, "geometry": { "type": "Point", "coordinates": [ 33.92, -13.37 ] } },
{ "type": "Feature", "properties": { "date": "2025-04-15", "region": "Central Region", "district": "Ntchisi", "market": "Ntchisi Boma", "commodity": "Sweet potatoes", "price": 833.33, "pct_change": 177.78, "zscore": 1.784, "spike_severity": "Moderate" }, "geometry": { "type": "Point", "coordinates": [ 33.92, -13.37 ] } },
{ "type": "Feature", "properties": { "date": "2025-10-15", "region": "Central Region", "district": "Ntchisi", "market": "Ntchisi Boma", "commodity": "Sweet potatoes", "price": 1111.0, "pct_change": 99.82, "zscore": 2.251, "spike_severity": "Severe" }, "geometry": { "type": "Point", "coordinates": [ 33.92, -13.37 ] } },
{ "type": "Feature", "properties": { "date": "2023-01-15", "region": "Southern Region", "district": "Phalombe", "market": "Chilinga", "commodity": "Beans", "price": 1656.25, "pct_change": 65.62, "zscore": 2.363, "spike_severity": "Severe" }, "geometry": { "type": "Point", "coordinates": [ 35.77, -15.78 ] } },
{ "type": "Feature", "properties": { "date": "2024-05-15", "region": "Southern Region", "district": "Phalombe", "market": "Chilinga", "commodity": "Beans", "price": 3725.0, "pct_change": 58.51, "zscore": 2.386, "spike_severity": "Severe" }, "geometry": { "type": "Point", "coordinates": [ 35.77, -15.78 ] } },
{ "type": "Feature", "properties": { "date": "2025-08-15", "region": "Southern Region", "district": "Phalombe", "market": "Chilinga", "commodity": "Beans", "price": 7000.0, "pct_change": 22.46, "zscore": 2.031, "spike_severity": "Moderate" }, "geometry": { "type": "Point", "coordinates": [ 35.77, -15.78 ] } },
{ "type": "Feature", "properties": { "date": "2025-08-15", "region": "Southern Region", "district": "Phalombe", "market": "Chilinga", "commodity": "Beans (new harvest)", "price": 7000.0, "pct_change": 22.46, "zscore": 1.859, "spike_severity": "Moderate" }, "geometry": { "type": "Point", "coordinates": [ 35.77, -15.78 ] } },
{ "type": "Feature", "properties": { "date": "2025-04-15", "region": "Southern Region", "district": "Phalombe", "market": "Chilinga", "commodity": "Cassava", "price": 3120.0, "pct_change": 1286.67, "zscore": 2.267, "spike_severity": "Severe" }, "geometry": { "type": "Point", "coordinates": [ 35.77, -15.78 ] } },
{ "type": "Feature", "properties": { "date": "2023-01-15", "region": "Southern Region", "district": "Phalombe", "market": "Chilinga", "commodity": "Cowpeas", "price": 800.0, "pct_change": 33.33, "zscore": 1.651, "spike_severity": "Moderate" }, "geometry": { "type": "Point", "coordinates": [ 35.77, -15.78 ] } },
{ "type": "Feature", "properties": { "date": "2023-07-15", "region": "Southern Region", "district": "Phalombe", "market": "Chilinga", "commodity": "Cowpeas", "price": 4737.5, "pct_change": 628.85, "zscore": 2.835, "spike_severity": "Critical" }, "geometry": { "type": "Point", "coordinates": [ 35.77, -15.78 ] } },
{ "type": "Feature", "properties": { "date": "2025-10-15", "region": "Southern Region", "district": "Phalombe", "market": "Chilinga", "commodity": "Cowpeas", "price": 5000.0, "pct_change": 66.67, "zscore": 2.764, "spike_severity": "Critical" }, "geometry": { "type": "Point", "coordinates": [ 35.77, -15.78 ] } },
{ "type": "Feature", "properties": { "date": "2026-02-15", "region": "Southern Region", "district": "Phalombe", "market": "Chilinga", "commodity": "Local vegetables", "price": 700.0, "pct_change": 75.0, "zscore": 1.548, "spike_severity": "Moderate" }, "geometry": { "type": "Point", "coordinates": [ 35.77, -15.78 ] } },
{ "type": "Feature", "properties": { "date": "2022-01-15", "region": "Southern Region", "district": "Phalombe", "market": "Chilinga", "commodity": "Maize", "price": 215.0, "pct_change": 34.38, "zscore": 1.738, "spike_severity": "Moderate" }, "geometry": { "type": "Point", "coordinates": [ 35.77, -15.78 ] } },
{ "type": "Feature", "properties": { "date": "2022-08-15", "region": "Southern Region", "district": "Phalombe", "market": "Chilinga", "commodity": "Maize", "price": 350.0, "pct_change": 62.79, "zscore": 2.806, "spike_severity": "Critical" }, "geometry": { "type": "Point", "coordinates": [ 35.77, -15.78 ] } },
{ "type": "Feature", "properties": { "date": "2025-03-15", "region": "Southern Region", "district": "Phalombe", "market": "Chilinga", "commodity": "Maize", "price": 1000.0, "pct_change": 185.71, "zscore": 3.014, "spike_severity": "Critical" }, "geometry": { "type": "Point", "coordinates": [ 35.77, -15.78 ] } },
{ "type": "Feature", "properties": { "date": "2025-09-15", "region": "Southern Region", "district": "Phalombe", "market": "Chilinga", "commodity": "Maize", "price": 1500.0, "pct_change": 50.0, "zscore": 2.309, "spike_severity": "Severe" }, "geometry": { "type": "Point", "coordinates": [ 35.77, -15.78 ] } },
{ "type": "Feature", "properties": { "date": "2023-01-15", "region": "Southern Region", "district": "Phalombe", "market": "Chilinga", "commodity": "Maize (new harvest)", "price": 516.25, "pct_change": 330.21, "zscore": 2.195, "spike_severity": "Severe" }, "geometry": { "type": "Point", "coordinates": [ 35.77, -15.78 ] } },
{ "type": "Feature", "properties": { "date": "2023-07-15", "region": "Southern Region", "district": "Phalombe", "market": "Chilinga", "commodity": "Maize (new harvest)", "price": 706.25, "pct_change": 41.25, "zscore": 1.549, "spike_severity": "Moderate" }, "geometry": { "type": "Point", "coordinates": [ 35.77, -15.78 ] } },
{ "type": "Feature", "properties": { "date": "2025-01-15", "region": "Southern Region", "district": "Phalombe", "market": "Chilinga", "commodity": "Maize (new harvest)", "price": 1292.65, "pct_change": 24.97, "zscore": 2.172, "spike_severity": "Moderate" }, "geometry": { "type": "Point", "coordinates": [ 35.77, -15.78 ] } },
{ "type": "Feature", "properties": { "date": "2025-02-15", "region": "Southern Region", "district": "Phalombe", "market": "Chilinga", "commodity": "Maize (new harvest)", "price": 1611.11, "pct_change": 24.64, "zscore": 2.362, "spike_severity": "Moderate" }, "geometry": { "type": "Point", "coordinates": [ 35.77, -15.78 ] } },
{ "type": "Feature", "properties": { "date": "2025-05-15", "region": "Southern Region", "district": "Phalombe", "market": "Chilinga", "commodity": "Millet", "price": 700.0, "pct_change": 133.33, "zscore": 1.998, "spike_severity": "Moderate" }, "geometry": { "type": "Point", "coordinates": [ 35.77, -15.78 ] } },
{ "type": "Feature", "properties": { "date": "2025-12-15", "region": "Southern Region", "district": "Phalombe", "market": "Chilinga", "commodity": "Millet", "price": 1200.0, "pct_change": 50.0, "zscore": 1.902, "spike_severity": "Moderate" }, "geometry": { "type": "Point", "coordinates": [ 35.77, -15.78 ] } },
{ "type": "Feature", "properties": { "date": "2025-03-15", "region": "Southern Region", "district": "Phalombe", "market": "Chilinga", "commodity": "Oil (vegetable)", "price": 7000.0, "pct_change": 62.79, "zscore": 1.752, "spike_severity": "Moderate" }, "geometry": { "type": "Point", "coordinates": [ 35.77, -15.78 ] } },
{ "type": "Feature", "properties": { "date": "2023-09-15", "region": "Southern Region", "district": "Phalombe", "market": "Chilinga", "commodity": "Pigeon peas", "price": 1119.23, "pct_change": 79.08, "zscore": 2.685, "spike_severity": "Critical" }, "geometry": { "type": "Point", "coordinates": [ 35.77, -15.78 ] } },
{ "type": "Feature", "properties": { "date": "2023-11-15", "region": "Southern Region", "district": "Phalombe", "market": "Chilinga", "commodity": "Pigeon peas", "price": 1300.0, "pct_change": 22.64, "zscore": 2.134, "spike_severity": "Moderate" }, "geometry": { "type": "Point", "coordinates": [ 35.77, -15.78 ] } },
{ "type": "Feature", "properties": { "date": "2024-01-15", "region": "Southern Region", "district": "Phalombe", "market": "Chilinga", "commodity": "Pigeon peas", "price": 1750.0, "pct_change": 22.81, "zscore": 2.1, "spike_severity": "Moderate" }, "geometry": { "type": "Point", "coordinates": [ 35.77, -15.78 ] } },
{ "type": "Feature", "properties": { "date": "2025-02-15", "region": "Southern Region", "district": "Phalombe", "market": "Chilinga", "commodity": "Pigeon peas", "price": 3000.0, "pct_change": 20.42, "zscore": 1.721, "spike_severity": "Moderate" }, "geometry": { "type": "Point", "coordinates": [ 35.77, -15.78 ] } },
{ "type": "Feature", "properties": { "date": "2025-04-15", "region": "Southern Region", "district": "Phalombe", "market": "Chilinga", "commodity": "Pigeon peas", "price": 3094.44, "pct_change": 23.78, "zscore": 1.506, "spike_severity": "Moderate" }, "geometry": { "type": "Point", "coordinates": [ 35.77, -15.78 ] } },
{ "type": "Feature", "properties": { "date": "2025-03-15", "region": "Southern Region", "district": "Phalombe", "market": "Chilinga", "commodity": "Rice", "price": 5000.0, "pct_change": 788.89, "zscore": 2.474, "spike_severity": "Severe" }, "geometry": { "type": "Point", "coordinates": [ 35.77, -15.78 ] } },
{ "type": "Feature", "properties": { "date": "2025-03-15", "region": "Southern Region", "district": "Phalombe", "market": "Chilinga", "commodity": "Sorghum", "price": 2500.0, "pct_change": 809.09, "zscore": 2.04, "spike_severity": "Severe" }, "geometry": { "type": "Point", "coordinates": [ 35.77, -15.78 ] } },
{ "type": "Feature", "properties": { "date": "2025-03-15", "region": "Southern Region", "district": "Phalombe", "market": "Chilinga", "commodity": "Sugar", "price": 3650.0, "pct_change": 329.41, "zscore": 2.268, "spike_severity": "Severe" }, "geometry": { "type": "Point", "coordinates": [ 35.77, -15.78 ] } },
{ "type": "Feature", "properties": { "date": "2025-06-15", "region": "Southern Region", "district": "Phalombe", "market": "Chilinga", "commodity": "Sugar", "price": 5060.0, "pct_change": 31.24, "zscore": 1.739, "spike_severity": "Moderate" }, "geometry": { "type": "Point", "coordinates": [ 35.77, -15.78 ] } },
{ "type": "Feature", "properties": { "date": "2025-03-15", "region": "Southern Region", "district": "Phalombe", "market": "Chilinga", "commodity": "Sweet potatoes", "price": 555.56, "pct_change": 167.74, "zscore": 1.914, "spike_severity": "Moderate" }, "geometry": { "type": "Point", "coordinates": [ 35.77, -15.78 ] } },
{ "type": "Feature", "properties": { "date": "2025-08-15", "region": "Southern Region", "district": "Phalombe", "market": "Chilinga", "commodity": "Sweet potatoes", "price": 1111.11, "pct_change": 33.33, "zscore": 2.028, "spike_severity": "Moderate" }, "geometry": { "type": "Point", "coordinates": [ 35.77, -15.78 ] } },
{ "type": "Feature", "properties": { "date": "2021-02-15", "region": "Southern Region", "district": "Phalombe", "market": "Migowi", "commodity": "Beans", "price": 2377.67, "pct_change": 104.14, "zscore": 1.719, "spike_severity": "Moderate" }, "geometry": { "type": "Point", "coordinates": [ 35.68, -15.72 ] } },
{ "type": "Feature", "properties": { "date": "2023-12-15", "region": "Southern Region", "district": "Phalombe", "market": "Migowi", "commodity": "Beans", "price": 2600.0, "pct_change": 26.83, "zscore": 2.26, "spike_severity": "Moderate" }, "geometry": { "type": "Point", "coordinates": [ 35.68, -15.72 ] } },
{ "type": "Feature", "properties": { "date": "2024-05-15", "region": "Southern Region", "district": "Phalombe", "market": "Migowi", "commodity": "Beans", "price": 3800.0, "pct_change": 43.4, "zscore": 2.413, "spike_severity": "Severe" }, "geometry": { "type": "Point", "coordinates": [ 35.68, -15.72 ] } },
{ "type": "Feature", "properties": { "date": "2025-04-15", "region": "Southern Region", "district": "Phalombe", "market": "Migowi", "commodity": "Cassava", "price": 3540.0, "pct_change": 989.23, "zscore": 2.267, "spike_severity": "Severe" }, "geometry": { "type": "Point", "coordinates": [ 35.68, -15.72 ] } },
{ "type": "Feature", "properties": { "date": "2022-06-15", "region": "Southern Region", "district": "Phalombe", "market": "Migowi", "commodity": "Cowpeas", "price": 900.0, "pct_change": 38.46, "zscore": 1.856, "spike_severity": "Moderate" }, "geometry": { "type": "Point", "coordinates": [ 35.68, -15.72 ] } },
{ "type": "Feature", "properties": { "date": "2023-10-15", "region": "Southern Region", "district": "Phalombe", "market": "Migowi", "commodity": "Cowpeas", "price": 1316.67, "pct_change": 31.67, "zscore": 2.41, "spike_severity": "Moderate" }, "geometry": { "type": "Point", "coordinates": [ 35.68, -15.72 ] } },
{ "type": "Feature", "properties": { "date": "2024-09-15", "region": "Southern Region", "district": "Phalombe", "market": "Migowi", "commodity": "Cowpeas", "price": 2216.67, "pct_change": 30.39, "zscore": 1.604, "spike_severity": "Moderate" }, "geometry": { "type": "Point", "coordinates": [ 35.68, -15.72 ] } },
{ "type": "Feature", "properties": { "date": "2025-01-15", "region": "Southern Region", "district": "Phalombe", "market": "Migowi", "commodity": "Cowpeas", "price": 3150.0, "pct_change": 37.33, "zscore": 2.282, "spike_severity": "Moderate" }, "geometry": { "type": "Point", "coordinates": [ 35.68, -15.72 ] } },
{ "type": "Feature", "properties": { "date": "2026-03-15", "region": "Southern Region", "district": "Phalombe", "market": "Migowi", "commodity": "Fish (small, dry)", "price": 12000.0, "pct_change": 50.0, "zscore": 2.041, "spike_severity": "Severe" }, "geometry": { "type": "Point", "coordinates": [ 35.68, -15.72 ] } },
{ "type": "Feature", "properties": { "date": "2026-03-15", "region": "Southern Region", "district": "Phalombe", "market": "Migowi", "commodity": "Local vegetables", "price": 600.0, "pct_change": 50.0, "zscore": 1.525, "spike_severity": "Moderate" }, "geometry": { "type": "Point", "coordinates": [ 35.68, -15.72 ] } },
{ "type": "Feature", "properties": { "date": "2022-01-15", "region": "Southern Region", "district": "Phalombe", "market": "Migowi", "commodity": "Maize", "price": 207.5, "pct_change": 43.1, "zscore": 1.629, "spike_severity": "Moderate" }, "geometry": { "type": "Point", "coordinates": [ 35.68, -15.72 ] } },
{ "type": "Feature", "properties": { "date": "2022-08-15", "region": "Southern Region", "district": "Phalombe", "market": "Migowi", "commodity": "Maize", "price": 360.0, "pct_change": 73.49, "zscore": 2.97, "spike_severity": "Critical" }, "geometry": { "type": "Point", "coordinates": [ 35.68, -15.72 ] } },
{ "type": "Feature", "properties": { "date": "2025-03-15", "region": "Southern Region", "district": "Phalombe", "market": "Migowi", "commodity": "Maize", "price": 1000.0, "pct_change": 185.71, "zscore": 3.015, "spike_severity": "Critical" }, "geometry": { "type": "Point", "coordinates": [ 35.68, -15.72 ] } },
{ "type": "Feature", "properties": { "date": "2025-09-15", "region": "Southern Region", "district": "Phalombe", "market": "Migowi", "commodity": "Maize", "price": 1450.0, "pct_change": 62.5, "zscore": 2.332, "spike_severity": "Severe" }, "geometry": { "type": "Point", "coordinates": [ 35.68, -15.72 ] } },
{ "type": "Feature", "properties": { "date": "2023-01-15", "region": "Southern Region", "district": "Phalombe", "market": "Migowi", "commodity": "Maize (new harvest)", "price": 518.12, "pct_change": 322.96, "zscore": 2.21, "spike_severity": "Severe" }, "geometry": { "type": "Point", "coordinates": [ 35.68, -15.72 ] } },
{ "type": "Feature", "properties": { "date": "2023-12-15", "region": "Southern Region", "district": "Phalombe", "market": "Migowi", "commodity": "Maize (new harvest)", "price": 1000.0, "pct_change": 21.21, "zscore": 1.597, "spike_severity": "Moderate" }, "geometry": { "type": "Point", "coordinates": [ 35.68, -15.72 ] } },
{ "type": "Feature", "properties": { "date": "2025-01-15", "region": "Southern Region", "district": "Phalombe", "market": "Migowi", "commodity": "Maize (new harvest)", "price": 1300.0, "pct_change": 25.3, "zscore": 2.095, "spike_severity": "Moderate" }, "geometry": { "type": "Point", "coordinates": [ 35.68, -15.72 ] } },
{ "type": "Feature", "properties": { "date": "2025-06-15", "region": "Southern Region", "district": "Phalombe", "market": "Migowi", "commodity": "Millet", "price": 750.0, "pct_change": 150.0, "zscore": 1.967, "spike_severity": "Moderate" }, "geometry": { "type": "Point", "coordinates": [ 35.68, -15.72 ] } },
{ "type": "Feature", "properties": { "date": "2025-10-15", "region": "Southern Region", "district": "Phalombe", "market": "Migowi", "commodity": "Millet", "price": 3000.0, "pct_change": 300.0, "zscore": 2.414, "spike_severity": "Severe" }, "geometry": { "type": "Point", "coordinates": [ 35.68, -15.72 ] } },
{ "type": "Feature", "properties": { "date": "2021-03-15", "region": "Southern Region", "district": "Phalombe", "market": "Migowi", "commodity": "Oil (vegetable)", "price": 1375.0, "pct_change": 22.22, "zscore": 1.699, "spike_severity": "Moderate" }, "geometry": { "type": "Point", "coordinates": [ 35.68, -15.72 ] } },
{ "type": "Feature", "properties": { "date": "2025-03-15", "region": "Southern Region", "district": "Phalombe", "market": "Migowi", "commodity": "Oil (vegetable)", "price": 7500.0, "pct_change": 417.24, "zscore": 2.262, "spike_severity": "Severe" }, "geometry": { "type": "Point", "coordinates": [ 35.68, -15.72 ] } },
{ "type": "Feature", "properties": { "date": "2023-06-15", "region": "Southern Region", "district": "Phalombe", "market": "Migowi", "commodity": "Pigeon peas", "price": 800.0, "pct_change": 39.13, "zscore": 1.582, "spike_severity": "Moderate" }, "geometry": { "type": "Point", "coordinates": [ 35.68, -15.72 ] } },
{ "type": "Feature", "properties": { "date": "2023-08-15", "region": "Southern Region", "district": "Phalombe", "market": "Migowi", "commodity": "Pigeon peas", "price": 820.0, "pct_change": 37.14, "zscore": 1.592, "spike_severity": "Moderate" }, "geometry": { "type": "Point", "coordinates": [ 35.68, -15.72 ] } },
{ "type": "Feature", "properties": { "date": "2023-09-15", "region": "Southern Region", "district": "Phalombe", "market": "Migowi", "commodity": "Pigeon peas", "price": 1000.0, "pct_change": 21.95, "zscore": 2.376, "spike_severity": "Moderate" }, "geometry": { "type": "Point", "coordinates": [ 35.68, -15.72 ] } },
{ "type": "Feature", "properties": { "date": "2024-02-15", "region": "Southern Region", "district": "Phalombe", "market": "Migowi", "commodity": "Pigeon peas", "price": 2072.73, "pct_change": 20.06, "zscore": 2.049, "spike_severity": "Moderate" }, "geometry": { "type": "Point", "coordinates": [ 35.68, -15.72 ] } },
{ "type": "Feature", "properties": { "date": "2025-03-15", "region": "Southern Region", "district": "Phalombe", "market": "Migowi", "commodity": "Pigeon peas", "price": 3500.0, "pct_change": 23.05, "zscore": 2.038, "spike_severity": "Moderate" }, "geometry": { "type": "Point", "coordinates": [ 35.68, -15.72 ] } },
{ "type": "Feature", "properties": { "date": "2025-03-15", "region": "Southern Region", "district": "Phalombe", "market": "Migowi", "commodity": "Rice", "price": 4500.0, "pct_change": 520.69, "zscore": 2.267, "spike_severity": "Severe" }, "geometry": { "type": "Point", "coordinates": [ 35.68, -15.72 ] } },
{ "type": "Feature", "properties": { "date": "2026-02-15", "region": "Southern Region", "district": "Phalombe", "market": "Migowi", "commodity": "Rice", "price": 5200.0, "pct_change": 73.33, "zscore": 1.519, "spike_severity": "Moderate" }, "geometry": { "type": "Point", "coordinates": [ 35.68, -15.72 ] } },
{ "type": "Feature", "properties": { "date": "2025-03-15", "region": "Southern Region", "district": "Phalombe", "market": "Migowi", "commodity": "Sorghum", "price": 2500.0, "pct_change": 1011.11, "zscore": 2.262, "spike_severity": "Severe" }, "geometry": { "type": "Point", "coordinates": [ 35.68, -15.72 ] } },
{ "type": "Feature", "properties": { "date": "2025-10-15", "region": "Southern Region", "district": "Phalombe", "market": "Migowi", "commodity": "Soybeans", "price": 3291.67, "pct_change": 46.3, "zscore": 1.894, "spike_severity": "Moderate" }, "geometry": { "type": "Point", "coordinates": [ 35.68, -15.72 ] } },
{ "type": "Feature", "properties": { "date": "2025-03-15", "region": "Southern Region", "district": "Phalombe", "market": "Migowi", "commodity": "Sugar", "price": 3650.0, "pct_change": 329.41, "zscore": 2.267, "spike_severity": "Severe" }, "geometry": { "type": "Point", "coordinates": [ 35.68, -15.72 ] } },
{ "type": "Feature", "properties": { "date": "2025-06-15", "region": "Southern Region", "district": "Phalombe", "market": "Migowi", "commodity": "Sugar", "price": 5069.44, "pct_change": 30.15, "zscore": 1.736, "spike_severity": "Moderate" }, "geometry": { "type": "Point", "coordinates": [ 35.68, -15.72 ] } },
{ "type": "Feature", "properties": { "date": "2025-03-15", "region": "Southern Region", "district": "Phalombe", "market": "Migowi", "commodity": "Sweet potatoes", "price": 555.56, "pct_change": 53.26, "zscore": 1.987, "spike_severity": "Moderate" }, "geometry": { "type": "Point", "coordinates": [ 35.68, -15.72 ] } },
{ "type": "Feature", "properties": { "date": "2025-07-15", "region": "Southern Region", "district": "Phalombe", "market": "Migowi", "commodity": "Sweet potatoes", "price": 833.33, "pct_change": 50.0, "zscore": 1.843, "spike_severity": "Moderate" }, "geometry": { "type": "Point", "coordinates": [ 35.68, -15.72 ] } },
{ "type": "Feature", "properties": { "date": "2023-01-15", "region": "Southern Region", "district": "Phalombe", "market": "Phalombe Boma", "commodity": "Beans", "price": 1748.96, "pct_change": 118.62, "zscore": 2.274, "spike_severity": "Severe" }, "geometry": { "type": "Point", "coordinates": [ 35.65, -15.81 ] } },
{ "type": "Feature", "properties": { "date": "2023-06-15", "region": "Southern Region", "district": "Phalombe", "market": "Phalombe Boma", "commodity": "Beans", "price": 1800.0, "pct_change": 33.33, "zscore": 1.676, "spike_severity": "Moderate" }, "geometry": { "type": "Point", "coordinates": [ 35.65, -15.81 ] } },
{ "type": "Feature", "properties": { "date": "2023-07-15", "region": "Southern Region", "district": "Phalombe", "market": "Phalombe Boma", "commodity": "Beans", "price": 2275.0, "pct_change": 26.39, "zscore": 2.135, "spike_severity": "Moderate" }, "geometry": { "type": "Point", "coordinates": [ 35.65, -15.81 ] } },
{ "type": "Feature", "properties": { "date": "2024-01-15", "region": "Southern Region", "district": "Phalombe", "market": "Phalombe Boma", "commodity": "Beans", "price": 2773.53, "pct_change": 23.27, "zscore": 1.802, "spike_severity": "Moderate" }, "geometry": { "type": "Point", "coordinates": [ 35.65, -15.81 ] } },
{ "type": "Feature", "properties": { "date": "2024-02-15", "region": "Southern Region", "district": "Phalombe", "market": "Phalombe Boma", "commodity": "Beans", "price": 3366.67, "pct_change": 21.39, "zscore": 2.272, "spike_severity": "Moderate" }, "geometry": { "type": "Point", "coordinates": [ 35.65, -15.81 ] } },
{ "type": "Feature", "properties": { "date": "2024-05-15", "region": "Southern Region", "district": "Phalombe", "market": "Phalombe Boma", "commodity": "Beans", "price": 3850.0, "pct_change": 49.03, "zscore": 1.805, "spike_severity": "Moderate" }, "geometry": { "type": "Point", "coordinates": [ 35.65, -15.81 ] } },
{ "type": "Feature", "properties": { "date": "2025-04-15", "region": "Southern Region", "district": "Phalombe", "market": "Phalombe Boma", "commodity": "Beans", "price": 6608.7, "pct_change": 42.89, "zscore": 2.369, "spike_severity": "Severe" }, "geometry": { "type": "Point", "coordinates": [ 35.65, -15.81 ] } },
{ "type": "Feature", "properties": { "date": "2025-03-15", "region": "Southern Region", "district": "Phalombe", "market": "Phalombe Boma", "commodity": "Cassava", "price": 4000.0, "pct_change": 1328.57, "zscore": 2.267, "spike_severity": "Severe" }, "geometry": { "type": "Point", "coordinates": [ 35.65, -15.81 ] } },
{ "type": "Feature", "properties": { "date": "2023-01-15", "region": "Southern Region", "district": "Phalombe", "market": "Phalombe Boma", "commodity": "Cowpeas", "price": 865.62, "pct_change": 64.88, "zscore": 1.635, "spike_severity": "Moderate" }, "geometry": { "type": "Point", "coordinates": [ 35.65, -15.81 ] } },
{ "type": "Feature", "properties": { "date": "2023-02-15", "region": "Southern Region", "district": "Phalombe", "market": "Phalombe Boma", "commodity": "Cowpeas", "price": 1150.0, "pct_change": 32.85, "zscore": 2.03, "spike_severity": "Moderate" }, "geometry": { "type": "Point", "coordinates": [ 35.65, -15.81 ] } },
{ "type": "Feature", "properties": { "date": "2024-09-15", "region": "Southern Region", "district": "Phalombe", "market": "Phalombe Boma", "commodity": "Cowpeas", "price": 2500.0, "pct_change": 38.89, "zscore": 2.188, "spike_severity": "Moderate" }, "geometry": { "type": "Point", "coordinates": [ 35.65, -15.81 ] } },
{ "type": "Feature", "properties": { "date": "2026-01-15", "region": "Southern Region", "district": "Phalombe", "market": "Phalombe Boma", "commodity": "Exotic vegetables", "price": 2000.0, "pct_change": 151.57, "zscore": 1.715, "spike_severity": "Moderate" }, "geometry": { "type": "Point", "coordinates": [ 35.65, -15.81 ] } },
{ "type": "Feature", "properties": { "date": "2022-01-15", "region": "Southern Region", "district": "Phalombe", "market": "Phalombe Boma", "commodity": "Maize", "price": 220.0, "pct_change": 37.5, "zscore": 1.768, "spike_severity": "Moderate" }, "geometry": { "type": "Point", "coordinates": [ 35.65, -15.81 ] } },
{ "type": "Feature", "properties": { "date": "2022-08-15", "region": "Southern Region", "district": "Phalombe", "market": "Phalombe Boma", "commodity": "Maize", "price": 345.0, "pct_change": 56.82, "zscore": 2.881, "spike_severity": "Severe" }, "geometry": { "type": "Point", "coordinates": [ 35.65, -15.81 ] } },
{ "type": "Feature", "properties": { "date": "2025-03-15", "region": "Southern Region", "district": "Phalombe", "market": "Phalombe Boma", "commodity": "Maize", "price": 1000.0, "pct_change": 212.5, "zscore": 3.055, "spike_severity": "Critical" }, "geometry": { "type": "Point", "coordinates": [ 35.65, -15.81 ] } },
{ "type": "Feature", "properties": { "date": "2025-09-15", "region": "Southern Region", "district": "Phalombe", "market": "Phalombe Boma", "commodity": "Maize", "price": 1500.0, "pct_change": 68.1, "zscore": 2.388, "spike_severity": "Severe" }, "geometry": { "type": "Point", "coordinates": [ 35.65, -15.81 ] } },
{ "type": "Feature", "properties": { "date": "2023-01-15", "region": "Southern Region", "district": "Phalombe", "market": "Phalombe Boma", "commodity": "Maize (new harvest)", "price": 543.12, "pct_change": 343.36, "zscore": 2.211, "spike_severity": "Severe" }, "geometry": { "type": "Point", "coordinates": [ 35.65, -15.81 ] } },
{ "type": "Feature", "properties": { "date": "2025-01-15", "region": "Southern Region", "district": "Phalombe", "market": "Phalombe Boma", "commodity": "Maize (new harvest)", "price": 1300.0, "pct_change": 30.0, "zscore": 2.198, "spike_severity": "Moderate" }, "geometry": { "type": "Point", "coordinates": [ 35.65, -15.81 ] } },
{ "type": "Feature", "properties": { "date": "2025-02-15", "region": "Southern Region", "district": "Phalombe", "market": "Phalombe Boma", "commodity": "Maize (new harvest)", "price": 1688.89, "pct_change": 29.91, "zscore": 2.483, "spike_severity": "Moderate" }, "geometry": { "type": "Point", "coordinates": [ 35.65, -15.81 ] } },
{ "type": "Feature", "properties": { "date": "2025-03-15", "region": "Southern Region", "district": "Phalombe", "market": "Phalombe Boma", "commodity": "Millet", "price": 2500.0, "pct_change": 669.23, "zscore": 2.041, "spike_severity": "Severe" }, "geometry": { "type": "Point", "coordinates": [ 35.65, -15.81 ] } },
{ "type": "Feature", "properties": { "date": "2021-03-15", "region": "Southern Region", "district": "Phalombe", "market": "Phalombe Boma", "commodity": "Oil (vegetable)", "price": 1487.5, "pct_change": 29.35, "zscore": 1.561, "spike_severity": "Moderate" }, "geometry": { "type": "Point", "coordinates": [ 35.65, -15.81 ] } },
{ "type": "Feature", "properties": { "date": "2021-04-15", "region": "Southern Region", "district": "Phalombe", "market": "Phalombe Boma", "commodity": "Oil (vegetable)", "price": 1900.0, "pct_change": 27.73, "zscore": 1.749, "spike_severity": "Moderate" }, "geometry": { "type": "Point", "coordinates": [ 35.65, -15.81 ] } },
{ "type": "Feature", "properties": { "date": "2025-03-15", "region": "Southern Region", "district": "Phalombe", "market": "Phalombe Boma", "commodity": "Oil (vegetable)", "price": 6500.0, "pct_change": 242.11, "zscore": 2.239, "spike_severity": "Severe" }, "geometry": { "type": "Point", "coordinates": [ 35.65, -15.81 ] } },
{ "type": "Feature", "properties": { "date": "2023-06-15", "region": "Southern Region", "district": "Phalombe", "market": "Phalombe Boma", "commodity": "Pigeon peas", "price": 1150.0, "pct_change": 58.62, "zscore": 2.372, "spike_severity": "Severe" }, "geometry": { "type": "Point", "coordinates": [ 35.65, -15.81 ] } },
{ "type": "Feature", "properties": { "date": "2023-10-15", "region": "Southern Region", "district": "Phalombe", "market": "Phalombe Boma", "commodity": "Pigeon peas", "price": 1250.0, "pct_change": 66.67, "zscore": 2.192, "spike_severity": "Severe" }, "geometry": { "type": "Point", "coordinates": [ 35.65, -15.81 ] } },
{ "type": "Feature", "properties": { "date": "2024-01-15", "region": "Southern Region", "district": "Phalombe", "market": "Phalombe Boma", "commodity": "Pigeon peas", "price": 2167.65, "pct_change": 35.48, "zscore": 2.215, "spike_severity": "Moderate" }, "geometry": { "type": "Point", "coordinates": [ 35.65, -15.81 ] } },
{ "type": "Feature", "properties": { "date": "2024-10-15", "region": "Southern Region", "district": "Phalombe", "market": "Phalombe Boma", "commodity": "Pigeon peas", "price": 2500.0, "pct_change": 25.0, "zscore": 1.622, "spike_severity": "Moderate" }, "geometry": { "type": "Point", "coordinates": [ 35.65, -15.81 ] } },
{ "type": "Feature", "properties": { "date": "2025-01-15", "region": "Southern Region", "district": "Phalombe", "market": "Phalombe Boma", "commodity": "Pigeon peas", "price": 3000.0, "pct_change": 27.66, "zscore": 1.613, "spike_severity": "Moderate" }, "geometry": { "type": "Point", "coordinates": [ 35.65, -15.81 ] } },
{ "type": "Feature", "properties": { "date": "2025-03-15", "region": "Southern Region", "district": "Phalombe", "market": "Phalombe Boma", "commodity": "Rice", "price": 4500.0, "pct_change": 462.5, "zscore": 2.474, "spike_severity": "Severe" }, "geometry": { "type": "Point", "coordinates": [ 35.65, -15.81 ] } },
{ "type": "Feature", "properties": { "date": "2025-04-15", "region": "Southern Region", "district": "Phalombe", "market": "Phalombe Boma", "commodity": "Sorghum", "price": 2000.0, "pct_change": 515.38, "zscore": 2.04, "spike_severity": "Severe" }, "geometry": { "type": "Point", "coordinates": [ 35.65, -15.81 ] } },
{ "type": "Feature", "properties": { "date": "2025-09-15", "region": "Southern Region", "district": "Phalombe", "market": "Phalombe Boma", "commodity": "Sorghum", "price": 3500.0, "pct_change": 250.0, "zscore": 2.443, "spike_severity": "Severe" }, "geometry": { "type": "Point", "coordinates": [ 35.65, -15.81 ] } },
{ "type": "Feature", "properties": { "date": "2026-02-15", "region": "Southern Region", "district": "Phalombe", "market": "Phalombe Boma", "commodity": "Sorghum", "price": 3000.0, "pct_change": 150.0, "zscore": 1.586, "spike_severity": "Moderate" }, "geometry": { "type": "Point", "coordinates": [ 35.65, -15.81 ] } },
{ "type": "Feature", "properties": { "date": "2025-03-15", "region": "Southern Region", "district": "Phalombe", "market": "Phalombe Boma", "commodity": "Sugar", "price": 3500.0, "pct_change": 311.76, "zscore": 2.257, "spike_severity": "Severe" }, "geometry": { "type": "Point", "coordinates": [ 35.65, -15.81 ] } },
{ "type": "Feature", "properties": { "date": "2025-06-15", "region": "Southern Region", "district": "Phalombe", "market": "Phalombe Boma", "commodity": "Sugar", "price": 5000.0, "pct_change": 22.89, "zscore": 1.696, "spike_severity": "Moderate" }, "geometry": { "type": "Point", "coordinates": [ 35.65, -15.81 ] } },
{ "type": "Feature", "properties": { "date": "2025-03-15", "region": "Southern Region", "district": "Phalombe", "market": "Phalombe Boma", "commodity": "Sweet potatoes", "price": 555.56, "pct_change": 85.19, "zscore": 2.182, "spike_severity": "Severe" }, "geometry": { "type": "Point", "coordinates": [ 35.65, -15.81 ] } },
{ "type": "Feature", "properties": { "date": "2025-07-15", "region": "Southern Region", "district": "Phalombe", "market": "Phalombe Boma", "commodity": "Sweet potatoes", "price": 833.33, "pct_change": 50.0, "zscore": 1.888, "spike_severity": "Moderate" }, "geometry": { "type": "Point", "coordinates": [ 35.65, -15.81 ] } },
{ "type": "Feature", "properties": { "date": "2025-08-15", "region": "Southern Region", "district": "Phalombe", "market": "Phalombe Boma", "commodity": "Sweet potatoes", "price": 1111.11, "pct_change": 33.33, "zscore": 2.221, "spike_severity": "Moderate" }, "geometry": { "type": "Point", "coordinates": [ 35.65, -15.81 ] } },
{ "type": "Feature", "properties": { "date": "2025-10-15", "region": "Southern Region", "district": "Phalombe", "market": "Phalombe Boma", "commodity": "Sweet potatoes", "price": 1111.0, "pct_change": 33.37, "zscore": 1.594, "spike_severity": "Moderate" }, "geometry": { "type": "Point", "coordinates": [ 35.65, -15.81 ] } },
{ "type": "Feature", "properties": { "date": "2026-03-15", "region": "Southern Region", "district": "Phalombe", "market": "Phalombe Boma", "commodity": "Tomatoes", "price": 4500.0, "pct_change": 66.67, "zscore": 2.086, "spike_severity": "Severe" }, "geometry": { "type": "Point", "coordinates": [ 35.65, -15.81 ] } },
{ "type": "Feature", "properties": { "date": "2024-05-15", "region": "Southern Region", "district": "Phalombe", "market": "Phaloni", "commodity": "Beans", "price": 3750.0, "pct_change": 43.54, "zscore": 2.139, "spike_severity": "Severe" }, "geometry": { "type": "Point", "coordinates": [ 35.76, -15.62 ] } },
{ "type": "Feature", "properties": { "date": "2025-04-15", "region": "Southern Region", "district": "Phalombe", "market": "Phaloni", "commodity": "Beans", "price": 6666.67, "pct_change": 66.11, "zscore": 2.273, "spike_severity": "Severe" }, "geometry": { "type": "Point", "coordinates": [ 35.76, -15.62 ] } },
{ "type": "Feature", "properties": { "date": "2024-12-15", "region": "Southern Region", "district": "Phalombe", "market": "Phaloni", "commodity": "Cowpeas", "price": 2956.25, "pct_change": 47.81, "zscore": 2.156, "spike_severity": "Severe" }, "geometry": { "type": "Point", "coordinates": [ 35.76, -15.62 ] } },
{ "type": "Feature", "properties": { "date": "2025-02-15", "region": "Southern Region", "district": "Phalombe", "market": "Phaloni", "commodity": "Cowpeas", "price": 3500.0, "pct_change": 22.63, "zscore": 2.041, "spike_severity": "Moderate" }, "geometry": { "type": "Point", "coordinates": [ 35.76, -15.62 ] } },
{ "type": "Feature", "properties": { "date": "2025-01-15", "region": "Southern Region", "district": "Phalombe", "market": "Phaloni", "commodity": "Maize (new harvest)", "price": 1289.58, "pct_change": 24.67, "zscore": 1.939, "spike_severity": "Moderate" }, "geometry": { "type": "Point", "coordinates": [ 35.76, -15.62 ] } },
{ "type": "Feature", "properties": { "date": "2025-08-15", "region": "Southern Region", "district": "Phalombe", "market": "Phaloni", "commodity": "Maize (new harvest)", "price": 1445.83, "pct_change": 21.33, "zscore": 1.601, "spike_severity": "Moderate" }, "geometry": { "type": "Point", "coordinates": [ 35.76, -15.62 ] } },
{ "type": "Feature", "properties": { "date": "2024-01-15", "region": "Southern Region", "district": "Phalombe", "market": "Phaloni", "commodity": "Pigeon peas", "price": 1650.0, "pct_change": 24.53, "zscore": 1.587, "spike_severity": "Moderate" }, "geometry": { "type": "Point", "coordinates": [ 35.76, -15.62 ] } },
{ "type": "Feature", "properties": { "date": "2024-02-15", "region": "Southern Region", "district": "Phalombe", "market": "Phaloni", "commodity": "Pigeon peas", "price": 2063.64, "pct_change": 25.07, "zscore": 1.674, "spike_severity": "Moderate" }, "geometry": { "type": "Point", "coordinates": [ 35.76, -15.62 ] } },
{ "type": "Feature", "properties": { "date": "2024-11-15", "region": "Southern Region", "district": "Phalombe", "market": "Phaloni", "commodity": "Pigeon peas", "price": 2800.0, "pct_change": 40.0, "zscore": 1.946, "spike_severity": "Moderate" }, "geometry": { "type": "Point", "coordinates": [ 35.76, -15.62 ] } },
{ "type": "Feature", "properties": { "date": "2025-08-15", "region": "Southern Region", "district": "Phalombe", "market": "Phaloni", "commodity": "Sorghum", "price": 1600.0, "pct_change": 100.0, "zscore": 1.785, "spike_severity": "Moderate" }, "geometry": { "type": "Point", "coordinates": [ 35.76, -15.62 ] } },
{ "type": "Feature", "properties": { "date": "2021-03-15", "region": "Northern Region", "district": "Rumphi", "market": "Bolero", "commodity": "Beans", "price": 1200.0, "pct_change": 41.18, "zscore": 1.722, "spike_severity": "Moderate" }, "geometry": { "type": "Point", "coordinates": [ 33.74, -10.98 ] } },
{ "type": "Feature", "properties": { "date": "2023-01-15", "region": "Northern Region", "district": "Rumphi", "market": "Bolero", "commodity": "Beans", "price": 1677.78, "pct_change": 139.68, "zscore": 2.471, "spike_severity": "Severe" }, "geometry": { "type": "Point", "coordinates": [ 33.74, -10.98 ] } },
{ "type": "Feature", "properties": { "date": "2024-01-15", "region": "Northern Region", "district": "Rumphi", "market": "Bolero", "commodity": "Beans", "price": 2295.0, "pct_change": 20.79, "zscore": 2.284, "spike_severity": "Moderate" }, "geometry": { "type": "Point", "coordinates": [ 33.74, -10.98 ] } },
{ "type": "Feature", "properties": { "date": "2024-09-15", "region": "Northern Region", "district": "Rumphi", "market": "Bolero", "commodity": "Beans", "price": 3281.25, "pct_change": 87.5, "zscore": 2.62, "spike_severity": "Critical" }, "geometry": { "type": "Point", "coordinates": [ 33.74, -10.98 ] } },
{ "type": "Feature", "properties": { "date": "2025-02-15", "region": "Northern Region", "district": "Rumphi", "market": "Bolero", "commodity": "Beans", "price": 5125.0, "pct_change": 57.69, "zscore": 2.436, "spike_severity": "Severe" }, "geometry": { "type": "Point", "coordinates": [ 33.74, -10.98 ] } },
{ "type": "Feature", "properties": { "date": "2025-09-15", "region": "Northern Region", "district": "Rumphi", "market": "Bolero", "commodity": "Beans", "price": 7500.0, "pct_change": 25.0, "zscore": 1.94, "spike_severity": "Moderate" }, "geometry": { "type": "Point", "coordinates": [ 33.74, -10.98 ] } },
{ "type": "Feature", "properties": { "date": "2025-05-15", "region": "Northern Region", "district": "Rumphi", "market": "Bolero", "commodity": "Cassava", "price": 2400.0, "pct_change": 2300.0, "zscore": 1.5, "spike_severity": "Moderate" }, "geometry": { "type": "Point", "coordinates": [ 33.74, -10.98 ] } },
{ "type": "Feature", "properties": { "date": "2025-10-15", "region": "Northern Region", "district": "Rumphi", "market": "Bolero", "commodity": "Cassava", "price": 4000.0, "pct_change": 100.0, "zscore": 1.583, "spike_severity": "Moderate" }, "geometry": { "type": "Point", "coordinates": [ 33.74, -10.98 ] } },
{ "type": "Feature", "properties": { "date": "2025-02-15", "region": "Northern Region", "district": "Rumphi", "market": "Bolero", "commodity": "Cowpeas", "price": 2416.67, "pct_change": 20.83, "zscore": 1.764, "spike_severity": "Moderate" }, "geometry": { "type": "Point", "coordinates": [ 33.74, -10.98 ] } },
{ "type": "Feature", "properties": { "date": "2025-03-15", "region": "Northern Region", "district": "Rumphi", "market": "Bolero", "commodity": "Cowpeas", "price": 3388.89, "pct_change": 40.23, "zscore": 2.247, "spike_severity": "Severe" }, "geometry": { "type": "Point", "coordinates": [ 33.74, -10.98 ] } },
{ "type": "Feature", "properties": { "date": "2026-01-15", "region": "Northern Region", "district": "Rumphi", "market": "Bolero", "commodity": "Exotic vegetables", "price": 2010.0, "pct_change": 221.6, "zscore": 1.694, "spike_severity": "Moderate" }, "geometry": { "type": "Point", "coordinates": [ 33.74, -10.98 ] } },
{ "type": "Feature", "properties": { "date": "2026-02-15", "region": "Northern Region", "district": "Rumphi", "market": "Bolero", "commodity": "Exotic vegetables", "price": 2500.0, "pct_change": 24.38, "zscore": 1.514, "spike_severity": "Moderate" }, "geometry": { "type": "Point", "coordinates": [ 33.74, -10.98 ] } },
{ "type": "Feature", "properties": { "date": "2026-01-15", "region": "Northern Region", "district": "Rumphi", "market": "Bolero", "commodity": "Local vegetables", "price": 1000.0, "pct_change": 81.82, "zscore": 1.6, "spike_severity": "Moderate" }, "geometry": { "type": "Point", "coordinates": [ 33.74, -10.98 ] } },
{ "type": "Feature", "properties": { "date": "2026-02-15", "region": "Northern Region", "district": "Rumphi", "market": "Bolero", "commodity": "Local vegetables", "price": 3000.0, "pct_change": 200.0, "zscore": 1.95, "spike_severity": "Moderate" }, "geometry": { "type": "Point", "coordinates": [ 33.74, -10.98 ] } },
{ "type": "Feature", "properties": { "date": "2022-09-15", "region": "Northern Region", "district": "Rumphi", "market": "Bolero", "commodity": "Maize", "price": 283.0, "pct_change": 76.88, "zscore": 1.855, "spike_severity": "Moderate" }, "geometry": { "type": "Point", "coordinates": [ 33.74, -10.98 ] } },
{ "type": "Feature", "properties": { "date": "2025-09-15", "region": "Northern Region", "district": "Rumphi", "market": "Bolero", "commodity": "Maize", "price": 1250.0, "pct_change": 341.7, "zscore": 3.137, "spike_severity": "Critical" }, "geometry": { "type": "Point", "coordinates": [ 33.74, -10.98 ] } },
{ "type": "Feature", "properties": { "date": "2023-01-15", "region": "Northern Region", "district": "Rumphi", "market": "Bolero", "commodity": "Maize (new harvest)", "price": 446.11, "pct_change": 154.92, "zscore": 2.257, "spike_severity": "Severe" }, "geometry": { "type": "Point", "coordinates": [ 33.74, -10.98 ] } },
{ "type": "Feature", "properties": { "date": "2025-02-15", "region": "Northern Region", "district": "Rumphi", "market": "Bolero", "commodity": "Maize (new harvest)", "price": 1241.67, "pct_change": 112.25, "zscore": 2.606, "spike_severity": "Critical" }, "geometry": { "type": "Point", "coordinates": [ 33.74, -10.98 ] } },
{ "type": "Feature", "properties": { "date": "2025-03-15", "region": "Northern Region", "district": "Rumphi", "market": "Bolero", "commodity": "Oil (vegetable)", "price": 8000.0, "pct_change": 700.0, "zscore": 2.268, "spike_severity": "Severe" }, "geometry": { "type": "Point", "coordinates": [ 33.74, -10.98 ] } },
{ "type": "Feature", "properties": { "date": "2025-04-15", "region": "Northern Region", "district": "Rumphi", "market": "Bolero", "commodity": "Rice", "price": 5000.0, "pct_change": 669.23, "zscore": 2.268, "spike_severity": "Severe" }, "geometry": { "type": "Point", "coordinates": [ 33.74, -10.98 ] } },
{ "type": "Feature", "properties": { "date": "2025-09-15", "region": "Northern Region", "district": "Rumphi", "market": "Bolero", "commodity": "Rice", "price": 6000.0, "pct_change": 100.0, "zscore": 1.821, "spike_severity": "Moderate" }, "geometry": { "type": "Point", "coordinates": [ 33.74, -10.98 ] } },
{ "type": "Feature", "properties": { "date": "2025-10-15", "region": "Northern Region", "district": "Rumphi", "market": "Bolero", "commodity": "Soybeans", "price": 5250.0, "pct_change": 50.0, "zscore": 1.623, "spike_severity": "Moderate" }, "geometry": { "type": "Point", "coordinates": [ 33.74, -10.98 ] } },
{ "type": "Feature", "properties": { "date": "2025-11-15", "region": "Northern Region", "district": "Rumphi", "market": "Bolero", "commodity": "Soybeans", "price": 9000.0, "pct_change": 71.43, "zscore": 1.851, "spike_severity": "Moderate" }, "geometry": { "type": "Point", "coordinates": [ 33.74, -10.98 ] } },
{ "type": "Feature", "properties": { "date": "2025-03-15", "region": "Northern Region", "district": "Rumphi", "market": "Bolero", "commodity": "Sugar", "price": 3500.0, "pct_change": 337.5, "zscore": 2.268, "spike_severity": "Severe" }, "geometry": { "type": "Point", "coordinates": [ 33.74, -10.98 ] } },
{ "type": "Feature", "properties": { "date": "2025-05-15", "region": "Northern Region", "district": "Rumphi", "market": "Bolero", "commodity": "Sugar", "price": 4408.33, "pct_change": 23.48, "zscore": 1.695, "spike_severity": "Moderate" }, "geometry": { "type": "Point", "coordinates": [ 33.74, -10.98 ] } },
{ "type": "Feature", "properties": { "date": "2025-06-15", "region": "Northern Region", "district": "Rumphi", "market": "Bolero", "commodity": "Sugar", "price": 5326.09, "pct_change": 20.82, "zscore": 1.735, "spike_severity": "Moderate" }, "geometry": { "type": "Point", "coordinates": [ 33.74, -10.98 ] } },
{ "type": "Feature", "properties": { "date": "2025-03-15", "region": "Northern Region", "district": "Rumphi", "market": "Bolero", "commodity": "Sweet potatoes", "price": 1111.11, "pct_change": 344.44, "zscore": 1.5, "spike_severity": "Moderate" }, "geometry": { "type": "Point", "coordinates": [ 33.74, -10.98 ] } },
{ "type": "Feature", "properties": { "date": "2025-10-15", "region": "Northern Region", "district": "Rumphi", "market": "Bolero", "commodity": "Sweet potatoes", "price": 1667.0, "pct_change": 100.12, "zscore": 2.134, "spike_severity": "Severe" }, "geometry": { "type": "Point", "coordinates": [ 33.74, -10.98 ] } },
{ "type": "Feature", "properties": { "date": "2026-03-15", "region": "Northern Region", "district": "Rumphi", "market": "Bolero", "commodity": "Sweet potatoes", "price": 1667.0, "pct_change": 20.01, "zscore": 1.536, "spike_severity": "Moderate" }, "geometry": { "type": "Point", "coordinates": [ 33.74, -10.98 ] } },
{ "type": "Feature", "properties": { "date": "2021-03-15", "region": "Northern Region", "district": "Rumphi", "market": "Rumphi Boma", "commodity": "Beans", "price": 1112.5, "pct_change": 30.5, "zscore": 1.772, "spike_severity": "Moderate" }, "geometry": { "type": "Point", "coordinates": [ 33.87, -11.02 ] } },
{ "type": "Feature", "properties": { "date": "2023-01-15", "region": "Northern Region", "district": "Rumphi", "market": "Rumphi Boma", "commodity": "Beans", "price": 1677.78, "pct_change": 86.42, "zscore": 2.258, "spike_severity": "Severe" }, "geometry": { "type": "Point", "coordinates": [ 33.87, -11.02 ] } },
{ "type": "Feature", "properties": { "date": "2024-09-15", "region": "Northern Region", "district": "Rumphi", "market": "Rumphi Boma", "commodity": "Beans", "price": 3500.0, "pct_change": 75.0, "zscore": 2.628, "spike_severity": "Critical" }, "geometry": { "type": "Point", "coordinates": [ 33.87, -11.02 ] } },
{ "type": "Feature", "properties": { "date": "2025-02-15", "region": "Northern Region", "district": "Rumphi", "market": "Rumphi Boma", "commodity": "Beans", "price": 5000.0, "pct_change": 45.99, "zscore": 2.327, "spike_severity": "Severe" }, "geometry": { "type": "Point", "coordinates": [ 33.87, -11.02 ] } },
{ "type": "Feature", "properties": { "date": "2025-05-15", "region": "Northern Region", "district": "Rumphi", "market": "Rumphi Boma", "commodity": "Cassava", "price": 2000.0, "pct_change": 1233.33, "zscore": 2.268, "spike_severity": "Severe" }, "geometry": { "type": "Point", "coordinates": [ 33.87, -11.02 ] } },
{ "type": "Feature", "properties": { "date": "2023-04-15", "region": "Northern Region", "district": "Rumphi", "market": "Rumphi Boma", "commodity": "Cowpeas", "price": 1000.0, "pct_change": 66.67, "zscore": 2.189, "spike_severity": "Severe" }, "geometry": { "type": "Point", "coordinates": [ 33.87, -11.02 ] } },
{ "type": "Feature", "properties": { "date": "2023-08-15", "region": "Northern Region", "district": "Rumphi", "market": "Rumphi Boma", "commodity": "Cowpeas", "price": 1300.0, "pct_change": 30.0, "zscore": 1.772, "spike_severity": "Moderate" }, "geometry": { "type": "Point", "coordinates": [ 33.87, -11.02 ] } },
{ "type": "Feature", "properties": { "date": "2024-02-15", "region": "Northern Region", "district": "Rumphi", "market": "Rumphi Boma", "commodity": "Cowpeas", "price": 1909.09, "pct_change": 21.21, "zscore": 1.975, "spike_severity": "Moderate" }, "geometry": { "type": "Point", "coordinates": [ 33.87, -11.02 ] } },
{ "type": "Feature", "properties": { "date": "2024-11-15", "region": "Northern Region", "district": "Rumphi", "market": "Rumphi Boma", "commodity": "Cowpeas", "price": 2400.0, "pct_change": 25.71, "zscore": 2.218, "spike_severity": "Moderate" }, "geometry": { "type": "Point", "coordinates": [ 33.87, -11.02 ] } },
{ "type": "Feature", "properties": { "date": "2025-02-15", "region": "Northern Region", "district": "Rumphi", "market": "Rumphi Boma", "commodity": "Cowpeas", "price": 3250.0, "pct_change": 35.42, "zscore": 2.435, "spike_severity": "Moderate" }, "geometry": { "type": "Point", "coordinates": [ 33.87, -11.02 ] } },
{ "type": "Feature", "properties": { "date": "2026-01-15", "region": "Northern Region", "district": "Rumphi", "market": "Rumphi Boma", "commodity": "Exotic vegetables", "price": 2000.0, "pct_change": 93.94, "zscore": 1.624, "spike_severity": "Moderate" }, "geometry": { "type": "Point", "coordinates": [ 33.87, -11.02 ] } },
{ "type": "Feature", "properties": { "date": "2026-01-15", "region": "Northern Region", "district": "Rumphi", "market": "Rumphi Boma", "commodity": "Local vegetables", "price": 1000.0, "pct_change": 100.0, "zscore": 1.675, "spike_severity": "Moderate" }, "geometry": { "type": "Point", "coordinates": [ 33.87, -11.02 ] } },
{ "type": "Feature", "properties": { "date": "2022-09-15", "region": "Northern Region", "district": "Rumphi", "market": "Rumphi Boma", "commodity": "Maize", "price": 316.5, "pct_change": 97.81, "zscore": 2.185, "spike_severity": "Severe" }, "geometry": { "type": "Point", "coordinates": [ 33.87, -11.02 ] } },
{ "type": "Feature", "properties": { "date": "2025-09-15", "region": "Northern Region", "district": "Rumphi", "market": "Rumphi Boma", "commodity": "Maize", "price": 1169.57, "pct_change": 269.53, "zscore": 3.111, "spike_severity": "Critical" }, "geometry": { "type": "Point", "coordinates": [ 33.87, -11.02 ] } },
{ "type": "Feature", "properties": { "date": "2023-01-15", "region": "Northern Region", "district": "Rumphi", "market": "Rumphi Boma", "commodity": "Maize (new harvest)", "price": 500.56, "pct_change": 186.03, "zscore": 2.256, "spike_severity": "Severe" }, "geometry": { "type": "Point", "coordinates": [ 33.87, -11.02 ] } },
{ "type": "Feature", "properties": { "date": "2023-04-15", "region": "Northern Region", "district": "Rumphi", "market": "Rumphi Boma", "commodity": "Maize (new harvest)", "price": 550.0, "pct_change": 22.22, "zscore": 1.607, "spike_severity": "Moderate" }, "geometry": { "type": "Point", "coordinates": [ 33.87, -11.02 ] } },
{ "type": "Feature", "properties": { "date": "2025-02-15", "region": "Northern Region", "district": "Rumphi", "market": "Rumphi Boma", "commodity": "Maize (new harvest)", "price": 1197.92, "pct_change": 57.1, "zscore": 2.917, "spike_severity": "Severe" }, "geometry": { "type": "Point", "coordinates": [ 33.87, -11.02 ] } },
{ "type": "Feature", "properties": { "date": "2025-03-15", "region": "Northern Region", "district": "Rumphi", "market": "Rumphi Boma", "commodity": "Millet", "price": 2800.0, "pct_change": 409.09, "zscore": 1.789, "spike_severity": "Moderate" }, "geometry": { "type": "Point", "coordinates": [ 33.87, -11.02 ] } },
{ "type": "Feature", "properties": { "date": "2025-12-15", "region": "Northern Region", "district": "Rumphi", "market": "Rumphi Boma", "commodity": "Millet", "price": 7000.0, "pct_change": 100.0, "zscore": 2.139, "spike_severity": "Severe" }, "geometry": { "type": "Point", "coordinates": [ 33.87, -11.02 ] } },
{ "type": "Feature", "properties": { "date": "2025-03-15", "region": "Northern Region", "district": "Rumphi", "market": "Rumphi Boma", "commodity": "Oil (vegetable)", "price": 8250.0, "pct_change": 587.5, "zscore": 2.266, "spike_severity": "Severe" }, "geometry": { "type": "Point", "coordinates": [ 33.87, -11.02 ] } },
{ "type": "Feature", "properties": { "date": "2023-11-15", "region": "Northern Region", "district": "Rumphi", "market": "Rumphi Boma", "commodity": "Pigeon peas", "price": 1000.0, "pct_change": 73.91, "zscore": 2.005, "spike_severity": "Severe" }, "geometry": { "type": "Point", "coordinates": [ 33.87, -11.02 ] } },
{ "type": "Feature", "properties": { "date": "2023-12-15", "region": "Northern Region", "district": "Rumphi", "market": "Rumphi Boma", "commodity": "Pigeon peas", "price": 1300.0, "pct_change": 30.0, "zscore": 1.926, "spike_severity": "Moderate" }, "geometry": { "type": "Point", "coordinates": [ 33.87, -11.02 ] } },
{ "type": "Feature", "properties": { "date": "2024-01-15", "region": "Northern Region", "district": "Rumphi", "market": "Rumphi Boma", "commodity": "Pigeon peas", "price": 1590.0, "pct_change": 22.31, "zscore": 1.863, "spike_severity": "Moderate" }, "geometry": { "type": "Point", "coordinates": [ 33.87, -11.02 ] } },
{ "type": "Feature", "properties": { "date": "2025-10-15", "region": "Northern Region", "district": "Rumphi", "market": "Rumphi Boma", "commodity": "Pigeon peas", "price": 4500.0, "pct_change": 150.0, "zscore": 2.722, "spike_severity": "Critical" }, "geometry": { "type": "Point", "coordinates": [ 33.87, -11.02 ] } },
{ "type": "Feature", "properties": { "date": "2025-04-15", "region": "Northern Region", "district": "Rumphi", "market": "Rumphi Boma", "commodity": "Rice", "price": 4200.0, "pct_change": 500.0, "zscore": 2.467, "spike_severity": "Severe" }, "geometry": { "type": "Point", "coordinates": [ 33.87, -11.02 ] } },
{ "type": "Feature", "properties": { "date": "2026-03-15", "region": "Northern Region", "district": "Rumphi", "market": "Rumphi Boma", "commodity": "Soybeans", "price": 6000.0, "pct_change": 33.33, "zscore": 1.843, "spike_severity": "Moderate" }, "geometry": { "type": "Point", "coordinates": [ 33.87, -11.02 ] } },
{ "type": "Feature", "properties": { "date": "2025-03-15", "region": "Northern Region", "district": "Rumphi", "market": "Rumphi Boma", "commodity": "Sugar", "price": 3900.0, "pct_change": 358.82, "zscore": 2.267, "spike_severity": "Severe" }, "geometry": { "type": "Point", "coordinates": [ 33.87, -11.02 ] } },
{ "type": "Feature", "properties": { "date": "2025-06-15", "region": "Northern Region", "district": "Rumphi", "market": "Rumphi Boma", "commodity": "Sugar", "price": 5291.67, "pct_change": 26.77, "zscore": 1.67, "spike_severity": "Moderate" }, "geometry": { "type": "Point", "coordinates": [ 33.87, -11.02 ] } },
{ "type": "Feature", "properties": { "date": "2025-03-15", "region": "Northern Region", "district": "Rumphi", "market": "Rumphi Boma", "commodity": "Sweet potatoes", "price": 972.22, "pct_change": 177.78, "zscore": 2.232, "spike_severity": "Severe" }, "geometry": { "type": "Point", "coordinates": [ 33.87, -11.02 ] } },
{ "type": "Feature", "properties": { "date": "2025-10-15", "region": "Northern Region", "district": "Rumphi", "market": "Rumphi Boma", "commodity": "Sweet potatoes", "price": 1111.0, "pct_change": 33.37, "zscore": 1.551, "spike_severity": "Moderate" }, "geometry": { "type": "Point", "coordinates": [ 33.87, -11.02 ] } },
{ "type": "Feature", "properties": { "date": "2024-01-15", "region": "Central Region", "district": "Salima", "market": "Kamuzu Road", "commodity": "Beans", "price": 2694.12, "pct_change": 22.46, "zscore": 2.48, "spike_severity": "Moderate" }, "geometry": { "type": "Point", "coordinates": [ 34.44, -13.77 ] } },
{ "type": "Feature", "properties": { "date": "2024-04-15", "region": "Central Region", "district": "Salima", "market": "Kamuzu Road", "commodity": "Beans", "price": 3055.56, "pct_change": 22.22, "zscore": 1.717, "spike_severity": "Moderate" }, "geometry": { "type": "Point", "coordinates": [ 34.44, -13.77 ] } },
{ "type": "Feature", "properties": { "date": "2025-03-15", "region": "Central Region", "district": "Salima", "market": "Kamuzu Road", "commodity": "Cassava", "price": 3200.0, "pct_change": 966.67, "zscore": 2.268, "spike_severity": "Severe" }, "geometry": { "type": "Point", "coordinates": [ 34.44, -13.77 ] } },
{ "type": "Feature", "properties": { "date": "2022-06-15", "region": "Central Region", "district": "Salima", "market": "Kamuzu Road", "commodity": "Cowpeas", "price": 925.0, "pct_change": 48.0, "zscore": 2.098, "spike_severity": "Severe" }, "geometry": { "type": "Point", "coordinates": [ 34.44, -13.77 ] } },
{ "type": "Feature", "properties": { "date": "2023-10-15", "region": "Central Region", "district": "Salima", "market": "Kamuzu Road", "commodity": "Cowpeas", "price": 2966.67, "pct_change": 270.83, "zscore": 3.117, "spike_severity": "Critical" }, "geometry": { "type": "Point", "coordinates": [ 34.44, -13.77 ] } },
{ "type": "Feature", "properties": { "date": "2025-02-15", "region": "Central Region", "district": "Salima", "market": "Kamuzu Road", "commodity": "Cowpeas", "price": 3366.67, "pct_change": 21.77, "zscore": 1.571, "spike_severity": "Moderate" }, "geometry": { "type": "Point", "coordinates": [ 34.44, -13.77 ] } },
{ "type": "Feature", "properties": { "date": "2025-08-15", "region": "Central Region", "district": "Salima", "market": "Kamuzu Road", "commodity": "Cowpeas", "price": 4419.36, "pct_change": 96.42, "zscore": 1.904, "spike_severity": "Moderate" }, "geometry": { "type": "Point", "coordinates": [ 34.44, -13.77 ] } },
{ "type": "Feature", "properties": { "date": "2026-01-15", "region": "Central Region", "district": "Salima", "market": "Kamuzu Road", "commodity": "Exotic vegetables", "price": 1000.0, "pct_change": 60.0, "zscore": 1.592, "spike_severity": "Moderate" }, "geometry": { "type": "Point", "coordinates": [ 34.44, -13.77 ] } },
{ "type": "Feature", "properties": { "date": "2026-01-15", "region": "Central Region", "district": "Salima", "market": "Kamuzu Road", "commodity": "Local vegetables", "price": 1000.0, "pct_change": 60.0, "zscore": 1.567, "spike_severity": "Moderate" }, "geometry": { "type": "Point", "coordinates": [ 34.44, -13.77 ] } },
{ "type": "Feature", "properties": { "date": "2022-08-15", "region": "Central Region", "district": "Salima", "market": "Kamuzu Road", "commodity": "Maize", "price": 347.5, "pct_change": 73.75, "zscore": 2.734, "spike_severity": "Critical" }, "geometry": { "type": "Point", "coordinates": [ 34.44, -13.77 ] } },
{ "type": "Feature", "properties": { "date": "2025-03-15", "region": "Central Region", "district": "Salima", "market": "Kamuzu Road", "commodity": "Maize", "price": 1800.0, "pct_change": 421.74, "zscore": 3.138, "spike_severity": "Critical" }, "geometry": { "type": "Point", "coordinates": [ 34.44, -13.77 ] } },
{ "type": "Feature", "properties": { "date": "2023-01-15", "region": "Central Region", "district": "Salima", "market": "Kamuzu Road", "commodity": "Maize (new harvest)", "price": 500.0, "pct_change": 203.03, "zscore": 2.251, "spike_severity": "Severe" }, "geometry": { "type": "Point", "coordinates": [ 34.44, -13.77 ] } },
{ "type": "Feature", "properties": { "date": "2025-01-15", "region": "Central Region", "district": "Salima", "market": "Kamuzu Road", "commodity": "Maize (new harvest)", "price": 1329.41, "pct_change": 29.5, "zscore": 2.302, "spike_severity": "Moderate" }, "geometry": { "type": "Point", "coordinates": [ 34.44, -13.77 ] } },
{ "type": "Feature", "properties": { "date": "2025-02-15", "region": "Central Region", "district": "Salima", "market": "Kamuzu Road", "commodity": "Maize (new harvest)", "price": 1633.33, "pct_change": 22.86, "zscore": 2.323, "spike_severity": "Moderate" }, "geometry": { "type": "Point", "coordinates": [ 34.44, -13.77 ] } },
{ "type": "Feature", "properties": { "date": "2025-11-15", "region": "Central Region", "district": "Salima", "market": "Kamuzu Road", "commodity": "Millet", "price": 4250.0, "pct_change": 2025.0, "zscore": 2.036, "spike_severity": "Severe" }, "geometry": { "type": "Point", "coordinates": [ 34.44, -13.77 ] } },
{ "type": "Feature", "properties": { "date": "2025-03-15", "region": "Central Region", "district": "Salima", "market": "Kamuzu Road", "commodity": "Oil (vegetable)", "price": 7000.0, "pct_change": 321.05, "zscore": 2.254, "spike_severity": "Severe" }, "geometry": { "type": "Point", "coordinates": [ 34.44, -13.77 ] } },
{ "type": "Feature", "properties": { "date": "2023-10-15", "region": "Central Region", "district": "Salima", "market": "Kamuzu Road", "commodity": "Pigeon peas", "price": 1175.0, "pct_change": 60.23, "zscore": 2.322, "spike_severity": "Severe" }, "geometry": { "type": "Point", "coordinates": [ 34.44, -13.77 ] } },
{ "type": "Feature", "properties": { "date": "2024-02-15", "region": "Central Region", "district": "Salima", "market": "Kamuzu Road", "commodity": "Pigeon peas", "price": 1945.45, "pct_change": 21.37, "zscore": 2.073, "spike_severity": "Moderate" }, "geometry": { "type": "Point", "coordinates": [ 34.44, -13.77 ] } },
{ "type": "Feature", "properties": { "date": "2024-09-15", "region": "Central Region", "district": "Salima", "market": "Kamuzu Road", "commodity": "Pigeon peas", "price": 2500.0, "pct_change": 28.5, "zscore": 2.244, "spike_severity": "Moderate" }, "geometry": { "type": "Point", "coordinates": [ 34.44, -13.77 ] } },
{ "type": "Feature", "properties": { "date": "2024-12-15", "region": "Central Region", "district": "Salima", "market": "Kamuzu Road", "commodity": "Pigeon peas", "price": 2671.87, "pct_change": 33.59, "zscore": 1.554, "spike_severity": "Moderate" }, "geometry": { "type": "Point", "coordinates": [ 34.44, -13.77 ] } },
{ "type": "Feature", "properties": { "date": "2025-02-15", "region": "Central Region", "district": "Salima", "market": "Kamuzu Road", "commodity": "Pigeon peas", "price": 3388.89, "pct_change": 21.29, "zscore": 1.788, "spike_severity": "Moderate" }, "geometry": { "type": "Point", "coordinates": [ 34.44, -13.77 ] } },
{ "type": "Feature", "properties": { "date": "2025-03-15", "region": "Central Region", "district": "Salima", "market": "Kamuzu Road", "commodity": "Rice", "price": 4000.0, "pct_change": 481.82, "zscore": 2.267, "spike_severity": "Severe" }, "geometry": { "type": "Point", "coordinates": [ 34.44, -13.77 ] } },
{ "type": "Feature", "properties": { "date": "2025-06-15", "region": "Central Region", "district": "Salima", "market": "Kamuzu Road", "commodity": "Sorghum", "price": 786.67, "pct_change": 31.11, "zscore": 1.807, "spike_severity": "Moderate" }, "geometry": { "type": "Point", "coordinates": [ 34.44, -13.77 ] } },
{ "type": "Feature", "properties": { "date": "2025-07-15", "region": "Central Region", "district": "Salima", "market": "Kamuzu Road", "commodity": "Sorghum", "price": 1000.0, "pct_change": 27.12, "zscore": 1.964, "spike_severity": "Moderate" }, "geometry": { "type": "Point", "coordinates": [ 34.44, -13.77 ] } },
{ "type": "Feature", "properties": { "date": "2025-11-15", "region": "Central Region", "district": "Salima", "market": "Kamuzu Road", "commodity": "Sorghum", "price": 3500.0, "pct_change": 250.0, "zscore": 2.769, "spike_severity": "Critical" }, "geometry": { "type": "Point", "coordinates": [ 34.44, -13.77 ] } },
{ "type": "Feature", "properties": { "date": "2025-03-15", "region": "Central Region", "district": "Salima", "market": "Kamuzu Road", "commodity": "Sugar", "price": 3700.0, "pct_change": 348.48, "zscore": 2.267, "spike_severity": "Severe" }, "geometry": { "type": "Point", "coordinates": [ 34.44, -13.77 ] } },
{ "type": "Feature", "properties": { "date": "2025-06-15", "region": "Central Region", "district": "Salima", "market": "Kamuzu Road", "commodity": "Sugar", "price": 4628.33, "pct_change": 28.54, "zscore": 1.626, "spike_severity": "Moderate" }, "geometry": { "type": "Point", "coordinates": [ 34.44, -13.77 ] } },
{ "type": "Feature", "properties": { "date": "2025-03-15", "region": "Central Region", "district": "Salima", "market": "Kamuzu Road", "commodity": "Sweet potatoes", "price": 1111.11, "pct_change": 229.22, "zscore": 2.231, "spike_severity": "Severe" }, "geometry": { "type": "Point", "coordinates": [ 34.44, -13.77 ] } },
{ "type": "Feature", "properties": { "date": "2025-09-15", "region": "Central Region", "district": "Salima", "market": "Kamuzu Road", "commodity": "Sweet potatoes", "price": 1111.0, "pct_change": 33.32, "zscore": 1.69, "spike_severity": "Moderate" }, "geometry": { "type": "Point", "coordinates": [ 34.44, -13.77 ] } },
{ "type": "Feature", "properties": { "date": "2022-07-15", "region": "Central Region", "district": "Salima", "market": "Thavite", "commodity": "Beans", "price": 1500.0, "pct_change": 42.86, "zscore": 1.517, "spike_severity": "Moderate" }, "geometry": { "type": "Point", "coordinates": [ 34.26, -13.5 ] } },
{ "type": "Feature", "properties": { "date": "2023-06-15", "region": "Central Region", "district": "Salima", "market": "Thavite", "commodity": "Beans", "price": 1775.0, "pct_change": 47.92, "zscore": 1.721, "spike_severity": "Moderate" }, "geometry": { "type": "Point", "coordinates": [ 34.26, -13.5 ] } },
{ "type": "Feature", "properties": { "date": "2025-05-15", "region": "Central Region", "district": "Salima", "market": "Thavite", "commodity": "Cassava", "price": 3600.0, "pct_change": 1052.0, "zscore": 2.266, "spike_severity": "Severe" }, "geometry": { "type": "Point", "coordinates": [ 34.26, -13.5 ] } },
{ "type": "Feature", "properties": { "date": "2023-11-15", "region": "Central Region", "district": "Salima", "market": "Thavite", "commodity": "Cowpeas", "price": 1300.0, "pct_change": 32.2, "zscore": 2.559, "spike_severity": "Moderate" }, "geometry": { "type": "Point", "coordinates": [ 34.26, -13.5 ] } },
{ "type": "Feature", "properties": { "date": "2024-09-15", "region": "Central Region", "district": "Salima", "market": "Thavite", "commodity": "Cowpeas", "price": 2050.0, "pct_change": 46.43, "zscore": 1.917, "spike_severity": "Moderate" }, "geometry": { "type": "Point", "coordinates": [ 34.26, -13.5 ] } },
{ "type": "Feature", "properties": { "date": "2025-02-15", "region": "Central Region", "district": "Salima", "market": "Thavite", "commodity": "Cowpeas", "price": 3194.44, "pct_change": 20.68, "zscore": 2.235, "spike_severity": "Moderate" }, "geometry": { "type": "Point", "coordinates": [ 34.26, -13.5 ] } },
{ "type": "Feature", "properties": { "date": "2026-03-15", "region": "Central Region", "district": "Salima", "market": "Thavite", "commodity": "Fish (small, dry)", "price": 16000.0, "pct_change": 100.0, "zscore": 2.041, "spike_severity": "Severe" }, "geometry": { "type": "Point", "coordinates": [ 34.26, -13.5 ] } },
{ "type": "Feature", "properties": { "date": "2025-08-15", "region": "Central Region", "district": "Salima", "market": "Thavite", "commodity": "Groundnuts (shelled)", "price": 6750.0, "pct_change": 50.0, "zscore": 1.767, "spike_severity": "Moderate" }, "geometry": { "type": "Point", "coordinates": [ 34.26, -13.5 ] } },
{ "type": "Feature", "properties": { "date": "2025-12-15", "region": "Central Region", "district": "Salima", "market": "Thavite", "commodity": "Groundnuts (shelled)", "price": 8125.0, "pct_change": 20.37, "zscore": 1.68, "spike_severity": "Moderate" }, "geometry": { "type": "Point", "coordinates": [ 34.26, -13.5 ] } },
{ "type": "Feature", "properties": { "date": "2022-08-15", "region": "Central Region", "district": "Salima", "market": "Thavite", "commodity": "Maize", "price": 340.0, "pct_change": 74.36, "zscore": 2.981, "spike_severity": "Critical" }, "geometry": { "type": "Point", "coordinates": [ 34.26, -13.5 ] } },
{ "type": "Feature", "properties": { "date": "2025-09-15", "region": "Central Region", "district": "Salima", "market": "Thavite", "commodity": "Maize", "price": 1450.0, "pct_change": 383.33, "zscore": 3.12, "spike_severity": "Critical" }, "geometry": { "type": "Point", "coordinates": [ 34.26, -13.5 ] } },
{ "type": "Feature", "properties": { "date": "2023-01-15", "region": "Central Region", "district": "Salima", "market": "Thavite", "commodity": "Maize (new harvest)", "price": 500.0, "pct_change": 471.43, "zscore": 2.163, "spike_severity": "Severe" }, "geometry": { "type": "Point", "coordinates": [ 34.26, -13.5 ] } },
{ "type": "Feature", "properties": { "date": "2023-07-15", "region": "Central Region", "district": "Salima", "market": "Thavite", "commodity": "Maize (new harvest)", "price": 700.0, "pct_change": 40.0, "zscore": 1.807, "spike_severity": "Moderate" }, "geometry": { "type": "Point", "coordinates": [ 34.26, -13.5 ] } },
{ "type": "Feature", "properties": { "date": "2025-01-15", "region": "Central Region", "district": "Salima", "market": "Thavite", "commodity": "Maize (new harvest)", "price": 1241.18, "pct_change": 31.08, "zscore": 2.244, "spike_severity": "Moderate" }, "geometry": { "type": "Point", "coordinates": [ 34.26, -13.5 ] } },
{ "type": "Feature", "properties": { "date": "2025-02-15", "region": "Central Region", "district": "Salima", "market": "Thavite", "commodity": "Maize (new harvest)", "price": 1533.33, "pct_change": 23.54, "zscore": 2.353, "spike_severity": "Moderate" }, "geometry": { "type": "Point", "coordinates": [ 34.26, -13.5 ] } },
{ "type": "Feature", "properties": { "date": "2025-11-15", "region": "Central Region", "district": "Salima", "market": "Thavite", "commodity": "Millet", "price": 5250.0, "pct_change": 950.0, "zscore": 2.162, "spike_severity": "Severe" }, "geometry": { "type": "Point", "coordinates": [ 34.26, -13.5 ] } },
{ "type": "Feature", "properties": { "date": "2025-04-15", "region": "Central Region", "district": "Salima", "market": "Thavite", "commodity": "Oil (vegetable)", "price": 7281.25, "pct_change": 377.46, "zscore": 2.261, "spike_severity": "Severe" }, "geometry": { "type": "Point", "coordinates": [ 34.26, -13.5 ] } },
{ "type": "Feature", "properties": { "date": "2023-09-15", "region": "Central Region", "district": "Salima", "market": "Thavite", "commodity": "Pigeon peas", "price": 1000.0, "pct_change": 33.33, "zscore": 1.839, "spike_severity": "Moderate" }, "geometry": { "type": "Point", "coordinates": [ 34.26, -13.5 ] } },
{ "type": "Feature", "properties": { "date": "2023-11-15", "region": "Central Region", "district": "Salima", "market": "Thavite", "commodity": "Pigeon peas", "price": 1350.0, "pct_change": 35.0, "zscore": 2.355, "spike_severity": "Moderate" }, "geometry": { "type": "Point", "coordinates": [ 34.26, -13.5 ] } },
{ "type": "Feature", "properties": { "date": "2024-09-15", "region": "Central Region", "district": "Salima", "market": "Thavite", "commodity": "Pigeon peas", "price": 2000.0, "pct_change": 21.21, "zscore": 1.922, "spike_severity": "Moderate" }, "geometry": { "type": "Point", "coordinates": [ 34.26, -13.5 ] } },
{ "type": "Feature", "properties": { "date": "2025-04-15", "region": "Central Region", "district": "Salima", "market": "Thavite", "commodity": "Rice", "price": 3500.0, "pct_change": 522.22, "zscore": 2.261, "spike_severity": "Severe" }, "geometry": { "type": "Point", "coordinates": [ 34.26, -13.5 ] } },
{ "type": "Feature", "properties": { "date": "2025-08-15", "region": "Central Region", "district": "Salima", "market": "Thavite", "commodity": "Sorghum", "price": 2800.0, "pct_change": 300.0, "zscore": 1.986, "spike_severity": "Moderate" }, "geometry": { "type": "Point", "coordinates": [ 34.26, -13.5 ] } },
{ "type": "Feature", "properties": { "date": "2025-08-15", "region": "Central Region", "district": "Salima", "market": "Thavite", "commodity": "Soybeans", "price": 2500.0, "pct_change": 25.0, "zscore": 1.509, "spike_severity": "Moderate" }, "geometry": { "type": "Point", "coordinates": [ 34.26, -13.5 ] } },
{ "type": "Feature", "properties": { "date": "2026-01-15", "region": "Central Region", "district": "Salima", "market": "Thavite", "commodity": "Soybeans", "price": 3500.0, "pct_change": 48.94, "zscore": 2.296, "spike_severity": "Severe" }, "geometry": { "type": "Point", "coordinates": [ 34.26, -13.5 ] } },
{ "type": "Feature", "properties": { "date": "2025-04-15", "region": "Central Region", "district": "Salima", "market": "Thavite", "commodity": "Sugar", "price": 3504.17, "pct_change": 312.26, "zscore": 2.267, "spike_severity": "Severe" }, "geometry": { "type": "Point", "coordinates": [ 34.26, -13.5 ] } },
{ "type": "Feature", "properties": { "date": "2025-04-15", "region": "Central Region", "district": "Salima", "market": "Thavite", "commodity": "Sweet potatoes", "price": 722.22, "pct_change": 162.63, "zscore": 2.108, "spike_severity": "Severe" }, "geometry": { "type": "Point", "coordinates": [ 34.26, -13.5 ] } },
{ "type": "Feature", "properties": { "date": "2025-08-15", "region": "Central Region", "district": "Salima", "market": "Thavite", "commodity": "Sweet potatoes", "price": 833.33, "pct_change": 150.0, "zscore": 1.83, "spike_severity": "Moderate" }, "geometry": { "type": "Point", "coordinates": [ 34.26, -13.5 ] } },
{ "type": "Feature", "properties": { "date": "2025-10-15", "region": "Central Region", "district": "Salima", "market": "Thavite", "commodity": "Sweet potatoes", "price": 1111.0, "pct_change": 33.32, "zscore": 2.214, "spike_severity": "Moderate" }, "geometry": { "type": "Point", "coordinates": [ 34.26, -13.5 ] } },
{ "type": "Feature", "properties": { "date": "2023-01-15", "region": "Southern Region", "district": "Thyolo", "market": "Luchenza", "commodity": "Beans", "price": 1717.71, "pct_change": 71.77, "zscore": 1.748, "spike_severity": "Moderate" }, "geometry": { "type": "Point", "coordinates": [ 35.31, -16.01 ] } },
{ "type": "Feature", "properties": { "date": "2024-04-15", "region": "Southern Region", "district": "Thyolo", "market": "Luchenza", "commodity": "Beans", "price": 3000.0, "pct_change": 50.0, "zscore": 1.876, "spike_severity": "Moderate" }, "geometry": { "type": "Point", "coordinates": [ 35.31, -16.01 ] } },
{ "type": "Feature", "properties": { "date": "2024-09-15", "region": "Southern Region", "district": "Thyolo", "market": "Luchenza", "commodity": "Beans", "price": 4125.0, "pct_change": 37.5, "zscore": 2.413, "spike_severity": "Moderate" }, "geometry": { "type": "Point", "coordinates": [ 35.31, -16.01 ] } },
{ "type": "Feature", "properties": { "date": "2025-03-15", "region": "Southern Region", "district": "Thyolo", "market": "Luchenza", "commodity": "Beans", "price": 6500.0, "pct_change": 20.62, "zscore": 1.961, "spike_severity": "Moderate" }, "geometry": { "type": "Point", "coordinates": [ 35.31, -16.01 ] } },
{ "type": "Feature", "properties": { "date": "2024-01-15", "region": "Southern Region", "district": "Thyolo", "market": "Luchenza", "commodity": "Cowpeas", "price": 1676.47, "pct_change": 24.18, "zscore": 1.581, "spike_severity": "Moderate" }, "geometry": { "type": "Point", "coordinates": [ 35.31, -16.01 ] } },
{ "type": "Feature", "properties": { "date": "2024-09-15", "region": "Southern Region", "district": "Thyolo", "market": "Luchenza", "commodity": "Cowpeas", "price": 2625.0, "pct_change": 40.85, "zscore": 2.438, "spike_severity": "Severe" }, "geometry": { "type": "Point", "coordinates": [ 35.31, -16.01 ] } },
{ "type": "Feature", "properties": { "date": "2022-08-15", "region": "Southern Region", "district": "Thyolo", "market": "Luchenza", "commodity": "Maize", "price": 360.0, "pct_change": 100.0, "zscore": 1.882, "spike_severity": "Moderate" }, "geometry": { "type": "Point", "coordinates": [ 35.31, -16.01 ] } },
{ "type": "Feature", "properties": { "date": "2023-07-15", "region": "Southern Region", "district": "Thyolo", "market": "Luchenza", "commodity": "Maize (new harvest)", "price": 756.25, "pct_change": 37.5, "zscore": 1.669, "spike_severity": "Moderate" }, "geometry": { "type": "Point", "coordinates": [ 35.31, -16.01 ] } },
{ "type": "Feature", "properties": { "date": "2025-01-15", "region": "Southern Region", "district": "Thyolo", "market": "Luchenza", "commodity": "Maize (new harvest)", "price": 1288.24, "pct_change": 25.68, "zscore": 2.205, "spike_severity": "Moderate" }, "geometry": { "type": "Point", "coordinates": [ 35.31, -16.01 ] } },
{ "type": "Feature", "properties": { "date": "2025-02-15", "region": "Southern Region", "district": "Thyolo", "market": "Luchenza", "commodity": "Maize (new harvest)", "price": 1590.74, "pct_change": 23.48, "zscore": 2.371, "spike_severity": "Moderate" }, "geometry": { "type": "Point", "coordinates": [ 35.31, -16.01 ] } },
{ "type": "Feature", "properties": { "date": "2024-01-15", "region": "Southern Region", "district": "Thyolo", "market": "Luchenza", "commodity": "Pigeon peas", "price": 1691.18, "pct_change": 25.27, "zscore": 1.849, "spike_severity": "Moderate" }, "geometry": { "type": "Point", "coordinates": [ 35.31, -16.01 ] } },
{ "type": "Feature", "properties": { "date": "2024-12-15", "region": "Southern Region", "district": "Thyolo", "market": "Luchenza", "commodity": "Pigeon peas", "price": 2737.5, "pct_change": 36.87, "zscore": 1.677, "spike_severity": "Moderate" }, "geometry": { "type": "Point", "coordinates": [ 35.31, -16.01 ] } },
{ "type": "Feature", "properties": { "date": "2025-03-15", "region": "Southern Region", "district": "Thyolo", "market": "Luncheza", "commodity": "Beans", "price": 7000.0, "pct_change": 677.78, "zscore": 2.266, "spike_severity": "Severe" }, "geometry": { "type": "Point", "coordinates": [ 35.31, -16.02 ] } },
{ "type": "Feature", "properties": { "date": "2025-04-15", "region": "Southern Region", "district": "Thyolo", "market": "Luncheza", "commodity": "Cassava", "price": 4000.0, "pct_change": 2062.16, "zscore": 2.266, "spike_severity": "Severe" }, "geometry": { "type": "Point", "coordinates": [ 35.31, -16.02 ] } },
{ "type": "Feature", "properties": { "date": "2025-03-15", "region": "Southern Region", "district": "Thyolo", "market": "Luncheza", "commodity": "Cowpeas", "price": 3000.0, "pct_change": 400.0, "zscore": 2.264, "spike_severity": "Severe" }, "geometry": { "type": "Point", "coordinates": [ 35.31, -16.02 ] } },
{ "type": "Feature", "properties": { "date": "2025-04-15", "region": "Southern Region", "district": "Thyolo", "market": "Luncheza", "commodity": "Cowpeas", "price": 3800.0, "pct_change": 26.67, "zscore": 1.908, "spike_severity": "Moderate" }, "geometry": { "type": "Point", "coordinates": [ 35.31, -16.02 ] } },
{ "type": "Feature", "properties": { "date": "2026-04-15", "region": "Southern Region", "district": "Thyolo", "market": "Luncheza", "commodity": "Cowpeas", "price": 4500.0, "pct_change": 37.32, "zscore": 1.979, "spike_severity": "Moderate" }, "geometry": { "type": "Point", "coordinates": [ 35.31, -16.02 ] } },
{ "type": "Feature", "properties": { "date": "2026-02-15", "region": "Southern Region", "district": "Thyolo", "market": "Luncheza", "commodity": "Exotic vegetables", "price": 1340.0, "pct_change": 155.24, "zscore": 1.701, "spike_severity": "Moderate" }, "geometry": { "type": "Point", "coordinates": [ 35.31, -16.02 ] } },
{ "type": "Feature", "properties": { "date": "2026-02-15", "region": "Southern Region", "district": "Thyolo", "market": "Luncheza", "commodity": "Local vegetables", "price": 1600.0, "pct_change": 276.47, "zscore": 1.748, "spike_severity": "Moderate" }, "geometry": { "type": "Point", "coordinates": [ 35.31, -16.02 ] } },
{ "type": "Feature", "properties": { "date": "2022-08-15", "region": "Southern Region", "district": "Thyolo", "market": "Luncheza", "commodity": "Maize", "price": 360.0, "pct_change": 56.52, "zscore": 2.932, "spike_severity": "Severe" }, "geometry": { "type": "Point", "coordinates": [ 35.31, -16.02 ] } },
{ "type": "Feature", "properties": { "date": "2025-03-15", "region": "Southern Region", "district": "Thyolo", "market": "Luncheza", "commodity": "Maize", "price": 1800.0, "pct_change": 400.0, "zscore": 3.154, "spike_severity": "Critical" }, "geometry": { "type": "Point", "coordinates": [ 35.31, -16.02 ] } },
{ "type": "Feature", "properties": { "date": "2025-03-15", "region": "Southern Region", "district": "Thyolo", "market": "Luncheza", "commodity": "Maize (new harvest)", "price": 1100.0, "pct_change": 780.0, "zscore": 2.257, "spike_severity": "Severe" }, "geometry": { "type": "Point", "coordinates": [ 35.31, -16.02 ] } },
{ "type": "Feature", "properties": { "date": "2025-04-15", "region": "Southern Region", "district": "Thyolo", "market": "Luncheza", "commodity": "Millet", "price": 2000.0, "pct_change": 566.67, "zscore": 2.04, "spike_severity": "Severe" }, "geometry": { "type": "Point", "coordinates": [ 35.31, -16.02 ] } },
{ "type": "Feature", "properties": { "date": "2025-09-15", "region": "Southern Region", "district": "Thyolo", "market": "Luncheza", "commodity": "Millet", "price": 2800.0, "pct_change": 261.29, "zscore": 2.056, "spike_severity": "Severe" }, "geometry": { "type": "Point", "coordinates": [ 35.31, -16.02 ] } },
{ "type": "Feature", "properties": { "date": "2026-02-15", "region": "Southern Region", "district": "Thyolo", "market": "Luncheza", "commodity": "Millet", "price": 3500.0, "pct_change": 250.0, "zscore": 2.185, "spike_severity": "Severe" }, "geometry": { "type": "Point", "coordinates": [ 35.31, -16.02 ] } },
{ "type": "Feature", "properties": { "date": "2025-03-15", "region": "Southern Region", "district": "Thyolo", "market": "Luncheza", "commodity": "Oil (vegetable)", "price": 7000.0, "pct_change": 311.76, "zscore": 2.255, "spike_severity": "Severe" }, "geometry": { "type": "Point", "coordinates": [ 35.31, -16.02 ] } },
{ "type": "Feature", "properties": { "date": "2026-04-15", "region": "Southern Region", "district": "Thyolo", "market": "Luncheza", "commodity": "Oil (vegetable)", "price": 10000.0, "pct_change": 29.82, "zscore": 2.529, "spike_severity": "Moderate" }, "geometry": { "type": "Point", "coordinates": [ 35.31, -16.02 ] } },
{ "type": "Feature", "properties": { "date": "2025-03-15", "region": "Southern Region", "district": "Thyolo", "market": "Luncheza", "commodity": "Pigeon peas", "price": 3000.0, "pct_change": 361.54, "zscore": 2.241, "spike_severity": "Severe" }, "geometry": { "type": "Point", "coordinates": [ 35.31, -16.02 ] } },
{ "type": "Feature", "properties": { "date": "2025-03-15", "region": "Southern Region", "district": "Thyolo", "market": "Luncheza", "commodity": "Rice", "price": 4500.0, "pct_change": 462.5, "zscore": 2.267, "spike_severity": "Severe" }, "geometry": { "type": "Point", "coordinates": [ 35.31, -16.02 ] } },
{ "type": "Feature", "properties": { "date": "2025-03-15", "region": "Southern Region", "district": "Thyolo", "market": "Luncheza", "commodity": "Sorghum", "price": 2000.0, "pct_change": 400.0, "zscore": 2.261, "spike_severity": "Severe" }, "geometry": { "type": "Point", "coordinates": [ 35.31, -16.02 ] } },
{ "type": "Feature", "properties": { "date": "2025-09-15", "region": "Southern Region", "district": "Thyolo", "market": "Luncheza", "commodity": "Sorghum", "price": 3000.0, "pct_change": 275.0, "zscore": 2.046, "spike_severity": "Severe" }, "geometry": { "type": "Point", "coordinates": [ 35.31, -16.02 ] } },
{ "type": "Feature", "properties": { "date": "2025-03-15", "region": "Southern Region", "district": "Thyolo", "market": "Luncheza", "commodity": "Sugar", "price": 3600.0, "pct_change": 317.39, "zscore": 2.267, "spike_severity": "Severe" }, "geometry": { "type": "Point", "coordinates": [ 35.31, -16.02 ] } },
{ "type": "Feature", "properties": { "date": "2025-06-15", "region": "Southern Region", "district": "Thyolo", "market": "Luncheza", "commodity": "Sugar", "price": 4998.33, "pct_change": 33.86, "zscore": 1.752, "spike_severity": "Moderate" }, "geometry": { "type": "Point", "coordinates": [ 35.31, -16.02 ] } },
{ "type": "Feature", "properties": { "date": "2025-03-15", "region": "Southern Region", "district": "Thyolo", "market": "Luncheza", "commodity": "Sweet potatoes", "price": 555.56, "pct_change": 93.24, "zscore": 2.177, "spike_severity": "Severe" }, "geometry": { "type": "Point", "coordinates": [ 35.31, -16.02 ] } },
{ "type": "Feature", "properties": { "date": "2025-04-15", "region": "Southern Region", "district": "Thyolo", "market": "Luncheza", "commodity": "Sweet potatoes", "price": 902.78, "pct_change": 62.5, "zscore": 2.245, "spike_severity": "Severe" }, "geometry": { "type": "Point", "coordinates": [ 35.31, -16.02 ] } },
{ "type": "Feature", "properties": { "date": "2025-09-15", "region": "Southern Region", "district": "Thyolo", "market": "Luncheza", "commodity": "Sweet potatoes", "price": 1111.0, "pct_change": 33.32, "zscore": 1.828, "spike_severity": "Moderate" }, "geometry": { "type": "Point", "coordinates": [ 35.31, -16.02 ] } },
{ "type": "Feature", "properties": { "date": "2026-02-15", "region": "Southern Region", "district": "Thyolo", "market": "Luncheza", "commodity": "Tomatoes", "price": 3000.0, "pct_change": 25.0, "zscore": 1.502, "spike_severity": "Moderate" }, "geometry": { "type": "Point", "coordinates": [ 35.31, -16.02 ] } },
{ "type": "Feature", "properties": { "date": "2023-01-15", "region": "Southern Region", "district": "Thyolo", "market": "Thekerani", "commodity": "Beans", "price": 1700.0, "pct_change": 41.67, "zscore": 1.849, "spike_severity": "Moderate" }, "geometry": { "type": "Point", "coordinates": [ 35.2, -16.32 ] } },
{ "type": "Feature", "properties": { "date": "2024-01-15", "region": "Southern Region", "district": "Thyolo", "market": "Thekerani", "commodity": "Beans", "price": 2732.35, "pct_change": 30.11, "zscore": 2.368, "spike_severity": "Moderate" }, "geometry": { "type": "Point", "coordinates": [ 35.2, -16.32 ] } },
{ "type": "Feature", "properties": { "date": "2024-05-15", "region": "Southern Region", "district": "Thyolo", "market": "Thekerani", "commodity": "Beans", "price": 4000.0, "pct_change": 33.33, "zscore": 2.36, "spike_severity": "Moderate" }, "geometry": { "type": "Point", "coordinates": [ 35.2, -16.32 ] } },
{ "type": "Feature", "properties": { "date": "2024-09-15", "region": "Southern Region", "district": "Thyolo", "market": "Thekerani", "commodity": "Beans", "price": 4300.0, "pct_change": 22.86, "zscore": 1.839, "spike_severity": "Moderate" }, "geometry": { "type": "Point", "coordinates": [ 35.2, -16.32 ] } },
{ "type": "Feature", "properties": { "date": "2024-10-15", "region": "Southern Region", "district": "Thyolo", "market": "Thekerani", "commodity": "Beans", "price": 13550.0, "pct_change": 215.12, "zscore": 3.073, "spike_severity": "Critical" }, "geometry": { "type": "Point", "coordinates": [ 35.2, -16.32 ] } },
{ "type": "Feature", "properties": { "date": "2025-04-15", "region": "Southern Region", "district": "Thyolo", "market": "Thekerani", "commodity": "Cassava", "price": 3000.0, "pct_change": 990.91, "zscore": 2.267, "spike_severity": "Severe" }, "geometry": { "type": "Point", "coordinates": [ 35.2, -16.32 ] } },
{ "type": "Feature", "properties": { "date": "2023-01-15", "region": "Southern Region", "district": "Thyolo", "market": "Thekerani", "commodity": "Cowpeas", "price": 889.06, "pct_change": 77.81, "zscore": 2.182, "spike_severity": "Severe" }, "geometry": { "type": "Point", "coordinates": [ 35.2, -16.32 ] } },
{ "type": "Feature", "properties": { "date": "2023-04-15", "region": "Southern Region", "district": "Thyolo", "market": "Thekerani", "commodity": "Cowpeas", "price": 1400.0, "pct_change": 55.56, "zscore": 2.269, "spike_severity": "Severe" }, "geometry": { "type": "Point", "coordinates": [ 35.2, -16.32 ] } },
{ "type": "Feature", "properties": { "date": "2023-10-15", "region": "Southern Region", "district": "Thyolo", "market": "Thekerani", "commodity": "Cowpeas", "price": 1350.0, "pct_change": 35.0, "zscore": 1.646, "spike_severity": "Moderate" }, "geometry": { "type": "Point", "coordinates": [ 35.2, -16.32 ] } },
{ "type": "Feature", "properties": { "date": "2024-02-15", "region": "Southern Region", "district": "Thyolo", "market": "Thekerani", "commodity": "Cowpeas", "price": 2233.33, "pct_change": 33.69, "zscore": 2.304, "spike_severity": "Moderate" }, "geometry": { "type": "Point", "coordinates": [ 35.2, -16.32 ] } },
{ "type": "Feature", "properties": { "date": "2024-12-15", "region": "Southern Region", "district": "Thyolo", "market": "Thekerani", "commodity": "Cowpeas", "price": 2846.87, "pct_change": 26.53, "zscore": 1.698, "spike_severity": "Moderate" }, "geometry": { "type": "Point", "coordinates": [ 35.2, -16.32 ] } },
{ "type": "Feature", "properties": { "date": "2025-04-15", "region": "Southern Region", "district": "Thyolo", "market": "Thekerani", "commodity": "Cowpeas", "price": 4000.0, "pct_change": 33.33, "zscore": 2.158, "spike_severity": "Moderate" }, "geometry": { "type": "Point", "coordinates": [ 35.2, -16.32 ] } },
{ "type": "Feature", "properties": { "date": "2022-08-15", "region": "Southern Region", "district": "Thyolo", "market": "Thekerani", "commodity": "Maize", "price": 352.5, "pct_change": 62.07, "zscore": 2.666, "spike_severity": "Critical" }, "geometry": { "type": "Point", "coordinates": [ 35.2, -16.32 ] } },
{ "type": "Feature", "properties": { "date": "2025-09-15", "region": "Southern Region", "district": "Thyolo", "market": "Thekerani", "commodity": "Maize", "price": 1578.26, "pct_change": 350.93, "zscore": 3.124, "spike_severity": "Critical" }, "geometry": { "type": "Point", "coordinates": [ 35.2, -16.32 ] } },
{ "type": "Feature", "properties": { "date": "2023-01-15", "region": "Southern Region", "district": "Thyolo", "market": "Thekerani", "commodity": "Maize (new harvest)", "price": 532.5, "pct_change": 280.36, "zscore": 2.239, "spike_severity": "Severe" }, "geometry": { "type": "Point", "coordinates": [ 35.2, -16.32 ] } },
{ "type": "Feature", "properties": { "date": "2023-07-15", "region": "Southern Region", "district": "Thyolo", "market": "Thekerani", "commodity": "Maize (new harvest)", "price": 700.0, "pct_change": 40.0, "zscore": 1.665, "spike_severity": "Moderate" }, "geometry": { "type": "Point", "coordinates": [ 35.2, -16.32 ] } },
{ "type": "Feature", "properties": { "date": "2024-11-15", "region": "Southern Region", "district": "Thyolo", "market": "Thekerani", "commodity": "Maize (new harvest)", "price": 1075.0, "pct_change": 20.45, "zscore": 1.559, "spike_severity": "Moderate" }, "geometry": { "type": "Point", "coordinates": [ 35.2, -16.32 ] } },
{ "type": "Feature", "properties": { "date": "2025-01-15", "region": "Southern Region", "district": "Thyolo", "market": "Thekerani", "commodity": "Maize (new harvest)", "price": 1485.29, "pct_change": 25.74, "zscore": 2.281, "spike_severity": "Moderate" }, "geometry": { "type": "Point", "coordinates": [ 35.2, -16.32 ] } },
{ "type": "Feature", "properties": { "date": "2021-03-15", "region": "Southern Region", "district": "Thyolo", "market": "Thekerani", "commodity": "Millet", "price": 400.0, "pct_change": 77.78, "zscore": 1.572, "spike_severity": "Moderate" }, "geometry": { "type": "Point", "coordinates": [ 35.2, -16.32 ] } },
{ "type": "Feature", "properties": { "date": "2025-06-15", "region": "Southern Region", "district": "Thyolo", "market": "Thekerani", "commodity": "Millet", "price": 800.0, "pct_change": 100.0, "zscore": 1.96, "spike_severity": "Moderate" }, "geometry": { "type": "Point", "coordinates": [ 35.2, -16.32 ] } },
{ "type": "Feature", "properties": { "date": "2025-11-15", "region": "Southern Region", "district": "Thyolo", "market": "Thekerani", "commodity": "Millet", "price": 2000.0, "pct_change": 150.0, "zscore": 2.16, "spike_severity": "Severe" }, "geometry": { "type": "Point", "coordinates": [ 35.2, -16.32 ] } },
{ "type": "Feature", "properties": { "date": "2025-03-15", "region": "Southern Region", "district": "Thyolo", "market": "Thekerani", "commodity": "Oil (vegetable)", "price": 6800.0, "pct_change": 325.0, "zscore": 2.259, "spike_severity": "Severe" }, "geometry": { "type": "Point", "coordinates": [ 35.2, -16.32 ] } },
{ "type": "Feature", "properties": { "date": "2023-01-15", "region": "Southern Region", "district": "Thyolo", "market": "Thekerani", "commodity": "Pigeon peas", "price": 743.75, "pct_change": 23.96, "zscore": 1.583, "spike_severity": "Moderate" }, "geometry": { "type": "Point", "coordinates": [ 35.2, -16.32 ] } },
{ "type": "Feature", "properties": { "date": "2023-09-15", "region": "Southern Region", "district": "Thyolo", "market": "Thekerani", "commodity": "Pigeon peas", "price": 1000.0, "pct_change": 53.85, "zscore": 2.342, "spike_severity": "Severe" }, "geometry": { "type": "Point", "coordinates": [ 35.2, -16.32 ] } },
{ "type": "Feature", "properties": { "date": "2024-01-15", "region": "Southern Region", "district": "Thyolo", "market": "Thekerani", "commodity": "Pigeon peas", "price": 1658.82, "pct_change": 22.88, "zscore": 2.056, "spike_severity": "Moderate" }, "geometry": { "type": "Point", "coordinates": [ 35.2, -16.32 ] } },
{ "type": "Feature", "properties": { "date": "2024-02-15", "region": "Southern Region", "district": "Thyolo", "market": "Thekerani", "commodity": "Pigeon peas", "price": 2209.09, "pct_change": 33.17, "zscore": 2.313, "spike_severity": "Moderate" }, "geometry": { "type": "Point", "coordinates": [ 35.2, -16.32 ] } },
{ "type": "Feature", "properties": { "date": "2021-04-15", "region": "Southern Region", "district": "Thyolo", "market": "Thekerani", "commodity": "Potatoes", "price": 850.0, "pct_change": 21.43, "zscore": 1.912, "spike_severity": "Moderate" }, "geometry": { "type": "Point", "coordinates": [ 35.2, -16.32 ] } },
{ "type": "Feature", "properties": { "date": "2025-04-15", "region": "Southern Region", "district": "Thyolo", "market": "Thekerani", "commodity": "Rice", "price": 4000.0, "pct_change": 400.0, "zscore": 2.267, "spike_severity": "Severe" }, "geometry": { "type": "Point", "coordinates": [ 35.2, -16.32 ] } },
{ "type": "Feature", "properties": { "date": "2025-05-15", "region": "Southern Region", "district": "Thyolo", "market": "Thekerani", "commodity": "Rice", "price": 5000.0, "pct_change": 25.0, "zscore": 1.888, "spike_severity": "Moderate" }, "geometry": { "type": "Point", "coordinates": [ 35.2, -16.32 ] } },
{ "type": "Feature", "properties": { "date": "2025-06-15", "region": "Southern Region", "district": "Thyolo", "market": "Thekerani", "commodity": "Sorghum", "price": 800.0, "pct_change": 113.33, "zscore": 2.016, "spike_severity": "Severe" }, "geometry": { "type": "Point", "coordinates": [ 35.2, -16.32 ] } },
{ "type": "Feature", "properties": { "date": "2025-07-15", "region": "Southern Region", "district": "Thyolo", "market": "Thekerani", "commodity": "Sorghum", "price": 1000.0, "pct_change": 25.0, "zscore": 1.773, "spike_severity": "Moderate" }, "geometry": { "type": "Point", "coordinates": [ 35.2, -16.32 ] } },
{ "type": "Feature", "properties": { "date": "2025-11-15", "region": "Southern Region", "district": "Thyolo", "market": "Thekerani", "commodity": "Sorghum", "price": 2000.0, "pct_change": 100.0, "zscore": 2.26, "spike_severity": "Severe" }, "geometry": { "type": "Point", "coordinates": [ 35.2, -16.32 ] } },
{ "type": "Feature", "properties": { "date": "2025-10-15", "region": "Southern Region", "district": "Thyolo", "market": "Thekerani", "commodity": "Soybeans", "price": 3333.33, "pct_change": 33.33, "zscore": 1.873, "spike_severity": "Moderate" }, "geometry": { "type": "Point", "coordinates": [ 35.2, -16.32 ] } },
{ "type": "Feature", "properties": { "date": "2025-03-15", "region": "Southern Region", "district": "Thyolo", "market": "Thekerani", "commodity": "Sugar", "price": 3700.0, "pct_change": 337.87, "zscore": 2.227, "spike_severity": "Severe" }, "geometry": { "type": "Point", "coordinates": [ 35.2, -16.32 ] } },
{ "type": "Feature", "properties": { "date": "2025-06-15", "region": "Southern Region", "district": "Thyolo", "market": "Thekerani", "commodity": "Sugar", "price": 5148.33, "pct_change": 30.98, "zscore": 1.725, "spike_severity": "Moderate" }, "geometry": { "type": "Point", "coordinates": [ 35.2, -16.32 ] } },
{ "type": "Feature", "properties": { "date": "2021-03-15", "region": "Southern Region", "district": "Thyolo", "market": "Thekerani", "commodity": "Sweet potatoes", "price": 375.0, "pct_change": 25.0, "zscore": 1.773, "spike_severity": "Moderate" }, "geometry": { "type": "Point", "coordinates": [ 35.2, -16.32 ] } },
{ "type": "Feature", "properties": { "date": "2025-03-15", "region": "Southern Region", "district": "Thyolo", "market": "Thekerani", "commodity": "Sweet potatoes", "price": 555.56, "pct_change": 70.94, "zscore": 2.161, "spike_severity": "Severe" }, "geometry": { "type": "Point", "coordinates": [ 35.2, -16.32 ] } },
{ "type": "Feature", "properties": { "date": "2025-09-15", "region": "Southern Region", "district": "Thyolo", "market": "Thekerani", "commodity": "Sweet potatoes", "price": 1111.0, "pct_change": 99.98, "zscore": 2.265, "spike_severity": "Severe" }, "geometry": { "type": "Point", "coordinates": [ 35.2, -16.32 ] } },
{ "type": "Feature", "properties": { "date": "2023-01-15", "region": "Southern Region", "district": "Thyolo", "market": "Thyolo Boma", "commodity": "Beans", "price": 1886.46, "pct_change": 79.66, "zscore": 1.941, "spike_severity": "Moderate" }, "geometry": { "type": "Point", "coordinates": [ 35.15, -16.07 ] } },
{ "type": "Feature", "properties": { "date": "2023-07-15", "region": "Southern Region", "district": "Thyolo", "market": "Thyolo Boma", "commodity": "Beans", "price": 2362.5, "pct_change": 31.25, "zscore": 1.923, "spike_severity": "Moderate" }, "geometry": { "type": "Point", "coordinates": [ 35.15, -16.07 ] } },
{ "type": "Feature", "properties": { "date": "2024-05-15", "region": "Southern Region", "district": "Thyolo", "market": "Thyolo Boma", "commodity": "Beans", "price": 3850.0, "pct_change": 39.16, "zscore": 2.088, "spike_severity": "Moderate" }, "geometry": { "type": "Point", "coordinates": [ 35.15, -16.07 ] } },
{ "type": "Feature", "properties": { "date": "2025-03-15", "region": "Southern Region", "district": "Thyolo", "market": "Thyolo Boma", "commodity": "Cassava", "price": 4000.0, "pct_change": 1042.86, "zscore": 2.267, "spike_severity": "Severe" }, "geometry": { "type": "Point", "coordinates": [ 35.15, -16.07 ] } },
{ "type": "Feature", "properties": { "date": "2023-01-15", "region": "Southern Region", "district": "Thyolo", "market": "Thyolo Boma", "commodity": "Cowpeas", "price": 908.33, "pct_change": 81.67, "zscore": 1.701, "spike_severity": "Moderate" }, "geometry": { "type": "Point", "coordinates": [ 35.15, -16.07 ] } },
{ "type": "Feature", "properties": { "date": "2023-11-15", "region": "Southern Region", "district": "Thyolo", "market": "Thyolo Boma", "commodity": "Cowpeas", "price": 1650.0, "pct_change": 22.52, "zscore": 2.045, "spike_severity": "Moderate" }, "geometry": { "type": "Point", "coordinates": [ 35.15, -16.07 ] } },
{ "type": "Feature", "properties": { "date": "2025-03-15", "region": "Southern Region", "district": "Thyolo", "market": "Thyolo Boma", "commodity": "Cowpeas", "price": 4000.0, "pct_change": 33.33, "zscore": 2.188, "spike_severity": "Moderate" }, "geometry": { "type": "Point", "coordinates": [ 35.15, -16.07 ] } },
{ "type": "Feature", "properties": { "date": "2025-11-15", "region": "Southern Region", "district": "Thyolo", "market": "Thyolo Boma", "commodity": "Cowpeas", "price": 5187.5, "pct_change": 130.24, "zscore": 2.239, "spike_severity": "Severe" }, "geometry": { "type": "Point", "coordinates": [ 35.15, -16.07 ] } },
{ "type": "Feature", "properties": { "date": "2025-12-15", "region": "Southern Region", "district": "Thyolo", "market": "Thyolo Boma", "commodity": "Exotic vegetables", "price": 550.0, "pct_change": 120.0, "zscore": 1.5, "spike_severity": "Moderate" }, "geometry": { "type": "Point", "coordinates": [ 35.15, -16.07 ] } },
{ "type": "Feature", "properties": { "date": "2026-01-15", "region": "Southern Region", "district": "Thyolo", "market": "Thyolo Boma", "commodity": "Exotic vegetables", "price": 1170.0, "pct_change": 112.73, "zscore": 1.692, "spike_severity": "Moderate" }, "geometry": { "type": "Point", "coordinates": [ 35.15, -16.07 ] } },
{ "type": "Feature", "properties": { "date": "2026-01-15", "region": "Southern Region", "district": "Thyolo", "market": "Thyolo Boma", "commodity": "Local vegetables", "price": 5400.0, "pct_change": 1442.86, "zscore": 1.788, "spike_severity": "Moderate" }, "geometry": { "type": "Point", "coordinates": [ 35.15, -16.07 ] } },
{ "type": "Feature", "properties": { "date": "2022-01-15", "region": "Southern Region", "district": "Thyolo", "market": "Thyolo Boma", "commodity": "Maize", "price": 225.0, "pct_change": 25.0, "zscore": 2.284, "spike_severity": "Moderate" }, "geometry": { "type": "Point", "coordinates": [ 35.15, -16.07 ] } },
{ "type": "Feature", "properties": { "date": "2022-08-15", "region": "Southern Region", "district": "Thyolo", "market": "Thyolo Boma", "commodity": "Maize", "price": 355.0, "pct_change": 57.78, "zscore": 3.027, "spike_severity": "Severe" }, "geometry": { "type": "Point", "coordinates": [ 35.15, -16.07 ] } },
{ "type": "Feature", "properties": { "date": "2025-03-15", "region": "Southern Region", "district": "Thyolo", "market": "Thyolo Boma", "commodity": "Maize", "price": 1200.0, "pct_change": 238.03, "zscore": 3.091, "spike_severity": "Critical" }, "geometry": { "type": "Point", "coordinates": [ 35.15, -16.07 ] } },
{ "type": "Feature", "properties": { "date": "2025-09-15", "region": "Southern Region", "district": "Thyolo", "market": "Thyolo Boma", "commodity": "Maize", "price": 1564.44, "pct_change": 30.37, "zscore": 2.096, "spike_severity": "Moderate" }, "geometry": { "type": "Point", "coordinates": [ 35.15, -16.07 ] } },
{ "type": "Feature", "properties": { "date": "2023-01-15", "region": "Southern Region", "district": "Thyolo", "market": "Thyolo Boma", "commodity": "Maize (new harvest)", "price": 523.44, "pct_change": 182.94, "zscore": 2.251, "spike_severity": "Severe" }, "geometry": { "type": "Point", "coordinates": [ 35.15, -16.07 ] } },
{ "type": "Feature", "properties": { "date": "2023-07-15", "region": "Southern Region", "district": "Thyolo", "market": "Thyolo Boma", "commodity": "Maize (new harvest)", "price": 734.37, "pct_change": 33.52, "zscore": 1.59, "spike_severity": "Moderate" }, "geometry": { "type": "Point", "coordinates": [ 35.15, -16.07 ] } },
{ "type": "Feature", "properties": { "date": "2025-01-15", "region": "Southern Region", "district": "Thyolo", "market": "Thyolo Boma", "commodity": "Maize (new harvest)", "price": 1441.18, "pct_change": 28.1, "zscore": 2.425, "spike_severity": "Moderate" }, "geometry": { "type": "Point", "coordinates": [ 35.15, -16.07 ] } },
{ "type": "Feature", "properties": { "date": "2025-03-15", "region": "Southern Region", "district": "Thyolo", "market": "Thyolo Boma", "commodity": "Millet", "price": 2500.0, "pct_change": 640.74, "zscore": 1.787, "spike_severity": "Moderate" }, "geometry": { "type": "Point", "coordinates": [ 35.15, -16.07 ] } },
{ "type": "Feature", "properties": { "date": "2021-04-15", "region": "Southern Region", "district": "Thyolo", "market": "Thyolo Boma", "commodity": "Oil (vegetable)", "price": 1450.0, "pct_change": 20.83, "zscore": 1.58, "spike_severity": "Moderate" }, "geometry": { "type": "Point", "coordinates": [ 35.15, -16.07 ] } },
{ "type": "Feature", "properties": { "date": "2025-03-15", "region": "Southern Region", "district": "Thyolo", "market": "Thyolo Boma", "commodity": "Oil (vegetable)", "price": 7500.0, "pct_change": 417.24, "zscore": 2.263, "spike_severity": "Severe" }, "geometry": { "type": "Point", "coordinates": [ 35.15, -16.07 ] } },
{ "type": "Feature", "properties": { "date": "2023-09-15", "region": "Southern Region", "district": "Thyolo", "market": "Thyolo Boma", "commodity": "Pigeon peas", "price": 1133.33, "pct_change": 49.12, "zscore": 2.121, "spike_severity": "Severe" }, "geometry": { "type": "Point", "coordinates": [ 35.15, -16.07 ] } },
{ "type": "Feature", "properties": { "date": "2023-12-15", "region": "Southern Region", "district": "Thyolo", "market": "Thyolo Boma", "commodity": "Pigeon peas", "price": 1475.0, "pct_change": 22.92, "zscore": 2.025, "spike_severity": "Moderate" }, "geometry": { "type": "Point", "coordinates": [ 35.15, -16.07 ] } },
{ "type": "Feature", "properties": { "date": "2024-01-15", "region": "Southern Region", "district": "Thyolo", "market": "Thyolo Boma", "commodity": "Pigeon peas", "price": 1938.24, "pct_change": 31.41, "zscore": 2.344, "spike_severity": "Moderate" }, "geometry": { "type": "Point", "coordinates": [ 35.15, -16.07 ] } },
{ "type": "Feature", "properties": { "date": "2025-03-15", "region": "Southern Region", "district": "Thyolo", "market": "Thyolo Boma", "commodity": "Rice", "price": 5000.0, "pct_change": 566.67, "zscore": 2.266, "spike_severity": "Severe" }, "geometry": { "type": "Point", "coordinates": [ 35.15, -16.07 ] } },
{ "type": "Feature", "properties": { "date": "2025-03-15", "region": "Southern Region", "district": "Thyolo", "market": "Thyolo Boma", "commodity": "Sorghum", "price": 2500.0, "pct_change": 733.33, "zscore": 2.265, "spike_severity": "Severe" }, "geometry": { "type": "Point", "coordinates": [ 35.15, -16.07 ] } },
{ "type": "Feature", "properties": { "date": "2025-12-15", "region": "Southern Region", "district": "Thyolo", "market": "Thyolo Boma", "commodity": "Soybeans", "price": 2550.0, "pct_change": 27.5, "zscore": 1.737, "spike_severity": "Moderate" }, "geometry": { "type": "Point", "coordinates": [ 35.15, -16.07 ] } },
{ "type": "Feature", "properties": { "date": "2025-03-15", "region": "Southern Region", "district": "Thyolo", "market": "Thyolo Boma", "commodity": "Sugar", "price": 3600.0, "pct_change": 323.53, "zscore": 2.267, "spike_severity": "Severe" }, "geometry": { "type": "Point", "coordinates": [ 35.15, -16.07 ] } },
{ "type": "Feature", "properties": { "date": "2025-06-15", "region": "Southern Region", "district": "Thyolo", "market": "Thyolo Boma", "commodity": "Sugar", "price": 4988.33, "pct_change": 22.39, "zscore": 1.684, "spike_severity": "Moderate" }, "geometry": { "type": "Point", "coordinates": [ 35.15, -16.07 ] } },
{ "type": "Feature", "properties": { "date": "2025-03-15", "region": "Southern Region", "district": "Thyolo", "market": "Thyolo Boma", "commodity": "Sweet potatoes", "price": 1111.11, "pct_change": 241.88, "zscore": 2.233, "spike_severity": "Severe" }, "geometry": { "type": "Point", "coordinates": [ 35.15, -16.07 ] } },
{ "type": "Feature", "properties": { "date": "2025-09-15", "region": "Southern Region", "district": "Thyolo", "market": "Thyolo Boma", "commodity": "Sweet potatoes", "price": 1111.0, "pct_change": 59.99, "zscore": 1.617, "spike_severity": "Moderate" }, "geometry": { "type": "Point", "coordinates": [ 35.15, -16.07 ] } },
{ "type": "Feature", "properties": { "date": "2024-09-15", "region": "Southern Region", "district": "Zomba", "market": "Chinamwali", "commodity": "Beans", "price": 4000.0, "pct_change": 33.33, "zscore": 2.303, "spike_severity": "Moderate" }, "geometry": { "type": "Point", "coordinates": [ 35.36, -15.38 ] } },
{ "type": "Feature", "properties": { "date": "2025-02-15", "region": "Southern Region", "district": "Zomba", "market": "Chinamwali", "commodity": "Beans", "price": 6000.0, "pct_change": 50.0, "zscore": 2.527, "spike_severity": "Severe" }, "geometry": { "type": "Point", "coordinates": [ 35.36, -15.38 ] } },
{ "type": "Feature", "properties": { "date": "2023-11-15", "region": "Southern Region", "district": "Zomba", "market": "Chinamwali", "commodity": "Cowpeas", "price": 2000.0, "pct_change": 73.91, "zscore": 2.214, "spike_severity": "Severe" }, "geometry": { "type": "Point", "coordinates": [ 35.36, -15.38 ] } },
{ "type": "Feature", "properties": { "date": "2024-09-15", "region": "Southern Region", "district": "Zomba", "market": "Chinamwali", "commodity": "Cowpeas", "price": 3000.0, "pct_change": 50.0, "zscore": 2.357, "spike_severity": "Severe" }, "geometry": { "type": "Point", "coordinates": [ 35.36, -15.38 ] } },
{ "type": "Feature", "properties": { "date": "2025-04-15", "region": "Southern Region", "district": "Zomba", "market": "Chinamwali", "commodity": "Cowpeas", "price": 4250.0, "pct_change": 34.21, "zscore": 1.963, "spike_severity": "Moderate" }, "geometry": { "type": "Point", "coordinates": [ 35.36, -15.38 ] } },
{ "type": "Feature", "properties": { "date": "2026-01-15", "region": "Southern Region", "district": "Zomba", "market": "Chinamwali", "commodity": "Cowpeas", "price": 5312.5, "pct_change": 41.98, "zscore": 2.049, "spike_severity": "Severe" }, "geometry": { "type": "Point", "coordinates": [ 35.36, -15.38 ] } },
{ "type": "Feature", "properties": { "date": "2025-10-15", "region": "Southern Region", "district": "Zomba", "market": "Chinamwali", "commodity": "Groundnuts (shelled)", "price": 8791.67, "pct_change": 46.53, "zscore": 1.731, "spike_severity": "Moderate" }, "geometry": { "type": "Point", "coordinates": [ 35.36, -15.38 ] } },
{ "type": "Feature", "properties": { "date": "2025-11-15", "region": "Southern Region", "district": "Zomba", "market": "Chinamwali", "commodity": "Groundnuts (shelled)", "price": 10906.25, "pct_change": 24.05, "zscore": 1.657, "spike_severity": "Moderate" }, "geometry": { "type": "Point", "coordinates": [ 35.36, -15.38 ] } },
{ "type": "Feature", "properties": { "date": "2026-02-15", "region": "Southern Region", "district": "Zomba", "market": "Chinamwali", "commodity": "Local vegetables", "price": 2000.0, "pct_change": 566.67, "zscore": 1.775, "spike_severity": "Moderate" }, "geometry": { "type": "Point", "coordinates": [ 35.36, -15.38 ] } },
{ "type": "Feature", "properties": { "date": "2022-09-15", "region": "Southern Region", "district": "Zomba", "market": "Chinamwali", "commodity": "Maize", "price": 351.5, "pct_change": 75.75, "zscore": 2.836, "spike_severity": "Critical" }, "geometry": { "type": "Point", "coordinates": [ 35.36, -15.38 ] } },
{ "type": "Feature", "properties": { "date": "2025-04-15", "region": "Southern Region", "district": "Zomba", "market": "Chinamwali", "commodity": "Maize", "price": 950.0, "pct_change": 170.27, "zscore": 3.055, "spike_severity": "Critical" }, "geometry": { "type": "Point", "coordinates": [ 35.36, -15.38 ] } },
{ "type": "Feature", "properties": { "date": "2025-09-15", "region": "Southern Region", "district": "Zomba", "market": "Chinamwali", "commodity": "Maize", "price": 1265.63, "pct_change": 33.22, "zscore": 2.496, "spike_severity": "Moderate" }, "geometry": { "type": "Point", "coordinates": [ 35.36, -15.38 ] } },
{ "type": "Feature", "properties": { "date": "2024-01-15", "region": "Southern Region", "district": "Zomba", "market": "Chinamwali", "commodity": "Maize (new harvest)", "price": 1550.0, "pct_change": 63.16, "zscore": 2.579, "spike_severity": "Critical" }, "geometry": { "type": "Point", "coordinates": [ 35.36, -15.38 ] } },
{ "type": "Feature", "properties": { "date": "2025-02-15", "region": "Southern Region", "district": "Zomba", "market": "Chinamwali", "commodity": "Maize (new harvest)", "price": 1445.83, "pct_change": 70.1, "zscore": 1.875, "spike_severity": "Moderate" }, "geometry": { "type": "Point", "coordinates": [ 35.36, -15.38 ] } },
{ "type": "Feature", "properties": { "date": "2023-11-15", "region": "Southern Region", "district": "Zomba", "market": "Chinamwali", "commodity": "Pigeon peas", "price": 1525.0, "pct_change": 27.08, "zscore": 1.55, "spike_severity": "Moderate" }, "geometry": { "type": "Point", "coordinates": [ 35.36, -15.38 ] } },
{ "type": "Feature", "properties": { "date": "2024-02-15", "region": "Southern Region", "district": "Zomba", "market": "Chinamwali", "commodity": "Pigeon peas", "price": 2000.0, "pct_change": 21.21, "zscore": 1.691, "spike_severity": "Moderate" }, "geometry": { "type": "Point", "coordinates": [ 35.36, -15.38 ] } },
{ "type": "Feature", "properties": { "date": "2025-02-15", "region": "Southern Region", "district": "Zomba", "market": "Chinamwali", "commodity": "Pigeon peas", "price": 3069.44, "pct_change": 53.47, "zscore": 2.325, "spike_severity": "Severe" }, "geometry": { "type": "Point", "coordinates": [ 35.36, -15.38 ] } },
{ "type": "Feature", "properties": { "date": "2025-04-15", "region": "Southern Region", "district": "Zomba", "market": "Chinamwali", "commodity": "Pigeon peas", "price": 4250.0, "pct_change": 34.21, "zscore": 2.251, "spike_severity": "Moderate" }, "geometry": { "type": "Point", "coordinates": [ 35.36, -15.38 ] } },
{ "type": "Feature", "properties": { "date": "2023-06-15", "region": "Southern Region", "district": "Zomba", "market": "Jali", "commodity": "Beans", "price": 1681.25, "pct_change": 23.62, "zscore": 1.715, "spike_severity": "Moderate" }, "geometry": { "type": "Point", "coordinates": [ 35.47, -15.5 ] } },
{ "type": "Feature", "properties": { "date": "2024-01-15", "region": "Southern Region", "district": "Zomba", "market": "Jali", "commodity": "Beans", "price": 2800.0, "pct_change": 41.77, "zscore": 2.127, "spike_severity": "Severe" }, "geometry": { "type": "Point", "coordinates": [ 35.47, -15.5 ] } },
{ "type": "Feature", "properties": { "date": "2024-02-15", "region": "Southern Region", "district": "Zomba", "market": "Jali", "commodity": "Beans", "price": 3500.0, "pct_change": 25.0, "zscore": 2.381, "spike_severity": "Moderate" }, "geometry": { "type": "Point", "coordinates": [ 35.47, -15.5 ] } },
{ "type": "Feature", "properties": { "date": "2024-09-15", "region": "Southern Region", "district": "Zomba", "market": "Jali", "commodity": "Beans", "price": 4250.0, "pct_change": 21.43, "zscore": 1.975, "spike_severity": "Moderate" }, "geometry": { "type": "Point", "coordinates": [ 35.47, -15.5 ] } },
{ "type": "Feature", "properties": { "date": "2025-08-15", "region": "Southern Region", "district": "Zomba", "market": "Jali", "commodity": "Cassava", "price": 2800.0, "pct_change": 600.0, "zscore": 2.475, "spike_severity": "Severe" }, "geometry": { "type": "Point", "coordinates": [ 35.47, -15.5 ] } },
{ "type": "Feature", "properties": { "date": "2023-11-15", "region": "Southern Region", "district": "Zomba", "market": "Jali", "commodity": "Cowpeas", "price": 1750.0, "pct_change": 48.94, "zscore": 2.672, "spike_severity": "Severe" }, "geometry": { "type": "Point", "coordinates": [ 35.47, -15.5 ] } },
{ "type": "Feature", "properties": { "date": "2024-09-15", "region": "Southern Region", "district": "Zomba", "market": "Jali", "commodity": "Cowpeas", "price": 3000.0, "pct_change": 50.0, "zscore": 2.311, "spike_severity": "Severe" }, "geometry": { "type": "Point", "coordinates": [ 35.47, -15.5 ] } },
{ "type": "Feature", "properties": { "date": "2026-01-15", "region": "Southern Region", "district": "Zomba", "market": "Jali", "commodity": "Exotic vegetables", "price": 2000.0, "pct_change": 166.67, "zscore": 1.722, "spike_severity": "Moderate" }, "geometry": { "type": "Point", "coordinates": [ 35.47, -15.5 ] } },
{ "type": "Feature", "properties": { "date": "2025-09-15", "region": "Southern Region", "district": "Zomba", "market": "Jali", "commodity": "Groundnuts (shelled)", "price": 7000.0, "pct_change": 21.74, "zscore": 1.507, "spike_severity": "Moderate" }, "geometry": { "type": "Point", "coordinates": [ 35.47, -15.5 ] } },
{ "type": "Feature", "properties": { "date": "2022-01-15", "region": "Southern Region", "district": "Zomba", "market": "Jali", "commodity": "Maize", "price": 190.0, "pct_change": 26.67, "zscore": 1.633, "spike_severity": "Moderate" }, "geometry": { "type": "Point", "coordinates": [ 35.47, -15.5 ] } },
{ "type": "Feature", "properties": { "date": "2022-09-15", "region": "Southern Region", "district": "Zomba", "market": "Jali", "commodity": "Maize", "price": 334.0, "pct_change": 75.79, "zscore": 2.97, "spike_severity": "Critical" }, "geometry": { "type": "Point", "coordinates": [ 35.47, -15.5 ] } },
{ "type": "Feature", "properties": { "date": "2025-04-15", "region": "Southern Region", "district": "Zomba", "market": "Jali", "commodity": "Maize", "price": 910.0, "pct_change": 172.46, "zscore": 3.078, "spike_severity": "Critical" }, "geometry": { "type": "Point", "coordinates": [ 35.47, -15.5 ] } },
{ "type": "Feature", "properties": { "date": "2025-09-15", "region": "Southern Region", "district": "Zomba", "market": "Jali", "commodity": "Maize", "price": 1300.0, "pct_change": 44.44, "zscore": 2.246, "spike_severity": "Severe" }, "geometry": { "type": "Point", "coordinates": [ 35.47, -15.5 ] } },
{ "type": "Feature", "properties": { "date": "2023-04-15", "region": "Southern Region", "district": "Zomba", "market": "Jali", "commodity": "Maize (new harvest)", "price": 675.0, "pct_change": 462.5, "zscore": 2.433, "spike_severity": "Severe" }, "geometry": { "type": "Point", "coordinates": [ 35.47, -15.5 ] } },
{ "type": "Feature", "properties": { "date": "2023-07-15", "region": "Southern Region", "district": "Zomba", "market": "Jali", "commodity": "Maize (new harvest)", "price": 686.67, "pct_change": 37.33, "zscore": 1.643, "spike_severity": "Moderate" }, "geometry": { "type": "Point", "coordinates": [ 35.47, -15.5 ] } },
{ "type": "Feature", "properties": { "date": "2025-02-15", "region": "Southern Region", "district": "Zomba", "market": "Jali", "commodity": "Maize (new harvest)", "price": 1425.0, "pct_change": 67.65, "zscore": 2.649, "spike_severity": "Critical" }, "geometry": { "type": "Point", "coordinates": [ 35.47, -15.5 ] } },
{ "type": "Feature", "properties": { "date": "2025-12-15", "region": "Southern Region", "district": "Zomba", "market": "Jali", "commodity": "Millet", "price": 8000.0, "pct_change": 130.03, "zscore": 1.77, "spike_severity": "Moderate" }, "geometry": { "type": "Point", "coordinates": [ 35.47, -15.5 ] } },
{ "type": "Feature", "properties": { "date": "2025-04-15", "region": "Southern Region", "district": "Zomba", "market": "Jali", "commodity": "Oil (vegetable)", "price": 8100.0, "pct_change": 406.25, "zscore": 2.475, "spike_severity": "Severe" }, "geometry": { "type": "Point", "coordinates": [ 35.47, -15.5 ] } },
{ "type": "Feature", "properties": { "date": "2023-09-15", "region": "Southern Region", "district": "Zomba", "market": "Jali", "commodity": "Pigeon peas", "price": 1250.0, "pct_change": 66.67, "zscore": 2.68, "spike_severity": "Critical" }, "geometry": { "type": "Point", "coordinates": [ 35.47, -15.5 ] } },
{ "type": "Feature", "properties": { "date": "2024-01-15", "region": "Southern Region", "district": "Zomba", "market": "Jali", "commodity": "Pigeon peas", "price": 1797.06, "pct_change": 26.11, "zscore": 2.073, "spike_severity": "Moderate" }, "geometry": { "type": "Point", "coordinates": [ 35.47, -15.5 ] } },
{ "type": "Feature", "properties": { "date": "2025-02-15", "region": "Southern Region", "district": "Zomba", "market": "Jali", "commodity": "Pigeon peas", "price": 2270.83, "pct_change": 51.39, "zscore": 1.782, "spike_severity": "Moderate" }, "geometry": { "type": "Point", "coordinates": [ 35.47, -15.5 ] } },
{ "type": "Feature", "properties": { "date": "2025-05-15", "region": "Southern Region", "district": "Zomba", "market": "Jali", "commodity": "Pigeon peas", "price": 3500.0, "pct_change": 50.0, "zscore": 2.437, "spike_severity": "Severe" }, "geometry": { "type": "Point", "coordinates": [ 35.47, -15.5 ] } },
{ "type": "Feature", "properties": { "date": "2025-04-15", "region": "Southern Region", "district": "Zomba", "market": "Jali", "commodity": "Rice", "price": 5000.0, "pct_change": 900.0, "zscore": 2.47, "spike_severity": "Severe" }, "geometry": { "type": "Point", "coordinates": [ 35.47, -15.5 ] } },
{ "type": "Feature", "properties": { "date": "2025-09-15", "region": "Southern Region", "district": "Zomba", "market": "Jali", "commodity": "Sorghum", "price": 1200.0, "pct_change": 700.0, "zscore": 1.789, "spike_severity": "Moderate" }, "geometry": { "type": "Point", "coordinates": [ 35.47, -15.5 ] } },
{ "type": "Feature", "properties": { "date": "2025-12-15", "region": "Southern Region", "district": "Zomba", "market": "Jali", "commodity": "Sorghum", "price": 3500.0, "pct_change": 341.81, "zscore": 2.326, "spike_severity": "Severe" }, "geometry": { "type": "Point", "coordinates": [ 35.47, -15.5 ] } },
{ "type": "Feature", "properties": { "date": "2025-04-15", "region": "Southern Region", "district": "Zomba", "market": "Jali", "commodity": "Sugar", "price": 3700.0, "pct_change": 362.5, "zscore": 2.475, "spike_severity": "Severe" }, "geometry": { "type": "Point", "coordinates": [ 35.47, -15.5 ] } },
{ "type": "Feature", "properties": { "date": "2025-05-15", "region": "Southern Region", "district": "Zomba", "market": "Jali", "commodity": "Sugar", "price": 4690.74, "pct_change": 26.78, "zscore": 2.067, "spike_severity": "Moderate" }, "geometry": { "type": "Point", "coordinates": [ 35.47, -15.5 ] } },
{ "type": "Feature", "properties": { "date": "2025-04-15", "region": "Southern Region", "district": "Zomba", "market": "Jali", "commodity": "Sweet potatoes", "price": 833.33, "pct_change": 66.67, "zscore": 2.475, "spike_severity": "Severe" }, "geometry": { "type": "Point", "coordinates": [ 35.47, -15.5 ] } },
{ "type": "Feature", "properties": { "date": "2025-10-15", "region": "Southern Region", "district": "Zomba", "market": "Jali", "commodity": "Sweet potatoes", "price": 1111.0, "pct_change": 33.37, "zscore": 2.432, "spike_severity": "Moderate" }, "geometry": { "type": "Point", "coordinates": [ 35.47, -15.5 ] } },
{ "type": "Feature", "properties": { "date": "2024-01-15", "region": "Southern Region", "district": "Zomba", "market": "Mayaka", "commodity": "Beans", "price": 2794.12, "pct_change": 39.71, "zscore": 2.233, "spike_severity": "Moderate" }, "geometry": { "type": "Point", "coordinates": [ 35.37, -15.58 ] } },
{ "type": "Feature", "properties": { "date": "2024-09-15", "region": "Southern Region", "district": "Zomba", "market": "Mayaka", "commodity": "Beans", "price": 4000.0, "pct_change": 33.33, "zscore": 2.228, "spike_severity": "Moderate" }, "geometry": { "type": "Point", "coordinates": [ 35.37, -15.58 ] } },
{ "type": "Feature", "properties": { "date": "2025-02-15", "region": "Southern Region", "district": "Zomba", "market": "Mayaka", "commodity": "Beans", "price": 5000.0, "pct_change": 25.0, "zscore": 1.826, "spike_severity": "Moderate" }, "geometry": { "type": "Point", "coordinates": [ 35.37, -15.58 ] } },
{ "type": "Feature", "properties": { "date": "2025-04-15", "region": "Southern Region", "district": "Zomba", "market": "Mayaka", "commodity": "Beans", "price": 6166.67, "pct_change": 23.33, "zscore": 2.014, "spike_severity": "Moderate" }, "geometry": { "type": "Point", "coordinates": [ 35.37, -15.58 ] } },
{ "type": "Feature", "properties": { "date": "2025-09-15", "region": "Southern Region", "district": "Zomba", "market": "Mayaka", "commodity": "Beans", "price": 5939.13, "pct_change": 48.48, "zscore": 1.567, "spike_severity": "Moderate" }, "geometry": { "type": "Point", "coordinates": [ 35.37, -15.58 ] } },
{ "type": "Feature", "properties": { "date": "2023-04-15", "region": "Southern Region", "district": "Zomba", "market": "Mayaka", "commodity": "Cowpeas", "price": 1000.0, "pct_change": 81.82, "zscore": 1.741, "spike_severity": "Moderate" }, "geometry": { "type": "Point", "coordinates": [ 35.37, -15.58 ] } },
{ "type": "Feature", "properties": { "date": "2023-09-15", "region": "Southern Region", "district": "Zomba", "market": "Mayaka", "commodity": "Cowpeas", "price": 1200.0, "pct_change": 33.33, "zscore": 1.589, "spike_severity": "Moderate" }, "geometry": { "type": "Point", "coordinates": [ 35.37, -15.58 ] } },
{ "type": "Feature", "properties": { "date": "2023-11-15", "region": "Southern Region", "district": "Zomba", "market": "Mayaka", "commodity": "Cowpeas", "price": 1583.33, "pct_change": 31.94, "zscore": 2.146, "spike_severity": "Moderate" }, "geometry": { "type": "Point", "coordinates": [ 35.37, -15.58 ] } },
{ "type": "Feature", "properties": { "date": "2024-02-15", "region": "Southern Region", "district": "Zomba", "market": "Mayaka", "commodity": "Cowpeas", "price": 2000.0, "pct_change": 24.31, "zscore": 1.976, "spike_severity": "Moderate" }, "geometry": { "type": "Point", "coordinates": [ 35.37, -15.58 ] } },
{ "type": "Feature", "properties": { "date": "2024-09-15", "region": "Southern Region", "district": "Zomba", "market": "Mayaka", "commodity": "Cowpeas", "price": 3000.0, "pct_change": 50.0, "zscore": 2.617, "spike_severity": "Severe" }, "geometry": { "type": "Point", "coordinates": [ 35.37, -15.58 ] } },
{ "type": "Feature", "properties": { "date": "2025-10-15", "region": "Southern Region", "district": "Zomba", "market": "Mayaka", "commodity": "Cowpeas", "price": 3487.9, "pct_change": 66.26, "zscore": 2.17, "spike_severity": "Severe" }, "geometry": { "type": "Point", "coordinates": [ 35.37, -15.58 ] } },
{ "type": "Feature", "properties": { "date": "2025-12-15", "region": "Southern Region", "district": "Zomba", "market": "Mayaka", "commodity": "Cowpeas", "price": 3588.24, "pct_change": 25.17, "zscore": 1.857, "spike_severity": "Moderate" }, "geometry": { "type": "Point", "coordinates": [ 35.37, -15.58 ] } },
{ "type": "Feature", "properties": { "date": "2026-01-15", "region": "Southern Region", "district": "Zomba", "market": "Mayaka", "commodity": "Exotic vegetables", "price": 1156.67, "pct_change": 498.29, "zscore": 1.763, "spike_severity": "Moderate" }, "geometry": { "type": "Point", "coordinates": [ 35.37, -15.58 ] } },
{ "type": "Feature", "properties": { "date": "2026-01-15", "region": "Southern Region", "district": "Zomba", "market": "Mayaka", "commodity": "Local vegetables", "price": 2000.0, "pct_change": 2300.1, "zscore": 1.779, "spike_severity": "Moderate" }, "geometry": { "type": "Point", "coordinates": [ 35.37, -15.58 ] } },
{ "type": "Feature", "properties": { "date": "2022-09-15", "region": "Southern Region", "district": "Zomba", "market": "Mayaka", "commodity": "Maize", "price": 384.0, "pct_change": 74.55, "zscore": 2.852, "spike_severity": "Critical" }, "geometry": { "type": "Point", "coordinates": [ 35.37, -15.58 ] } },
{ "type": "Feature", "properties": { "date": "2025-04-15", "region": "Southern Region", "district": "Zomba", "market": "Mayaka", "commodity": "Maize", "price": 941.67, "pct_change": 145.23, "zscore": 3.019, "spike_severity": "Critical" }, "geometry": { "type": "Point", "coordinates": [ 35.37, -15.58 ] } },
{ "type": "Feature", "properties": { "date": "2025-09-15", "region": "Southern Region", "district": "Zomba", "market": "Mayaka", "commodity": "Maize", "price": 1315.22, "pct_change": 46.14, "zscore": 2.225, "spike_severity": "Severe" }, "geometry": { "type": "Point", "coordinates": [ 35.37, -15.58 ] } },
{ "type": "Feature", "properties": { "date": "2023-01-15", "region": "Southern Region", "district": "Zomba", "market": "Mayaka", "commodity": "Maize (new harvest)", "price": 490.0, "pct_change": 276.92, "zscore": 2.396, "spike_severity": "Severe" }, "geometry": { "type": "Point", "coordinates": [ 35.37, -15.58 ] } },
{ "type": "Feature", "properties": { "date": "2023-04-15", "region": "Southern Region", "district": "Zomba", "market": "Mayaka", "commodity": "Maize (new harvest)", "price": 700.0, "pct_change": 42.86, "zscore": 2.227, "spike_severity": "Severe" }, "geometry": { "type": "Point", "coordinates": [ 35.37, -15.58 ] } },
{ "type": "Feature", "properties": { "date": "2023-07-15", "region": "Southern Region", "district": "Zomba", "market": "Mayaka", "commodity": "Maize (new harvest)", "price": 694.44, "pct_change": 35.17, "zscore": 1.591, "spike_severity": "Moderate" }, "geometry": { "type": "Point", "coordinates": [ 35.37, -15.58 ] } },
{ "type": "Feature", "properties": { "date": "2025-02-15", "region": "Southern Region", "district": "Zomba", "market": "Mayaka", "commodity": "Maize (new harvest)", "price": 1369.44, "pct_change": 71.18, "zscore": 2.677, "spike_severity": "Critical" }, "geometry": { "type": "Point", "coordinates": [ 35.37, -15.58 ] } },
{ "type": "Feature", "properties": { "date": "2025-04-15", "region": "Southern Region", "district": "Zomba", "market": "Mayaka", "commodity": "Oil (vegetable)", "price": 8400.0, "pct_change": 394.12, "zscore": 2.466, "spike_severity": "Severe" }, "geometry": { "type": "Point", "coordinates": [ 35.37, -15.58 ] } },
{ "type": "Feature", "properties": { "date": "2023-09-15", "region": "Southern Region", "district": "Zomba", "market": "Mayaka", "commodity": "Pigeon peas", "price": 1200.0, "pct_change": 50.0, "zscore": 2.381, "spike_severity": "Severe" }, "geometry": { "type": "Point", "coordinates": [ 35.37, -15.58 ] } },
{ "type": "Feature", "properties": { "date": "2024-02-15", "region": "Southern Region", "district": "Zomba", "market": "Mayaka", "commodity": "Pigeon peas", "price": 2000.0, "pct_change": 24.31, "zscore": 2.105, "spike_severity": "Moderate" }, "geometry": { "type": "Point", "coordinates": [ 35.37, -15.58 ] } },
{ "type": "Feature", "properties": { "date": "2025-02-15", "region": "Southern Region", "district": "Zomba", "market": "Mayaka", "commodity": "Pigeon peas", "price": 2000.0, "pct_change": 33.33, "zscore": 1.651, "spike_severity": "Moderate" }, "geometry": { "type": "Point", "coordinates": [ 35.37, -15.58 ] } },
{ "type": "Feature", "properties": { "date": "2025-05-15", "region": "Southern Region", "district": "Zomba", "market": "Mayaka", "commodity": "Rice", "price": 3115.38, "pct_change": 379.29, "zscore": 2.664, "spike_severity": "Critical" }, "geometry": { "type": "Point", "coordinates": [ 35.37, -15.58 ] } },
{ "type": "Feature", "properties": { "date": "2025-10-15", "region": "Southern Region", "district": "Zomba", "market": "Mayaka", "commodity": "Sorghum", "price": 5089.47, "pct_change": 4141.23, "zscore": 1.789, "spike_severity": "Moderate" }, "geometry": { "type": "Point", "coordinates": [ 35.37, -15.58 ] } },
{ "type": "Feature", "properties": { "date": "2025-12-15", "region": "Southern Region", "district": "Zomba", "market": "Mayaka", "commodity": "Sorghum", "price": 6666.67, "pct_change": 566.67, "zscore": 1.719, "spike_severity": "Moderate" }, "geometry": { "type": "Point", "coordinates": [ 35.37, -15.58 ] } },
{ "type": "Feature", "properties": { "date": "2025-12-15", "region": "Southern Region", "district": "Zomba", "market": "Mayaka", "commodity": "Soybeans", "price": 3600.0, "pct_change": 44.0, "zscore": 1.866, "spike_severity": "Moderate" }, "geometry": { "type": "Point", "coordinates": [ 35.37, -15.58 ] } },
{ "type": "Feature", "properties": { "date": "2025-04-15", "region": "Southern Region", "district": "Zomba", "market": "Mayaka", "commodity": "Sugar", "price": 3566.67, "pct_change": 345.83, "zscore": 2.475, "spike_severity": "Severe" }, "geometry": { "type": "Point", "coordinates": [ 35.37, -15.58 ] } },
{ "type": "Feature", "properties": { "date": "2025-06-15", "region": "Southern Region", "district": "Zomba", "market": "Mayaka", "commodity": "Sugar", "price": 5411.67, "pct_change": 27.89, "zscore": 1.966, "spike_severity": "Moderate" }, "geometry": { "type": "Point", "coordinates": [ 35.37, -15.58 ] } },
{ "type": "Feature", "properties": { "date": "2025-04-15", "region": "Southern Region", "district": "Zomba", "market": "Mayaka", "commodity": "Sweet potatoes", "price": 833.33, "pct_change": 66.67, "zscore": 2.242, "spike_severity": "Severe" }, "geometry": { "type": "Point", "coordinates": [ 35.37, -15.58 ] } },
{ "type": "Feature", "properties": { "date": "2025-10-15", "region": "Southern Region", "district": "Zomba", "market": "Mayaka", "commodity": "Sweet potatoes", "price": 1315.84, "pct_change": 57.96, "zscore": 2.721, "spike_severity": "Severe" }, "geometry": { "type": "Point", "coordinates": [ 35.37, -15.58 ] } },
{ "type": "Feature", "properties": { "date": "2022-07-15", "region": "Southern Region", "district": "Zomba", "market": "Mulomba", "commodity": "Beans", "price": 1600.0, "pct_change": 64.1, "zscore": 1.988, "spike_severity": "Moderate" }, "geometry": { "type": "Point", "coordinates": [ 35.52, -15.76 ] } },
{ "type": "Feature", "properties": { "date": "2024-05-15", "region": "Southern Region", "district": "Zomba", "market": "Mulomba", "commodity": "Beans", "price": 4000.0, "pct_change": 42.86, "zscore": 2.368, "spike_severity": "Severe" }, "geometry": { "type": "Point", "coordinates": [ 35.52, -15.76 ] } },
{ "type": "Feature", "properties": { "date": "2025-04-15", "region": "Southern Region", "district": "Zomba", "market": "Mulomba", "commodity": "Cassava", "price": 3600.0, "pct_change": 1152.17, "zscore": 2.266, "spike_severity": "Severe" }, "geometry": { "type": "Point", "coordinates": [ 35.52, -15.76 ] } },
{ "type": "Feature", "properties": { "date": "2023-06-15", "region": "Southern Region", "district": "Zomba", "market": "Mulomba", "commodity": "Cowpeas", "price": 1200.0, "pct_change": 84.62, "zscore": 2.476, "spike_severity": "Severe" }, "geometry": { "type": "Point", "coordinates": [ 35.52, -15.76 ] } },
{ "type": "Feature", "properties": { "date": "2023-10-15", "region": "Southern Region", "district": "Zomba", "market": "Mulomba", "commodity": "Cowpeas", "price": 1125.0, "pct_change": 40.62, "zscore": 1.642, "spike_severity": "Moderate" }, "geometry": { "type": "Point", "coordinates": [ 35.52, -15.76 ] } },
{ "type": "Feature", "properties": { "date": "2024-02-15", "region": "Southern Region", "district": "Zomba", "market": "Mulomba", "commodity": "Cowpeas", "price": 2000.0, "pct_change": 27.66, "zscore": 2.146, "spike_severity": "Moderate" }, "geometry": { "type": "Point", "coordinates": [ 35.52, -15.76 ] } },
{ "type": "Feature", "properties": { "date": "2024-12-15", "region": "Southern Region", "district": "Zomba", "market": "Mulomba", "commodity": "Cowpeas", "price": 2500.0, "pct_change": 25.0, "zscore": 1.693, "spike_severity": "Moderate" }, "geometry": { "type": "Point", "coordinates": [ 35.52, -15.76 ] } },
{ "type": "Feature", "properties": { "date": "2025-04-15", "region": "Southern Region", "district": "Zomba", "market": "Mulomba", "commodity": "Cowpeas", "price": 3794.12, "pct_change": 26.47, "zscore": 2.228, "spike_severity": "Moderate" }, "geometry": { "type": "Point", "coordinates": [ 35.52, -15.76 ] } },
{ "type": "Feature", "properties": { "date": "2026-03-15", "region": "Southern Region", "district": "Zomba", "market": "Mulomba", "commodity": "Exotic vegetables", "price": 2010.0, "pct_change": 71.79, "zscore": 1.849, "spike_severity": "Moderate" }, "geometry": { "type": "Point", "coordinates": [ 35.52, -15.76 ] } },
{ "type": "Feature", "properties": { "date": "2026-01-15", "region": "Southern Region", "district": "Zomba", "market": "Mulomba", "commodity": "Fish (small, dry)", "price": 16000.0, "pct_change": 100.0, "zscore": 1.565, "spike_severity": "Moderate" }, "geometry": { "type": "Point", "coordinates": [ 35.52, -15.76 ] } },
{ "type": "Feature", "properties": { "date": "2026-02-15", "region": "Southern Region", "district": "Zomba", "market": "Mulomba", "commodity": "Local vegetables", "price": 600.0, "pct_change": 100.0, "zscore": 1.614, "spike_severity": "Moderate" }, "geometry": { "type": "Point", "coordinates": [ 35.52, -15.76 ] } },
{ "type": "Feature", "properties": { "date": "2026-03-15", "region": "Southern Region", "district": "Zomba", "market": "Mulomba", "commodity": "Local vegetables", "price": 800.0, "pct_change": 33.33, "zscore": 1.534, "spike_severity": "Moderate" }, "geometry": { "type": "Point", "coordinates": [ 35.52, -15.76 ] } },
{ "type": "Feature", "properties": { "date": "2022-01-15", "region": "Southern Region", "district": "Zomba", "market": "Mulomba", "commodity": "Maize", "price": 210.0, "pct_change": 31.25, "zscore": 1.616, "spike_severity": "Moderate" }, "geometry": { "type": "Point", "coordinates": [ 35.52, -15.76 ] } },
{ "type": "Feature", "properties": { "date": "2022-08-15", "region": "Southern Region", "district": "Zomba", "market": "Mulomba", "commodity": "Maize", "price": 355.0, "pct_change": 69.05, "zscore": 2.921, "spike_severity": "Critical" }, "geometry": { "type": "Point", "coordinates": [ 35.52, -15.76 ] } },
{ "type": "Feature", "properties": { "date": "2025-09-15", "region": "Southern Region", "district": "Zomba", "market": "Mulomba", "commodity": "Maize", "price": 1482.61, "pct_change": 317.64, "zscore": 3.138, "spike_severity": "Critical" }, "geometry": { "type": "Point", "coordinates": [ 35.52, -15.76 ] } },
{ "type": "Feature", "properties": { "date": "2023-01-15", "region": "Southern Region", "district": "Zomba", "market": "Mulomba", "commodity": "Maize (new harvest)", "price": 521.25, "pct_change": 317.0, "zscore": 2.202, "spike_severity": "Severe" }, "geometry": { "type": "Point", "coordinates": [ 35.52, -15.76 ] } },
{ "type": "Feature", "properties": { "date": "2023-07-15", "region": "Southern Region", "district": "Zomba", "market": "Mulomba", "commodity": "Maize (new harvest)", "price": 706.25, "pct_change": 37.8, "zscore": 1.592, "spike_severity": "Moderate" }, "geometry": { "type": "Point", "coordinates": [ 35.52, -15.76 ] } },
{ "type": "Feature", "properties": { "date": "2025-01-15", "region": "Southern Region", "district": "Zomba", "market": "Mulomba", "commodity": "Maize (new harvest)", "price": 1300.0, "pct_change": 21.87, "zscore": 2.047, "spike_severity": "Moderate" }, "geometry": { "type": "Point", "coordinates": [ 35.52, -15.76 ] } },
{ "type": "Feature", "properties": { "date": "2025-02-15", "region": "Southern Region", "district": "Zomba", "market": "Mulomba", "commodity": "Maize (new harvest)", "price": 1592.86, "pct_change": 22.53, "zscore": 2.268, "spike_severity": "Moderate" }, "geometry": { "type": "Point", "coordinates": [ 35.52, -15.76 ] } },
{ "type": "Feature", "properties": { "date": "2025-04-15", "region": "Southern Region", "district": "Zomba", "market": "Mulomba", "commodity": "Millet", "price": 1500.0, "pct_change": 614.29, "zscore": 2.254, "spike_severity": "Severe" }, "geometry": { "type": "Point", "coordinates": [ 35.52, -15.76 ] } },
{ "type": "Feature", "properties": { "date": "2025-05-15", "region": "Southern Region", "district": "Zomba", "market": "Mulomba", "commodity": "Oil (vegetable)", "price": 7645.16, "pct_change": 37.53, "zscore": 1.678, "spike_severity": "Moderate" }, "geometry": { "type": "Point", "coordinates": [ 35.52, -15.76 ] } },
{ "type": "Feature", "properties": { "date": "2023-01-15", "region": "Southern Region", "district": "Zomba", "market": "Mulomba", "commodity": "Pigeon peas", "price": 706.25, "pct_change": 28.41, "zscore": 1.772, "spike_severity": "Moderate" }, "geometry": { "type": "Point", "coordinates": [ 35.52, -15.76 ] } },
{ "type": "Feature", "properties": { "date": "2023-06-15", "region": "Southern Region", "district": "Zomba", "market": "Mulomba", "commodity": "Pigeon peas", "price": 1200.0, "pct_change": 111.76, "zscore": 2.668, "spike_severity": "Critical" }, "geometry": { "type": "Point", "coordinates": [ 35.52, -15.76 ] } },
{ "type": "Feature", "properties": { "date": "2023-10-15", "region": "Southern Region", "district": "Zomba", "market": "Mulomba", "commodity": "Pigeon peas", "price": 1100.0, "pct_change": 76.0, "zscore": 1.821, "spike_severity": "Moderate" }, "geometry": { "type": "Point", "coordinates": [ 35.52, -15.76 ] } },
{ "type": "Feature", "properties": { "date": "2024-02-15", "region": "Southern Region", "district": "Zomba", "market": "Mulomba", "commodity": "Pigeon peas", "price": 2000.0, "pct_change": 31.15, "zscore": 2.047, "spike_severity": "Moderate" }, "geometry": { "type": "Point", "coordinates": [ 35.52, -15.76 ] } },
{ "type": "Feature", "properties": { "date": "2024-09-15", "region": "Southern Region", "district": "Zomba", "market": "Mulomba", "commodity": "Pigeon peas", "price": 2000.0, "pct_change": 66.67, "zscore": 1.605, "spike_severity": "Moderate" }, "geometry": { "type": "Point", "coordinates": [ 35.52, -15.76 ] } },
{ "type": "Feature", "properties": { "date": "2025-04-15", "region": "Southern Region", "district": "Zomba", "market": "Mulomba", "commodity": "Rice", "price": 3825.0, "pct_change": 393.55, "zscore": 2.265, "spike_severity": "Severe" }, "geometry": { "type": "Point", "coordinates": [ 35.52, -15.76 ] } },
{ "type": "Feature", "properties": { "date": "2025-04-15", "region": "Southern Region", "district": "Zomba", "market": "Mulomba", "commodity": "Sorghum", "price": 1500.0, "pct_change": 757.14, "zscore": 2.259, "spike_severity": "Severe" }, "geometry": { "type": "Point", "coordinates": [ 35.52, -15.76 ] } },
{ "type": "Feature", "properties": { "date": "2025-04-15", "region": "Southern Region", "district": "Zomba", "market": "Mulomba", "commodity": "Sugar", "price": 3485.29, "pct_change": 310.03, "zscore": 2.267, "spike_severity": "Severe" }, "geometry": { "type": "Point", "coordinates": [ 35.52, -15.76 ] } },
{ "type": "Feature", "properties": { "date": "2025-06-15", "region": "Southern Region", "district": "Zomba", "market": "Mulomba", "commodity": "Sugar", "price": 5216.67, "pct_change": 32.23, "zscore": 1.865, "spike_severity": "Moderate" }, "geometry": { "type": "Point", "coordinates": [ 35.52, -15.76 ] } },
{ "type": "Feature", "properties": { "date": "2025-04-15", "region": "Southern Region", "district": "Zomba", "market": "Mulomba", "commodity": "Sweet potatoes", "price": 555.56, "pct_change": 85.19, "zscore": 2.047, "spike_severity": "Severe" }, "geometry": { "type": "Point", "coordinates": [ 35.52, -15.76 ] } },
{ "type": "Feature", "properties": { "date": "2025-07-15", "region": "Southern Region", "district": "Zomba", "market": "Mulomba", "commodity": "Sweet potatoes", "price": 833.33, "pct_change": 50.0, "zscore": 2.176, "spike_severity": "Severe" }, "geometry": { "type": "Point", "coordinates": [ 35.52, -15.76 ] } },
{ "type": "Feature", "properties": { "date": "2025-08-15", "region": "Southern Region", "district": "Zomba", "market": "Mulomba", "commodity": "Sweet potatoes", "price": 1111.11, "pct_change": 33.33, "zscore": 2.303, "spike_severity": "Moderate" }, "geometry": { "type": "Point", "coordinates": [ 35.52, -15.76 ] } },
{ "type": "Feature", "properties": { "date": "2025-11-15", "region": "Southern Region", "district": "Zomba", "market": "Mulomba", "commodity": "Sweet potatoes", "price": 1111.0, "pct_change": 22.56, "zscore": 1.547, "spike_severity": "Moderate" }, "geometry": { "type": "Point", "coordinates": [ 35.52, -15.76 ] } },
{ "type": "Feature", "properties": { "date": "2021-12-15", "region": "Southern Region", "district": "Zomba", "market": "Songani", "commodity": "Beans", "price": 1300.0, "pct_change": 59.12, "zscore": 1.723, "spike_severity": "Moderate" }, "geometry": { "type": "Point", "coordinates": [ 35.39, -15.32 ] } },
{ "type": "Feature", "properties": { "date": "2024-01-15", "region": "Southern Region", "district": "Zomba", "market": "Songani", "commodity": "Beans", "price": 2882.35, "pct_change": 32.52, "zscore": 2.509, "spike_severity": "Moderate" }, "geometry": { "type": "Point", "coordinates": [ 35.39, -15.32 ] } },
{ "type": "Feature", "properties": { "date": "2024-02-15", "region": "Southern Region", "district": "Zomba", "market": "Songani", "commodity": "Beans", "price": 3500.0, "pct_change": 21.43, "zscore": 2.422, "spike_severity": "Moderate" }, "geometry": { "type": "Point", "coordinates": [ 35.39, -15.32 ] } },
{ "type": "Feature", "properties": { "date": "2024-09-15", "region": "Southern Region", "district": "Zomba", "market": "Songani", "commodity": "Beans", "price": 3900.0, "pct_change": 30.0, "zscore": 1.969, "spike_severity": "Moderate" }, "geometry": { "type": "Point", "coordinates": [ 35.39, -15.32 ] } },
{ "type": "Feature", "properties": { "date": "2025-02-15", "region": "Southern Region", "district": "Zomba", "market": "Songani", "commodity": "Beans", "price": 5416.67, "pct_change": 38.89, "zscore": 2.11, "spike_severity": "Moderate" }, "geometry": { "type": "Point", "coordinates": [ 35.39, -15.32 ] } },
{ "type": "Feature", "properties": { "date": "2023-04-15", "region": "Southern Region", "district": "Zomba", "market": "Songani", "commodity": "Cowpeas", "price": 1000.0, "pct_change": 53.85, "zscore": 1.673, "spike_severity": "Moderate" }, "geometry": { "type": "Point", "coordinates": [ 35.39, -15.32 ] } },
{ "type": "Feature", "properties": { "date": "2023-11-15", "region": "Southern Region", "district": "Zomba", "market": "Songani", "commodity": "Cowpeas", "price": 1466.67, "pct_change": 46.67, "zscore": 2.138, "spike_severity": "Severe" }, "geometry": { "type": "Point", "coordinates": [ 35.39, -15.32 ] } },
{ "type": "Feature", "properties": { "date": "2024-09-15", "region": "Southern Region", "district": "Zomba", "market": "Songani", "commodity": "Cowpeas", "price": 2700.0, "pct_change": 40.09, "zscore": 2.38, "spike_severity": "Severe" }, "geometry": { "type": "Point", "coordinates": [ 35.39, -15.32 ] } },
{ "type": "Feature", "properties": { "date": "2025-02-15", "region": "Southern Region", "district": "Zomba", "market": "Songani", "commodity": "Cowpeas", "price": 3208.33, "pct_change": 60.42, "zscore": 1.836, "spike_severity": "Moderate" }, "geometry": { "type": "Point", "coordinates": [ 35.39, -15.32 ] } },
{ "type": "Feature", "properties": { "date": "2025-11-15", "region": "Southern Region", "district": "Zomba", "market": "Songani", "commodity": "Groundnuts (shelled)", "price": 9777.78, "pct_change": 30.66, "zscore": 1.999, "spike_severity": "Moderate" }, "geometry": { "type": "Point", "coordinates": [ 35.39, -15.32 ] } },
{ "type": "Feature", "properties": { "date": "2022-09-15", "region": "Southern Region", "district": "Zomba", "market": "Songani", "commodity": "Maize", "price": 354.0, "pct_change": 172.31, "zscore": 2.42, "spike_severity": "Severe" }, "geometry": { "type": "Point", "coordinates": [ 35.39, -15.32 ] } },
{ "type": "Feature", "properties": { "date": "2025-04-15", "region": "Southern Region", "district": "Zomba", "market": "Songani", "commodity": "Maize", "price": 900.0, "pct_change": 154.24, "zscore": 3.042, "spike_severity": "Critical" }, "geometry": { "type": "Point", "coordinates": [ 35.39, -15.32 ] } },
{ "type": "Feature", "properties": { "date": "2025-09-15", "region": "Southern Region", "district": "Zomba", "market": "Songani", "commodity": "Maize", "price": 1187.68, "pct_change": 67.28, "zscore": 2.265, "spike_severity": "Severe" }, "geometry": { "type": "Point", "coordinates": [ 35.39, -15.32 ] } },
{ "type": "Feature", "properties": { "date": "2025-02-15", "region": "Southern Region", "district": "Zomba", "market": "Songani", "commodity": "Maize (new harvest)", "price": 1345.83, "pct_change": 68.23, "zscore": 2.56, "spike_severity": "Critical" }, "geometry": { "type": "Point", "coordinates": [ 35.39, -15.32 ] } },
{ "type": "Feature", "properties": { "date": "2023-11-15", "region": "Southern Region", "district": "Zomba", "market": "Songani", "commodity": "Pigeon peas", "price": 1250.0, "pct_change": 25.0, "zscore": 1.778, "spike_severity": "Moderate" }, "geometry": { "type": "Point", "coordinates": [ 35.39, -15.32 ] } },
{ "type": "Feature", "properties": { "date": "2025-02-15", "region": "Southern Region", "district": "Zomba", "market": "Songani", "commodity": "Pigeon peas", "price": 2975.0, "pct_change": 48.75, "zscore": 2.132, "spike_severity": "Severe" }, "geometry": { "type": "Point", "coordinates": [ 35.39, -15.32 ] } },
{ "type": "Feature", "properties": { "date": "2026-03-15", "region": "Southern Region", "district": "Zomba", "market": "Songani", "commodity": "Soybeans", "price": 4500.0, "pct_change": 125.0, "zscore": 2.086, "spike_severity": "Severe" }, "geometry": { "type": "Point", "coordinates": [ 35.39, -15.32 ] } },
{ "type": "Feature", "properties": { "date": "2025-08-15", "region": "Southern Region", "district": "Zomba", "market": "Songani", "commodity": "Sweet potatoes", "price": 1111.11, "pct_change": 100.0, "zscore": 1.565, "spike_severity": "Moderate" }, "geometry": { "type": "Point", "coordinates": [ 35.39, -15.32 ] } },
{ "type": "Feature", "properties": { "date": "2026-03-15", "region": "Southern Region", "district": "Zomba", "market": "Songani", "commodity": "Tomatoes", "price": 3000.0, "pct_change": 66.67, "zscore": 1.503, "spike_severity": "Moderate" }, "geometry": { "type": "Point", "coordinates": [ 35.39, -15.32 ] } },
{ "type": "Feature", "properties": { "date": "2020-11-15", "region": "Southern Region", "district": "Zomba", "market": "Thondwe", "commodity": "Beans", "price": 1104.55, "pct_change": 38.07, "zscore": 1.672, "spike_severity": "Moderate" }, "geometry": { "type": "Point", "coordinates": [ 35.24, -15.49 ] } },
{ "type": "Feature", "properties": { "date": "2023-04-15", "region": "Southern Region", "district": "Zomba", "market": "Thondwe", "commodity": "Beans", "price": 1500.0, "pct_change": 50.0, "zscore": 1.738, "spike_severity": "Moderate" }, "geometry": { "type": "Point", "coordinates": [ 35.24, -15.49 ] } },
{ "type": "Feature", "properties": { "date": "2024-09-15", "region": "Southern Region", "district": "Zomba", "market": "Thondwe", "commodity": "Beans", "price": 4000.0, "pct_change": 33.33, "zscore": 2.205, "spike_severity": "Moderate" }, "geometry": { "type": "Point", "coordinates": [ 35.24, -15.49 ] } },
{ "type": "Feature", "properties": { "date": "2025-02-15", "region": "Southern Region", "district": "Zomba", "market": "Thondwe", "commodity": "Beans", "price": 5291.67, "pct_change": 51.19, "zscore": 2.243, "spike_severity": "Severe" }, "geometry": { "type": "Point", "coordinates": [ 35.24, -15.49 ] } },
{ "type": "Feature", "properties": { "date": "2025-09-15", "region": "Southern Region", "district": "Zomba", "market": "Thondwe", "commodity": "Beans", "price": 7630.43, "pct_change": 27.17, "zscore": 2.099, "spike_severity": "Moderate" }, "geometry": { "type": "Point", "coordinates": [ 35.24, -15.49 ] } },
{ "type": "Feature", "properties": { "date": "2025-12-15", "region": "Southern Region", "district": "Zomba", "market": "Thondwe", "commodity": "Beans", "price": 7739.58, "pct_change": 32.68, "zscore": 1.614, "spike_severity": "Moderate" }, "geometry": { "type": "Point", "coordinates": [ 35.24, -15.49 ] } },
{ "type": "Feature", "properties": { "date": "2025-08-15", "region": "Southern Region", "district": "Zomba", "market": "Thondwe", "commodity": "Cassava", "price": 2800.0, "pct_change": 600.0, "zscore": 2.475, "spike_severity": "Severe" }, "geometry": { "type": "Point", "coordinates": [ 35.24, -15.49 ] } },
{ "type": "Feature", "properties": { "date": "2023-04-15", "region": "Southern Region", "district": "Zomba", "market": "Thondwe", "commodity": "Cowpeas", "price": 1100.0, "pct_change": 83.33, "zscore": 2.717, "spike_severity": "Critical" }, "geometry": { "type": "Point", "coordinates": [ 35.24, -15.49 ] } },
{ "type": "Feature", "properties": { "date": "2023-08-15", "region": "Southern Region", "district": "Zomba", "market": "Thondwe", "commodity": "Cowpeas", "price": 1150.0, "pct_change": 66.94, "zscore": 1.935, "spike_severity": "Moderate" }, "geometry": { "type": "Point", "coordinates": [ 35.24, -15.49 ] } },
{ "type": "Feature", "properties": { "date": "2023-12-15", "region": "Southern Region", "district": "Zomba", "market": "Thondwe", "commodity": "Cowpeas", "price": 1475.0, "pct_change": 28.26, "zscore": 1.61, "spike_severity": "Moderate" }, "geometry": { "type": "Point", "coordinates": [ 35.24, -15.49 ] } },
{ "type": "Feature", "properties": { "date": "2024-09-15", "region": "Southern Region", "district": "Zomba", "market": "Thondwe", "commodity": "Cowpeas", "price": 2400.0, "pct_change": 22.22, "zscore": 2.117, "spike_severity": "Moderate" }, "geometry": { "type": "Point", "coordinates": [ 35.24, -15.49 ] } },
{ "type": "Feature", "properties": { "date": "2025-02-15", "region": "Southern Region", "district": "Zomba", "market": "Thondwe", "commodity": "Cowpeas", "price": 3716.67, "pct_change": 85.83, "zscore": 2.505, "spike_severity": "Critical" }, "geometry": { "type": "Point", "coordinates": [ 35.24, -15.49 ] } },
{ "type": "Feature", "properties": { "date": "2025-03-15", "region": "Southern Region", "district": "Zomba", "market": "Thondwe", "commodity": "Cowpeas", "price": 5000.0, "pct_change": 34.53, "zscore": 2.491, "spike_severity": "Moderate" }, "geometry": { "type": "Point", "coordinates": [ 35.24, -15.49 ] } },
{ "type": "Feature", "properties": { "date": "2026-02-15", "region": "Southern Region", "district": "Zomba", "market": "Thondwe", "commodity": "Local vegetables", "price": 400.0, "pct_change": 33.33, "zscore": 1.51, "spike_severity": "Moderate" }, "geometry": { "type": "Point", "coordinates": [ 35.24, -15.49 ] } },
{ "type": "Feature", "properties": { "date": "2022-09-15", "region": "Southern Region", "district": "Zomba", "market": "Thondwe", "commodity": "Maize", "price": 333.5, "pct_change": 66.75, "zscore": 2.612, "spike_severity": "Critical" }, "geometry": { "type": "Point", "coordinates": [ 35.24, -15.49 ] } },
{ "type": "Feature", "properties": { "date": "2025-04-15", "region": "Southern Region", "district": "Zomba", "market": "Thondwe", "commodity": "Maize", "price": 800.0, "pct_change": 139.88, "zscore": 3.008, "spike_severity": "Critical" }, "geometry": { "type": "Point", "coordinates": [ 35.24, -15.49 ] } },
{ "type": "Feature", "properties": { "date": "2025-09-15", "region": "Southern Region", "district": "Zomba", "market": "Thondwe", "commodity": "Maize", "price": 1215.65, "pct_change": 51.96, "zscore": 2.327, "spike_severity": "Severe" }, "geometry": { "type": "Point", "coordinates": [ 35.24, -15.49 ] } },
{ "type": "Feature", "properties": { "date": "2023-01-15", "region": "Southern Region", "district": "Zomba", "market": "Thondwe", "commodity": "Maize (new harvest)", "price": 500.0, "pct_change": 733.33, "zscore": 2.224, "spike_severity": "Severe" }, "geometry": { "type": "Point", "coordinates": [ 35.24, -15.49 ] } },
{ "type": "Feature", "properties": { "date": "2023-04-15", "region": "Southern Region", "district": "Zomba", "market": "Thondwe", "commodity": "Maize (new harvest)", "price": 650.0, "pct_change": 30.0, "zscore": 2.047, "spike_severity": "Moderate" }, "geometry": { "type": "Point", "coordinates": [ 35.24, -15.49 ] } },
{ "type": "Feature", "properties": { "date": "2023-07-15", "region": "Southern Region", "district": "Zomba", "market": "Thondwe", "commodity": "Maize (new harvest)", "price": 655.56, "pct_change": 31.11, "zscore": 1.57, "spike_severity": "Moderate" }, "geometry": { "type": "Point", "coordinates": [ 35.24, -15.49 ] } },
{ "type": "Feature", "properties": { "date": "2023-12-15", "region": "Southern Region", "district": "Zomba", "market": "Thondwe", "commodity": "Maize (new harvest)", "price": 1325.0, "pct_change": 70.97, "zscore": 2.168, "spike_severity": "Severe" }, "geometry": { "type": "Point", "coordinates": [ 35.24, -15.49 ] } },
{ "type": "Feature", "properties": { "date": "2025-02-15", "region": "Southern Region", "district": "Zomba", "market": "Thondwe", "commodity": "Maize (new harvest)", "price": 1408.33, "pct_change": 65.69, "zscore": 2.149, "spike_severity": "Severe" }, "geometry": { "type": "Point", "coordinates": [ 35.24, -15.49 ] } },
{ "type": "Feature", "properties": { "date": "2025-03-15", "region": "Southern Region", "district": "Zomba", "market": "Thondwe", "commodity": "Maize (new harvest)", "price": 1700.0, "pct_change": 20.71, "zscore": 2.203, "spike_severity": "Moderate" }, "geometry": { "type": "Point", "coordinates": [ 35.24, -15.49 ] } },
{ "type": "Feature", "properties": { "date": "2025-04-15", "region": "Southern Region", "district": "Zomba", "market": "Thondwe", "commodity": "Oil (vegetable)", "price": 8000.0, "pct_change": 433.33, "zscore": 2.473, "spike_severity": "Severe" }, "geometry": { "type": "Point", "coordinates": [ 35.24, -15.49 ] } },
{ "type": "Feature", "properties": { "date": "2023-04-15", "region": "Southern Region", "district": "Zomba", "market": "Thondwe", "commodity": "Pigeon peas", "price": 900.0, "pct_change": 50.0, "zscore": 2.225, "spike_severity": "Severe" }, "geometry": { "type": "Point", "coordinates": [ 35.24, -15.49 ] } },
{ "type": "Feature", "properties": { "date": "2023-09-15", "region": "Southern Region", "district": "Zomba", "market": "Thondwe", "commodity": "Pigeon peas", "price": 1300.0, "pct_change": 67.74, "zscore": 2.637, "spike_severity": "Critical" }, "geometry": { "type": "Point", "coordinates": [ 35.24, -15.49 ] } },
{ "type": "Feature", "properties": { "date": "2023-11-15", "region": "Southern Region", "district": "Zomba", "market": "Thondwe", "commodity": "Pigeon peas", "price": 1350.0, "pct_change": 22.73, "zscore": 1.88, "spike_severity": "Moderate" }, "geometry": { "type": "Point", "coordinates": [ 35.24, -15.49 ] } },
{ "type": "Feature", "properties": { "date": "2025-02-15", "region": "Southern Region", "district": "Zomba", "market": "Thondwe", "commodity": "Pigeon peas", "price": 2416.67, "pct_change": 141.67, "zscore": 1.941, "spike_severity": "Moderate" }, "geometry": { "type": "Point", "coordinates": [ 35.24, -15.49 ] } },
{ "type": "Feature", "properties": { "date": "2025-03-15", "region": "Southern Region", "district": "Zomba", "market": "Thondwe", "commodity": "Pigeon peas", "price": 3000.0, "pct_change": 24.14, "zscore": 2.223, "spike_severity": "Moderate" }, "geometry": { "type": "Point", "coordinates": [ 35.24, -15.49 ] } },
{ "type": "Feature", "properties": { "date": "2025-05-15", "region": "Southern Region", "district": "Zomba", "market": "Thondwe", "commodity": "Rice", "price": 3653.85, "pct_change": 421.98, "zscore": 2.473, "spike_severity": "Severe" }, "geometry": { "type": "Point", "coordinates": [ 35.24, -15.49 ] } },
{ "type": "Feature", "properties": { "date": "2025-04-15", "region": "Southern Region", "district": "Zomba", "market": "Thondwe", "commodity": "Sugar", "price": 3500.0, "pct_change": 337.5, "zscore": 2.475, "spike_severity": "Severe" }, "geometry": { "type": "Point", "coordinates": [ 35.24, -15.49 ] } },
{ "type": "Feature", "properties": { "date": "2025-06-15", "region": "Southern Region", "district": "Zomba", "market": "Thondwe", "commodity": "Sugar", "price": 5291.67, "pct_change": 26.89, "zscore": 1.959, "spike_severity": "Moderate" }, "geometry": { "type": "Point", "coordinates": [ 35.24, -15.49 ] } },
{ "type": "Feature", "properties": { "date": "2025-05-15", "region": "Southern Region", "district": "Zomba", "market": "Thondwe", "commodity": "Sweet potatoes", "price": 833.33, "pct_change": 66.67, "zscore": 2.475, "spike_severity": "Severe" }, "geometry": { "type": "Point", "coordinates": [ 35.24, -15.49 ] } }
]
}
