date,region,district,market,market_id,latitude,longitude,category,commodity,commodity_id,unit,priceflag,pricetype,currency,price,usdprice,month,year,pct_change,zscore,is_spike,spike_severity
2023-03-15,Southern Region,Balaka,Balaka Boma,763,-14.99,34.96,pulses and nuts,Beans,50,KG,aggregate,Retail,MWK,1500.0,1.44,3,2023,100.0,1.7585819842437123,True,Moderate
2024-09-15,Southern Region,Balaka,Balaka Boma,763,-14.99,34.96,pulses and nuts,Beans,50,KG,aggregate,Retail,MWK,4000.0,2.32,9,2024,33.33333333333333,2.1883538807046357,True,Moderate
2025-02-15,Southern Region,Balaka,Balaka Boma,763,-14.99,34.96,pulses and nuts,Beans,50,KG,aggregate,Retail,MWK,5229.17,3.04,2,2025,30.729249999999997,2.191852406730208,True,Moderate
2024-09-15,Southern Region,Balaka,Balaka Boma,763,-14.99,34.96,pulses and nuts,Cowpeas,218,KG,aggregate,Retail,MWK,3000.0,1.74,9,2024,361.5384615384615,2.265835772111012,True,Severe
2026-01-15,Southern Region,Balaka,Balaka Boma,763,-14.99,34.96,vegetables and fruits,Exotic vegetables,1335,KG,aggregate,Retail,MWK,1340.0,0.77,1,2026,155.2380952380952,1.7516321825181491,True,Moderate
2025-09-15,Southern Region,Balaka,Balaka Boma,763,-14.99,34.96,pulses and nuts,Groundnuts (shelled),119,KG,aggregate,Retail,MWK,7500.0,4.33,9,2025,25.0,1.7744885245640567,True,Moderate
2022-01-15,Southern Region,Balaka,Balaka Boma,763,-14.99,34.96,cereals and tubers,Maize,51,KG,aggregate,Retail,MWK,200.0,0.25,1,2022,25.0,2.105726949403052,True,Moderate
2022-08-15,Southern Region,Balaka,Balaka Boma,763,-14.99,34.96,cereals and tubers,Maize,51,KG,aggregate,Retail,MWK,300.0,0.3,8,2022,50.0,2.891760104303922,True,Severe
2025-04-15,Southern Region,Balaka,Balaka Boma,763,-14.99,34.96,cereals and tubers,Maize,51,KG,aggregate,Retail,MWK,923.53,0.54,4,2025,176.50598802395209,3.0414952667949304,True,Critical
2025-09-15,Southern Region,Balaka,Balaka Boma,763,-14.99,34.96,cereals and tubers,Maize,51,KG,aggregate,Retail,MWK,1469.57,0.85,9,2025,58.48350534364317,2.387827926654567,True,Severe
2023-03-15,Southern Region,Balaka,Balaka Boma,763,-14.99,34.96,cereals and tubers,Maize (new harvest),1229,KG,aggregate,Retail,MWK,650.0,0.63,3,2023,333.3333333333333,2.255949962233647,True,Severe
2025-02-15,Southern Region,Balaka,Balaka Boma,763,-14.99,34.96,cereals and tubers,Maize (new harvest),1229,KG,aggregate,Retail,MWK,1387.5,0.81,2,2025,61.337209302325576,2.6056943387319627,True,Critical
2025-04-15,Southern Region,Balaka,Balaka Boma,763,-14.99,34.96,oil and fats,Oil (vegetable),96,L,aggregate,Retail,MWK,8562.5,4.99,4,2025,558.6538461538462,2.2666430980119094,True,Severe
2023-09-15,Southern Region,Balaka,Balaka Boma,763,-14.99,34.96,pulses and nuts,Pigeon peas,155,KG,aggregate,Retail,MWK,1100.0,1.0,9,2023,69.23076923076923,2.777255977541147,True,Critical
2023-11-15,Southern Region,Balaka,Balaka Boma,763,-14.99,34.96,pulses and nuts,Pigeon peas,155,KG,aggregate,Retail,MWK,1550.0,0.93,11,2023,37.77777777777778,2.4659916333878806,True,Moderate
2025-02-15,Southern Region,Balaka,Balaka Boma,763,-14.99,34.96,pulses and nuts,Pigeon peas,155,KG,aggregate,Retail,MWK,3000.0,1.74,2,2025,87.5,2.392224457994117,True,Severe
2025-04-15,Southern Region,Balaka,Balaka Boma,763,-14.99,34.96,cereals and tubers,Rice,52,KG,aggregate,Retail,MWK,4850.0,2.82,4,2025,646.1538461538462,2.473713119794723,True,Severe
2025-04-15,Southern Region,Balaka,Balaka Boma,763,-14.99,34.96,miscellaneous food,Sugar,97,KG,aggregate,Retail,MWK,3645.83,2.12,4,2025,328.92117647058825,2.267786838055363,True,Severe
2025-06-15,Southern Region,Balaka,Balaka Boma,763,-14.99,34.96,miscellaneous food,Sugar,97,KG,aggregate,Retail,MWK,5456.52,3.15,6,2025,32.15016601962206,1.8576050860801177,True,Moderate
2025-09-15,Southern Region,Balaka,Balaka Boma,763,-14.99,34.96,cereals and tubers,Sweet potatoes,87,KG,aggregate,Retail,MWK,1111.0,0.64,9,2025,59.98502390415297,1.557682326448021,True,Moderate
2023-12-15,Southern Region,Balaka,Mbela,2234,-14.91,35.06,pulses and nuts,Beans,50,KG,aggregate,Retail,MWK,2300.0,1.38,12,2023,37.31343283582089,1.8801490624073152,True,Moderate
2024-01-15,Southern Region,Balaka,Mbela,2234,-14.91,35.06,pulses and nuts,Beans,50,KG,aggregate,Retail,MWK,3017.65,1.81,1,2024,31.202173913043474,2.5083644864791523,True,Moderate
2024-09-15,Southern Region,Balaka,Mbela,2234,-14.91,35.06,pulses and nuts,Beans,50,KG,aggregate,Retail,MWK,5400.0,3.13,9,2024,116.00000000000001,2.7649756485070713,True,Critical
2023-07-15,Southern Region,Balaka,Mbela,2234,-14.91,35.06,pulses and nuts,Cowpeas,218,KG,aggregate,Retail,MWK,1205.56,1.16,7,2023,72.22285714285715,1.9637359745625493,True,Moderate
2023-12-15,Southern Region,Balaka,Mbela,2234,-14.91,35.06,pulses and nuts,Cowpeas,218,KG,aggregate,Retail,MWK,1400.0,0.84,12,2023,25.842696629213478,1.8734881039651095,True,Moderate
2024-09-15,Southern Region,Balaka,Mbela,2234,-14.91,35.06,pulses and nuts,Cowpeas,218,KG,aggregate,Retail,MWK,2400.0,1.39,9,2024,32.99714610290654,2.2025132612875837,True,Moderate
2025-02-15,Southern Region,Balaka,Mbela,2234,-14.91,35.06,pulses and nuts,Cowpeas,218,KG,aggregate,Retail,MWK,3125.0,1.81,2,2025,30.208333333333325,2.0365504039351574,True,Moderate
2025-03-15,Southern Region,Balaka,Mbela,2234,-14.91,35.06,pulses and nuts,Cowpeas,218,KG,aggregate,Retail,MWK,4000.0,2.32,3,2025,28.000000000000004,2.1514524357968847,True,Moderate
2025-04-15,Southern Region,Balaka,Mbela,2234,-14.91,35.06,pulses and nuts,Cowpeas,218,KG,aggregate,Retail,MWK,5150.0,3.0,4,2025,28.750000000000007,2.20468182906091,True,Moderate
2025-04-15,Southern Region,Balaka,Mbela,2234,-14.91,35.06,cereals and tubers,Maize,51,KG,aggregate,Retail,MWK,979.41,0.57,4,2025,179.83142857142855,3.008074167338736,True,Critical
2025-09-15,Southern Region,Balaka,Mbela,2234,-14.91,35.06,cereals and tubers,Maize,51,KG,aggregate,Retail,MWK,1580.0,0.91,9,2025,58.00000000000001,2.3852211872893454,True,Severe
2023-07-15,Southern Region,Balaka,Mbela,2234,-14.91,35.06,cereals and tubers,Maize (new harvest),1229,KG,aggregate,Retail,MWK,733.33,0.71,7,2023,43.79019607843138,1.6832538154866221,True,Moderate
2025-02-15,Southern Region,Balaka,Mbela,2234,-14.91,35.06,cereals and tubers,Maize (new harvest),1229,KG,aggregate,Retail,MWK,1408.33,0.82,2,2025,56.48111111111109,2.778522107246886,True,Severe
2025-03-15,Southern Region,Balaka,Mbela,2234,-14.91,35.06,cereals and tubers,Maize (new harvest),1229,KG,aggregate,Retail,MWK,1700.0,0.99,3,2025,20.71034487655592,2.467834390372052,True,Moderate
2023-12-15,Southern Region,Balaka,Mbela,2234,-14.91,35.06,pulses and nuts,Pigeon peas,155,KG,aggregate,Retail,MWK,1400.0,0.84,12,2023,27.27272727272727,1.7302181553678242,True,Moderate
2024-01-15,Southern Region,Balaka,Mbela,2234,-14.91,35.06,pulses and nuts,Pigeon peas,155,KG,aggregate,Retail,MWK,1732.35,1.04,1,2024,23.739285714285717,1.8322584361481533,True,Moderate
2024-02-15,Southern Region,Balaka,Mbela,2234,-14.91,35.06,pulses and nuts,Pigeon peas,155,KG,aggregate,Retail,MWK,2095.45,1.26,2,2024,20.959967673968883,1.8655634157820844,True,Moderate
2025-02-15,Southern Region,Balaka,Mbela,2234,-14.91,35.06,pulses and nuts,Pigeon peas,155,KG,aggregate,Retail,MWK,2883.33,1.67,2,2025,44.1665,2.026539746486157,True,Severe
2025-04-15,Southern Region,Balaka,Mbela,2234,-14.91,35.06,pulses and nuts,Pigeon peas,155,KG,aggregate,Retail,MWK,4500.0,2.62,4,2025,50.0,2.320104780064298,True,Severe
2024-01-15,Southern Region,Balaka,Phalula,2235,-15.22,34.89,pulses and nuts,Beans,50,KG,aggregate,Retail,MWK,2625.0,1.57,1,2024,34.61538461538463,2.0791241718219,True,Moderate
2024-09-15,Southern Region,Balaka,Phalula,2235,-15.22,34.89,pulses and nuts,Beans,50,KG,aggregate,Retail,MWK,4200.0,2.43,9,2024,39.99999999999999,2.4083603800744178,True,Moderate
2025-02-15,Southern Region,Balaka,Phalula,2235,-15.22,34.89,pulses and nuts,Beans,50,KG,aggregate,Retail,MWK,5358.33,3.11,2,2025,27.579285714285717,2.1433699857820394,True,Moderate
2023-09-15,Southern Region,Balaka,Phalula,2235,-15.22,34.89,pulses and nuts,Cowpeas,218,KG,aggregate,Retail,MWK,1375.0,1.26,9,2023,103.70370370370372,1.7569988338759717,True,Moderate
2024-09-15,Southern Region,Balaka,Phalula,2235,-15.22,34.89,pulses and nuts,Cowpeas,218,KG,aggregate,Retail,MWK,2800.0,1.62,9,2024,53.23405955332272,2.339364776944089,True,Severe
2026-01-15,Southern Region,Balaka,Phalula,2235,-15.22,34.89,vegetables and fruits,Exotic vegetables,1335,KG,aggregate,Retail,MWK,2000.0,1.15,1,2026,292.156862745098,1.779387877556113,True,Moderate
2025-11-15,Southern Region,Balaka,Phalula,2235,-15.22,34.89,pulses and nuts,Groundnuts (shelled),119,KG,aggregate,Retail,MWK,8555.56,4.93,11,2025,22.222285714285704,1.739414285646367,True,Moderate
2026-03-15,Southern Region,Balaka,Phalula,2235,-15.22,34.89,vegetables and fruits,Local vegetables,1333,KG,aggregate,Retail,MWK,2000.0,1.15,3,2026,100.0,1.6086002428375876,True,Moderate
2022-08-15,Southern Region,Balaka,Phalula,2235,-15.22,34.89,cereals and tubers,Maize,51,KG,aggregate,Retail,MWK,300.0,0.3,8,2022,100.0,2.9837946435445946,True,Critical
2025-04-15,Southern Region,Balaka,Phalula,2235,-15.22,34.89,cereals and tubers,Maize,51,KG,aggregate,Retail,MWK,861.76,0.5,4,2025,146.21714285714287,2.984115298128862,True,Critical
2025-09-15,Southern Region,Balaka,Phalula,2235,-15.22,34.89,cereals and tubers,Maize,51,KG,aggregate,Retail,MWK,1426.09,0.82,9,2025,53.79447194452531,2.3846957805904414,True,Severe
2023-07-15,Southern Region,Balaka,Phalula,2235,-15.22,34.89,cereals and tubers,Maize (new harvest),1229,KG,aggregate,Retail,MWK,655.56,0.63,7,2023,31.111999999999984,1.5070447617415823,True,Moderate
2025-02-15,Southern Region,Balaka,Phalula,2235,-15.22,34.89,cereals and tubers,Maize (new harvest),1229,KG,aggregate,Retail,MWK,1314.58,0.76,2,2025,49.38409090909091,2.5775052512892094,True,Severe
2023-12-15,Southern Region,Balaka,Phalula,2235,-15.22,34.89,pulses and nuts,Pigeon peas,155,KG,aggregate,Retail,MWK,1600.0,0.96,12,2023,36.170212765957444,1.9078435429433918,True,Moderate
2024-02-15,Southern Region,Balaka,Phalula,2235,-15.22,34.89,pulses and nuts,Pigeon peas,155,KG,aggregate,Retail,MWK,2427.27,1.46,2,2024,51.704375,2.154401714835072,True,Severe
2025-02-15,Southern Region,Balaka,Phalula,2235,-15.22,34.89,pulses and nuts,Pigeon peas,155,KG,aggregate,Retail,MWK,2883.33,1.67,2,2025,92.22200000000001,2.07304393006108,True,Severe
2023-03-15,Southern Region,Balaka,Ulongwe,2236,-14.85,35.17,pulses and nuts,Beans,50,KG,aggregate,Retail,MWK,1500.0,1.44,3,2023,66.66666666666667,2.165250952733121,True,Severe
2023-06-15,Southern Region,Balaka,Ulongwe,2236,-14.85,35.17,pulses and nuts,Beans,50,KG,aggregate,Retail,MWK,1687.5,1.66,6,2023,21.841155234657037,1.7531930666389077,True,Moderate
2024-01-15,Southern Region,Balaka,Ulongwe,2236,-14.85,35.17,pulses and nuts,Beans,50,KG,aggregate,Retail,MWK,2711.76,1.63,1,2024,24.678620689655183,1.974698567793266,True,Moderate
2024-05-15,Southern Region,Balaka,Ulongwe,2236,-14.85,35.17,pulses and nuts,Beans,50,KG,aggregate,Retail,MWK,4000.0,2.31,5,2024,24.138016646908046,2.2022763452259753,True,Moderate
2025-04-15,Southern Region,Balaka,Ulongwe,2236,-14.85,35.17,pulses and nuts,Beans,50,KG,aggregate,Retail,MWK,6617.65,3.85,4,2025,39.31894736842105,2.1175242055904078,True,Moderate
2025-09-15,Southern Region,Balaka,Ulongwe,2236,-14.85,35.17,pulses and nuts,Beans,50,KG,aggregate,Retail,MWK,7358.7,4.24,9,2025,22.645000000000003,1.8339852117620323,True,Moderate
2025-05-15,Southern Region,Balaka,Ulongwe,2236,-14.85,35.17,cereals and tubers,Cassava,68,KG,aggregate,Retail,MWK,2400.0,1.38,5,2025,585.7142857142857,1.7888543819998317,True,Moderate
2023-10-15,Southern Region,Balaka,Ulongwe,2236,-14.85,35.17,pulses and nuts,Cowpeas,218,KG,aggregate,Retail,MWK,1100.0,0.96,10,2023,32.00052800211199,1.5239603438631055,True,Moderate
2023-12-15,Southern Region,Balaka,Ulongwe,2236,-14.85,35.17,pulses and nuts,Cowpeas,218,KG,aggregate,Retail,MWK,1275.0,0.76,12,2023,39.726027397260275,1.7370206954857323,True,Moderate
2024-01-15,Southern Region,Balaka,Ulongwe,2236,-14.85,35.17,pulses and nuts,Cowpeas,218,KG,aggregate,Retail,MWK,1552.94,0.93,1,2024,21.799215686274522,1.9712620318934035,True,Moderate
2024-09-15,Southern Region,Balaka,Ulongwe,2236,-14.85,35.17,pulses and nuts,Cowpeas,218,KG,aggregate,Retail,MWK,2650.0,1.54,9,2024,58.42365474404119,2.4340680387516014,True,Severe
2025-04-15,Southern Region,Balaka,Ulongwe,2236,-14.85,35.17,pulses and nuts,Cowpeas,218,KG,aggregate,Retail,MWK,4500.0,2.62,4,2025,50.0,2.183497181536538,True,Severe
2026-02-15,Southern Region,Balaka,Ulongwe,2236,-14.85,35.17,pulses and nuts,Cowpeas,218,KG,aggregate,Retail,MWK,6312.5,3.64,2,2026,23.462223004557114,1.9923657341542682,True,Moderate
2026-01-15,Southern Region,Balaka,Ulongwe,2236,-14.85,35.17,vegetables and fruits,Exotic vegetables,1335,KG,aggregate,Retail,MWK,1340.0,0.77,1,2026,67.5,1.57613999369544,True,Moderate
2026-01-15,Southern Region,Balaka,Ulongwe,2236,-14.85,35.17,pulses and nuts,Groundnuts (shelled),119,KG,aggregate,Retail,MWK,10000.0,5.77,1,2026,60.00000000000001,1.7345440445116715,True,Moderate
2026-01-15,Southern Region,Balaka,Ulongwe,2236,-14.85,35.17,vegetables and fruits,Local vegetables,1333,KG,aggregate,Retail,MWK,800.0,0.46,1,2026,100.0,1.6413500086045842,True,Moderate
2022-08-15,Southern Region,Balaka,Ulongwe,2236,-14.85,35.17,cereals and tubers,Maize,51,KG,aggregate,Retail,MWK,310.0,0.3,8,2022,78.6743515850144,1.624090861590987,True,Moderate
2025-04-15,Southern Region,Balaka,Ulongwe,2236,-14.85,35.17,cereals and tubers,Maize,51,KG,aggregate,Retail,MWK,1175.0,0.68,4,2025,234.28165007112375,3.0880416273926654,True,Critical
2025-09-15,Southern Region,Balaka,Ulongwe,2236,-14.85,35.17,cereals and tubers,Maize,51,KG,aggregate,Retail,MWK,1463.04,0.84,9,2025,24.514042553191494,2.4173018517564633,True,Moderate
2023-04-15,Southern Region,Balaka,Ulongwe,2236,-14.85,35.17,cereals and tubers,Maize (new harvest),1229,KG,aggregate,Retail,MWK,700.0,0.69,4,2023,250.0,1.7872734021868353,True,Moderate
2024-01-15,Southern Region,Balaka,Ulongwe,2236,-14.85,35.17,cereals and tubers,Maize (new harvest),1229,KG,aggregate,Retail,MWK,1208.82,0.73,1,2024,34.31333333333333,1.87071510193358,True,Moderate
2025-02-15,Southern Region,Balaka,Ulongwe,2236,-14.85,35.17,cereals and tubers,Maize (new harvest),1229,KG,aggregate,Retail,MWK,1425.0,0.83,2,2025,64.73988439306358,2.010078741253368,True,Severe
2025-04-15,Southern Region,Balaka,Ulongwe,2236,-14.85,35.17,oil and fats,Oil (vegetable),96,L,aggregate,Retail,MWK,8427.08,4.91,4,2025,666.0981818181818,1.7886885094462288,True,Moderate
2023-04-15,Southern Region,Balaka,Ulongwe,2236,-14.85,35.17,pulses and nuts,Pigeon peas,155,KG,aggregate,Retail,MWK,900.0,0.89,4,2023,28.57142857142858,1.7888543819998317,True,Moderate
2025-02-15,Southern Region,Balaka,Ulongwe,2236,-14.85,35.17,pulses and nuts,Pigeon peas,155,KG,aggregate,Retail,MWK,2145.83,1.25,2,2025,24.395942028985495,1.7102480859131914,True,Moderate
2025-04-15,Southern Region,Balaka,Ulongwe,2236,-14.85,35.17,pulses and nuts,Pigeon peas,155,KG,aggregate,Retail,MWK,4500.0,2.62,4,2025,172.72727272727272,2.904762794885305,True,Critical
2025-04-15,Southern Region,Balaka,Ulongwe,2236,-14.85,35.17,cereals and tubers,Rice,52,KG,aggregate,Retail,MWK,4650.0,2.71,4,2025,481.25,1.7887691721254286,True,Moderate
2025-10-15,Southern Region,Balaka,Ulongwe,2236,-14.85,35.17,pulses and nuts,Soybeans,248,KG,aggregate,Retail,MWK,5000.0,2.88,10,2025,53.846153846153854,1.87898584823274,True,Moderate
2025-04-15,Southern Region,Balaka,Ulongwe,2236,-14.85,35.17,miscellaneous food,Sugar,97,KG,aggregate,Retail,MWK,3629.17,2.11,4,2025,326.9611764705882,1.7888543819998317,True,Moderate
2025-05-15,Southern Region,Balaka,Ulongwe,2236,-14.85,35.17,miscellaneous food,Sugar,97,KG,aggregate,Retail,MWK,4817.65,2.78,5,2025,32.74798369875205,1.595408217939205,True,Moderate
2025-10-15,Southern Region,Balaka,Ulongwe,2236,-14.85,35.17,cereals and tubers,Sweet potatoes,87,KG,aggregate,Retail,MWK,1389.0,0.8,10,2025,42.90123456790123,1.7605537662343251,True,Moderate
2025-12-15,Southern Region,Balaka,Ulongwe,2236,-14.85,35.17,cereals and tubers,Sweet potatoes,87,KG,aggregate,Retail,MWK,1667.0,0.96,12,2025,50.04500450045004,1.8621132492660242,True,Moderate
2024-09-15,Southern Region,Blantyre,Chikuli,8488,-15.67,34.88,pulses and nuts,Beans,50,KG,aggregate,Retail,MWK,4500.0,2.61,9,2024,50.0,2.12556217995507,True,Severe
2024-12-15,Southern Region,Blantyre,Chikuli,8488,-15.67,34.88,pulses and nuts,Beans,50,KG,aggregate,Retail,MWK,5000.0,2.89,12,2024,22.699386503067487,1.5242920416619867,True,Moderate
2025-02-15,Southern Region,Blantyre,Chikuli,8488,-15.67,34.88,pulses and nuts,Beans,50,KG,aggregate,Retail,MWK,6166.67,3.58,2,2025,23.333399999999994,1.8291835443727713,True,Moderate
2025-04-15,Southern Region,Blantyre,Chikuli,8488,-15.67,34.88,pulses and nuts,Beans,50,KG,aggregate,Retail,MWK,6583.33,3.83,4,2025,31.66659999999999,1.719974741079905,True,Moderate
2024-01-15,Southern Region,Blantyre,Chikuli,8488,-15.67,34.88,pulses and nuts,Cowpeas,218,KG,aggregate,Retail,MWK,2088.24,1.25,1,2024,46.54315789473682,1.8636806398057693,True,Moderate
2025-01-15,Southern Region,Blantyre,Chikuli,8488,-15.67,34.88,cereals and tubers,Maize (new harvest),1229,KG,aggregate,Retail,MWK,1370.59,0.8,1,2025,26.759768786127157,2.3159556483322326,True,Moderate
2025-02-15,Southern Region,Blantyre,Chikuli,8488,-15.67,34.88,cereals and tubers,Maize (new harvest),1229,KG,aggregate,Retail,MWK,1711.11,0.99,2,2025,24.844774877972252,2.4111757905212188,True,Moderate
2024-01-15,Southern Region,Blantyre,Chikuli,8488,-15.67,34.88,pulses and nuts,Pigeon peas,155,KG,aggregate,Retail,MWK,2088.24,1.25,1,2024,51.871999999999986,1.71700464757064,True,Moderate
2025-08-15,Southern Region,Blantyre,Chikuli,8488,-15.67,34.88,pulses and nuts,Soybeans,248,KG,aggregate,Retail,MWK,2700.0,1.56,8,2025,25.581395348837212,1.6184101719145307,True,Moderate
2022-07-15,Southern Region,Blantyre,Lirangwe,2230,-15.53,35.02,pulses and nuts,Beans,50,KG,aggregate,Retail,MWK,1600.0,1.57,7,2022,68.42105263157893,1.976126088453584,True,Moderate
2024-01-15,Southern Region,Blantyre,Lirangwe,2230,-15.53,35.02,pulses and nuts,Beans,50,KG,aggregate,Retail,MWK,3000.0,1.8,1,2024,34.8314606741573,2.61608416206177,True,Moderate
2024-05-15,Southern Region,Blantyre,Lirangwe,2230,-15.53,35.02,pulses and nuts,Beans,50,KG,aggregate,Retail,MWK,4000.0,2.31,5,2024,29.72986997823781,2.06312669064901,True,Moderate
2025-04-15,Southern Region,Blantyre,Lirangwe,2230,-15.53,35.02,pulses and nuts,Beans,50,KG,aggregate,Retail,MWK,7130.43,4.15,4,2025,32.65916279069767,2.192753787390808,True,Moderate
2025-04-15,Southern Region,Blantyre,Lirangwe,2230,-15.53,35.02,cereals and tubers,Cassava,68,KG,aggregate,Retail,MWK,4000.0,2.33,4,2025,1354.5454545454545,2.040708396136935,True,Severe
2023-01-15,Southern Region,Blantyre,Lirangwe,2230,-15.53,35.02,pulses and nuts,Cowpeas,218,KG,aggregate,Retail,MWK,977.78,0.97,1,2023,22.22249999999999,1.6065088651247952,True,Moderate
2024-01-15,Southern Region,Blantyre,Lirangwe,2230,-15.53,35.02,pulses and nuts,Cowpeas,218,KG,aggregate,Retail,MWK,2250.0,1.35,1,2024,52.542372881355924,2.5209084893665863,True,Severe
2024-12-15,Southern Region,Blantyre,Lirangwe,2230,-15.53,35.02,pulses and nuts,Cowpeas,218,KG,aggregate,Retail,MWK,2500.0,1.44,12,2024,25.0,1.5319706737033079,True,Moderate
2025-03-15,Southern Region,Blantyre,Lirangwe,2230,-15.53,35.02,pulses and nuts,Cowpeas,218,KG,aggregate,Retail,MWK,4000.0,2.32,3,2025,21.008240661189028,2.1775553233256355,True,Moderate
2026-01-15,Southern Region,Blantyre,Lirangwe,2230,-15.53,35.02,vegetables and fruits,Exotic vegetables,1335,KG,aggregate,Retail,MWK,1600.0,0.92,1,2026,113.33333333333333,1.6851283433211888,True,Moderate
2025-12-15,Southern Region,Blantyre,Lirangwe,2230,-15.53,35.02,pulses and nuts,Groundnuts (shelled),119,KG,aggregate,Retail,MWK,10000.0,5.77,12,2025,26.582278481012665,1.9227448959333497,True,Moderate
2026-01-15,Southern Region,Blantyre,Lirangwe,2230,-15.53,35.02,vegetables and fruits,Local vegetables,1333,KG,aggregate,Retail,MWK,1000.0,0.58,1,2026,60.00000000000001,1.5753971275977208,True,Moderate
2022-08-15,Southern Region,Blantyre,Lirangwe,2230,-15.53,35.02,cereals and tubers,Maize,51,KG,aggregate,Retail,MWK,350.0,0.34,8,2022,55.55555555555556,2.193939946431645,True,Severe
2025-09-15,Southern Region,Blantyre,Lirangwe,2230,-15.53,35.02,cereals and tubers,Maize,51,KG,aggregate,Retail,MWK,1556.67,0.9,9,2025,357.8441176470588,3.117004718230798,True,Critical
2023-01-15,Southern Region,Blantyre,Lirangwe,2230,-15.53,35.02,cereals and tubers,Maize (new harvest),1229,KG,aggregate,Retail,MWK,553.89,0.55,1,2023,281.99310344827586,2.226075330258688,True,Severe
2025-01-15,Southern Region,Blantyre,Lirangwe,2230,-15.53,35.02,cereals and tubers,Maize (new harvest),1229,KG,aggregate,Retail,MWK,1370.59,0.8,1,2025,28.492410961215732,2.5141141003843046,True,Moderate
2025-02-15,Southern Region,Blantyre,Lirangwe,2230,-15.53,35.02,cereals and tubers,Maize (new harvest),1229,KG,aggregate,Retail,MWK,1672.22,0.97,2,2025,22.007310720200792,2.4331841214263794,True,Moderate
2025-03-15,Southern Region,Blantyre,Lirangwe,2230,-15.53,35.02,cereals and tubers,Millet,73,KG,aggregate,Retail,MWK,2500.0,1.45,3,2025,986.9565217391305,2.2449150992288915,True,Severe
2025-10-15,Southern Region,Blantyre,Lirangwe,2230,-15.53,35.02,cereals and tubers,Millet,73,KG,aggregate,Retail,MWK,3336.84,1.92,10,2025,178.07,1.97333190629652,True,Moderate
2021-03-15,Southern Region,Blantyre,Lirangwe,2230,-15.53,35.02,oil and fats,Oil (vegetable),96,L,aggregate,Retail,MWK,1625.0,2.1,3,2021,27.450980392156854,1.5909347138856542,True,Moderate
2025-03-15,Southern Region,Blantyre,Lirangwe,2230,-15.53,35.02,oil and fats,Oil (vegetable),96,L,aggregate,Retail,MWK,7500.0,4.35,3,2025,368.75,2.2571332013999315,True,Severe
2023-08-15,Southern Region,Blantyre,Lirangwe,2230,-15.53,35.02,pulses and nuts,Pigeon peas,155,KG,aggregate,Retail,MWK,1000.0,0.93,8,2023,53.846153846153854,1.8074764560451,True,Moderate
2024-01-15,Southern Region,Blantyre,Lirangwe,2230,-15.53,35.02,pulses and nuts,Pigeon peas,155,KG,aggregate,Retail,MWK,2750.0,1.65,1,2024,86.44067796610169,2.827414728419984,True,Critical
2025-01-15,Southern Region,Blantyre,Lirangwe,2230,-15.53,35.02,pulses and nuts,Pigeon peas,155,KG,aggregate,Retail,MWK,3205.88,1.87,1,2025,28.235199999999992,1.8750257454514248,True,Moderate
2025-03-15,Southern Region,Blantyre,Lirangwe,2230,-15.53,35.02,cereals and tubers,Rice,52,KG,aggregate,Retail,MWK,4500.0,2.61,3,2025,462.5,2.2674306993291515,True,Severe
2025-03-15,Southern Region,Blantyre,Lirangwe,2230,-15.53,35.02,cereals and tubers,Sorghum,65,KG,aggregate,Retail,MWK,2500.0,1.45,3,2025,640.7407407407408,2.023477056502399,True,Severe
2025-10-15,Southern Region,Blantyre,Lirangwe,2230,-15.53,35.02,cereals and tubers,Sorghum,65,KG,aggregate,Retail,MWK,5473.68,3.16,10,2025,375.9721739130435,2.783195115680482,True,Critical
2025-03-15,Southern Region,Blantyre,Lirangwe,2230,-15.53,35.02,miscellaneous food,Sugar,97,KG,aggregate,Retail,MWK,4000.0,2.32,3,2025,357.1428571428571,2.266445975499144,True,Severe
2025-06-15,Southern Region,Blantyre,Lirangwe,2230,-15.53,35.02,miscellaneous food,Sugar,97,KG,aggregate,Retail,MWK,4785.0,2.76,6,2025,23.612427892750397,1.56296977188769,True,Moderate
2025-03-15,Southern Region,Blantyre,Lirangwe,2230,-15.53,35.02,cereals and tubers,Sweet potatoes,87,KG,aggregate,Retail,MWK,1111.11,0.64,3,2025,241.87999999999997,2.2623092251986017,True,Severe
2026-03-15,Southern Region,Blantyre,Lirangwe,2230,-15.53,35.02,vegetables and fruits,Tomatoes,114,KG,aggregate,Retail,MWK,3000.0,1.73,3,2026,150.0,1.7111229416709184,True,Moderate
2022-01-15,Southern Region,Blantyre,Lunzu,784,-15.65,35.02,pulses and nuts,Beans,50,KG,aggregate,Retail,MWK,1420.0,1.75,1,2022,67.05882352941177,1.5306437833087398,True,Moderate
2023-01-15,Southern Region,Blantyre,Lunzu,784,-15.65,35.02,pulses and nuts,Beans,50,KG,aggregate,Retail,MWK,1795.83,1.78,1,2023,26.466901408450695,2.0929858949266364,True,Moderate
2024-01-15,Southern Region,Blantyre,Lunzu,784,-15.65,35.02,pulses and nuts,Beans,50,KG,aggregate,Retail,MWK,2820.59,1.69,1,2024,43.72433121019108,2.2213376714622717,True,Severe
2024-02-15,Southern Region,Blantyre,Lunzu,784,-15.65,35.02,pulses and nuts,Beans,50,KG,aggregate,Retail,MWK,3500.0,2.1,2,2024,24.087513605309518,2.348497041499788,True,Moderate
2024-05-15,Southern Region,Blantyre,Lunzu,784,-15.65,35.02,pulses and nuts,Beans,50,KG,aggregate,Retail,MWK,3875.0,2.24,5,2024,25.0,1.9333966292999383,True,Moderate
2025-04-15,Southern Region,Blantyre,Lunzu,784,-15.65,35.02,pulses and nuts,Beans,50,KG,aggregate,Retail,MWK,7750.0,4.51,4,2025,39.036646471967515,2.5433111169612332,True,Moderate
2025-03-15,Southern Region,Blantyre,Lunzu,784,-15.65,35.02,cereals and tubers,Cassava,68,KG,aggregate,Retail,MWK,4000.0,2.32,3,2025,1328.5714285714287,2.2672037687383275,True,Severe
2023-06-15,Southern Region,Blantyre,Lunzu,784,-15.65,35.02,pulses and nuts,Cowpeas,218,KG,aggregate,Retail,MWK,1200.0,1.18,6,2023,28.571887756741976,2.2346888776394964,True,Moderate
2023-09-15,Southern Region,Blantyre,Lunzu,784,-15.65,35.02,pulses and nuts,Cowpeas,218,KG,aggregate,Retail,MWK,1225.0,1.12,9,2023,22.500000000000007,1.8919441727577757,True,Moderate
2023-11-15,Southern Region,Blantyre,Lunzu,784,-15.65,35.02,pulses and nuts,Cowpeas,218,KG,aggregate,Retail,MWK,1550.0,0.93,11,2023,24.165885623192594,2.1408239416101993,True,Moderate
2024-02-15,Southern Region,Blantyre,Lunzu,784,-15.65,35.02,pulses and nuts,Cowpeas,218,KG,aggregate,Retail,MWK,2318.18,1.39,2,2024,33.817069298929205,2.2870093753640166,True,Moderate
2025-04-15,Southern Region,Blantyre,Lunzu,784,-15.65,35.02,pulses and nuts,Cowpeas,218,KG,aggregate,Retail,MWK,4000.0,2.33,4,2025,27.810635762054936,2.17664667811741,True,Moderate
2026-01-15,Southern Region,Blantyre,Lunzu,784,-15.65,35.02,vegetables and fruits,Exotic vegetables,1335,KG,aggregate,Retail,MWK,1100.0,0.63,1,2026,252.0,1.7309713226854646,True,Moderate
2026-02-15,Southern Region,Blantyre,Lunzu,784,-15.65,35.02,vegetables and fruits,Exotic vegetables,1335,KG,aggregate,Retail,MWK,2000.0,1.15,2,2026,81.81818181818181,1.8019448672299176,True,Moderate
2025-12-15,Southern Region,Blantyre,Lunzu,784,-15.65,35.02,pulses and nuts,Groundnuts (shelled),119,KG,aggregate,Retail,MWK,10250.0,5.91,12,2025,28.125,1.6092951573548582,True,Moderate
2026-02-15,Southern Region,Blantyre,Lunzu,784,-15.65,35.02,pulses and nuts,Groundnuts (shelled),119,KG,aggregate,Retail,MWK,16000.0,9.23,2,2026,77.77777777777777,2.6414722029863302,True,Critical
2026-02-15,Southern Region,Blantyre,Lunzu,784,-15.65,35.02,vegetables and fruits,Local vegetables,1333,KG,aggregate,Retail,MWK,800.0,0.46,2,2026,100.0,1.8483607357374088,True,Moderate
2022-01-15,Southern Region,Blantyre,Lunzu,784,-15.65,35.02,cereals and tubers,Maize,51,KG,aggregate,Retail,MWK,220.0,0.27,1,2022,29.41176470588236,2.0282104566815735,True,Moderate
2022-08-15,Southern Region,Blantyre,Lunzu,784,-15.65,35.02,cereals and tubers,Maize,51,KG,aggregate,Retail,MWK,353.5,0.35,8,2022,60.681818181818194,2.93170968098697,True,Critical
2025-06-15,Southern Region,Blantyre,Lunzu,784,-15.65,35.02,cereals and tubers,Maize,51,KG,aggregate,Retail,MWK,1000.0,0.58,6,2025,203.03030303030303,3.0448566789033418,True,Critical
2025-09-15,Southern Region,Blantyre,Lunzu,784,-15.65,35.02,cereals and tubers,Maize,51,KG,aggregate,Retail,MWK,1590.0,0.92,9,2025,59.00000000000001,2.6879456648362403,True,Severe
2023-01-15,Southern Region,Blantyre,Lunzu,784,-15.65,35.02,cereals and tubers,Maize (new harvest),1229,KG,aggregate,Retail,MWK,534.17,0.53,1,2023,268.39310344827584,2.2178430118046966,True,Severe
2025-01-15,Southern Region,Blantyre,Lunzu,784,-15.65,35.02,cereals and tubers,Maize (new harvest),1229,KG,aggregate,Retail,MWK,1370.59,0.8,1,2025,26.759768786127157,2.3752380946527434,True,Moderate
2025-02-15,Southern Region,Blantyre,Lunzu,784,-15.65,35.02,cereals and tubers,Maize (new harvest),1229,KG,aggregate,Retail,MWK,1685.19,0.98,2,2025,22.953618514654295,2.3900417966889034,True,Moderate
2025-03-15,Southern Region,Blantyre,Lunzu,784,-15.65,35.02,cereals and tubers,Millet,73,KG,aggregate,Retail,MWK,2500.0,1.45,3,2025,1150.0,2.2533092153858894,True,Severe
2025-10-15,Southern Region,Blantyre,Lunzu,784,-15.65,35.02,cereals and tubers,Millet,73,KG,aggregate,Retail,MWK,8333.33,4.81,10,2025,733.333,3.0129848865921316,True,Critical
2025-03-15,Southern Region,Blantyre,Lunzu,784,-15.65,35.02,oil and fats,Oil (vegetable),96,L,aggregate,Retail,MWK,7500.0,4.35,3,2025,328.57142857142856,2.257154740063926,True,Severe
2023-06-15,Southern Region,Blantyre,Lunzu,784,-15.65,35.02,pulses and nuts,Pigeon peas,155,KG,aggregate,Retail,MWK,1200.0,1.18,6,2023,46.93817576254791,2.230995740514882,True,Severe
2023-09-15,Southern Region,Blantyre,Lunzu,784,-15.65,35.02,pulses and nuts,Pigeon peas,155,KG,aggregate,Retail,MWK,1200.0,1.1,9,2023,41.176470588235304,1.879983441754943,True,Moderate
2023-12-15,Southern Region,Blantyre,Lunzu,784,-15.65,35.02,pulses and nuts,Pigeon peas,155,KG,aggregate,Retail,MWK,1566.67,0.94,12,2023,22.078498905191978,1.9910796144646863,True,Moderate
2024-02-15,Southern Region,Blantyre,Lunzu,784,-15.65,35.02,pulses and nuts,Pigeon peas,155,KG,aggregate,Retail,MWK,2318.18,1.39,2,2024,30.70994006303811,2.255697429114611,True,Moderate
2024-11-15,Southern Region,Blantyre,Lunzu,784,-15.65,35.02,pulses and nuts,Pigeon peas,155,KG,aggregate,Retail,MWK,2500.0,1.44,11,2024,25.0,1.5898656393479693,True,Moderate
2025-04-15,Southern Region,Blantyre,Lunzu,784,-15.65,35.02,pulses and nuts,Pigeon peas,155,KG,aggregate,Retail,MWK,3937.5,2.29,4,2025,21.638904678348126,2.0242995467245546,True,Moderate
2025-04-15,Southern Region,Blantyre,Lunzu,784,-15.65,35.02,cereals and tubers,Rice,52,KG,aggregate,Retail,MWK,4925.0,2.87,4,2025,545.9016393442622,2.473688547295728,True,Severe
2025-04-15,Southern Region,Blantyre,Lunzu,784,-15.65,35.02,cereals and tubers,Sorghum,65,KG,aggregate,Retail,MWK,2050.0,1.19,4,2025,645.4545454545454,2.2659736268538198,True,Severe
2025-10-15,Southern Region,Blantyre,Lunzu,784,-15.65,35.02,cereals and tubers,Sorghum,65,KG,aggregate,Retail,MWK,2208.33,1.27,10,2025,120.83300000000001,2.0206697363360924,True,Severe
2025-11-15,Southern Region,Blantyre,Lunzu,784,-15.65,35.02,cereals and tubers,Sorghum,65,KG,aggregate,Retail,MWK,2888.89,1.67,11,2025,30.817857838275977,2.1056031479200774,True,Moderate
2025-12-15,Southern Region,Blantyre,Lunzu,784,-15.65,35.02,cereals and tubers,Sorghum,65,KG,aggregate,Retail,MWK,4300.0,2.48,12,2025,48.846096597655155,2.3544467683616004,True,Severe
2025-10-15,Southern Region,Blantyre,Lunzu,784,-15.65,35.02,pulses and nuts,Soybeans,248,KG,aggregate,Retail,MWK,4500.0,2.6,10,2025,80.0,2.1800797016170343,True,Severe
2025-03-15,Southern Region,Blantyre,Lunzu,784,-15.65,35.02,miscellaneous food,Sugar,97,KG,aggregate,Retail,MWK,3500.0,2.03,3,2025,317.910447761194,2.2665124985135328,True,Severe
2025-06-15,Southern Region,Blantyre,Lunzu,784,-15.65,35.02,miscellaneous food,Sugar,97,KG,aggregate,Retail,MWK,5240.0,3.02,6,2025,37.71932591120783,1.821718714091881,True,Moderate
2025-03-15,Southern Region,Blantyre,Lunzu,784,-15.65,35.02,cereals and tubers,Sweet potatoes,87,KG,aggregate,Retail,MWK,555.56,0.32,3,2025,77.77919999999997,2.2081742374414657,True,Severe
2025-04-15,Southern Region,Blantyre,Lunzu,784,-15.65,35.02,cereals and tubers,Sweet potatoes,87,KG,aggregate,Retail,MWK,781.25,0.46,4,2025,40.62387500899993,2.130557970479735,True,Severe
2025-06-15,Southern Region,Blantyre,Lunzu,784,-15.65,35.02,cereals and tubers,Sweet potatoes,87,KG,aggregate,Retail,MWK,1111.11,0.64,6,2025,25.926219754065837,1.9477547724040203,True,Moderate
2025-08-15,Southern Region,Blantyre,Lunzu,784,-15.65,35.02,cereals and tubers,Sweet potatoes,87,KG,aggregate,Retail,MWK,1111.11,0.64,8,2025,99.9982000143999,1.6665744528741973,True,Moderate
2023-01-15,Southern Region,Blantyre City,Bvumbwe,767,-15.93,35.08,pulses and nuts,Beans,50,KG,aggregate,Retail,MWK,1759.38,1.75,1,2023,25.670000000000016,1.985112940221577,True,Moderate
2023-06-15,Southern Region,Blantyre City,Bvumbwe,767,-15.93,35.08,pulses and nuts,Beans,50,KG,aggregate,Retail,MWK,2000.0,1.97,6,2023,32.35303849488125,1.949081651678447,True,Moderate
2024-05-15,Southern Region,Blantyre City,Bvumbwe,767,-15.93,35.08,pulses and nuts,Beans,50,KG,aggregate,Retail,MWK,3750.0,2.16,5,2024,28.755364806866957,2.258861709337003,True,Moderate
2025-04-15,Southern Region,Blantyre City,Bvumbwe,767,-15.93,35.08,cereals and tubers,Cassava,68,KG,aggregate,Retail,MWK,3600.0,2.1,4,2025,1656.09756097561,2.2669651675589177,True,Severe
2023-01-15,Southern Region,Blantyre City,Bvumbwe,767,-15.93,35.08,pulses and nuts,Cowpeas,218,KG,aggregate,Retail,MWK,912.5,0.91,1,2023,25.86206896551724,1.5896159894706632,True,Moderate
2023-10-15,Southern Region,Blantyre City,Bvumbwe,767,-15.93,35.08,pulses and nuts,Cowpeas,218,KG,aggregate,Retail,MWK,1350.0,1.18,10,2023,58.823529411764696,2.2617528994986427,True,Severe
2024-09-15,Southern Region,Blantyre City,Bvumbwe,767,-15.93,35.08,pulses and nuts,Cowpeas,218,KG,aggregate,Retail,MWK,2000.0,1.16,9,2024,26.984126984126977,2.071188165204017,True,Moderate
2024-12-15,Southern Region,Blantyre City,Bvumbwe,767,-15.93,35.08,pulses and nuts,Cowpeas,218,KG,aggregate,Retail,MWK,2475.0,1.43,12,2024,23.750000000000004,1.855130521769861,True,Moderate
2025-01-15,Southern Region,Blantyre City,Bvumbwe,767,-15.93,35.08,pulses and nuts,Cowpeas,218,KG,aggregate,Retail,MWK,3000.0,1.75,1,2025,21.212121212121215,2.0591362738033694,True,Moderate
2026-01-15,Southern Region,Blantyre City,Bvumbwe,767,-15.93,35.08,vegetables and fruits,Exotic vegetables,1335,KG,aggregate,Retail,MWK,1675.0,0.97,1,2026,235.0,1.7415450870616547,True,Moderate
2025-08-15,Southern Region,Blantyre City,Bvumbwe,767,-15.93,35.08,pulses and nuts,Groundnuts (shelled),119,KG,aggregate,Retail,MWK,6250.0,3.61,8,2025,27.55102040816326,1.5226669491902578,True,Moderate
2026-01-15,Southern Region,Blantyre City,Bvumbwe,767,-15.93,35.08,vegetables and fruits,Local vegetables,1333,KG,aggregate,Retail,MWK,800.0,0.46,1,2026,220.00000000000003,1.7178028812491741,True,Moderate
2026-02-15,Southern Region,Blantyre City,Bvumbwe,767,-15.93,35.08,vegetables and fruits,Local vegetables,1333,KG,aggregate,Retail,MWK,15000.0,8.65,2,2026,1775.0,2.0395160679766158,True,Severe
2022-01-15,Southern Region,Blantyre City,Bvumbwe,767,-15.93,35.08,cereals and tubers,Maize,51,KG,aggregate,Retail,MWK,227.5,0.28,1,2022,33.823529411764696,1.578911450737838,True,Moderate
2022-08-15,Southern Region,Blantyre City,Bvumbwe,767,-15.93,35.08,cereals and tubers,Maize,51,KG,aggregate,Retail,MWK,345.0,0.34,8,2022,51.64835164835164,2.815699282633463,True,Severe
2025-09-15,Southern Region,Blantyre City,Bvumbwe,767,-15.93,35.08,cereals and tubers,Maize,51,KG,aggregate,Retail,MWK,1550.0,0.89,9,2025,342.8571428571429,3.129725494236627,True,Critical
2023-01-15,Southern Region,Blantyre City,Bvumbwe,767,-15.93,35.08,cereals and tubers,Maize (new harvest),1229,KG,aggregate,Retail,MWK,561.11,0.56,1,2023,280.4135593220339,2.2230436727070546,True,Severe
2023-07-15,Southern Region,Blantyre City,Bvumbwe,767,-15.93,35.08,cereals and tubers,Maize (new harvest),1229,KG,aggregate,Retail,MWK,725.0,0.7,7,2023,44.99999999999999,1.5979181721682423,True,Moderate
2023-12-15,Southern Region,Blantyre City,Bvumbwe,767,-15.93,35.08,cereals and tubers,Maize (new harvest),1229,KG,aggregate,Retail,MWK,1000.0,0.6,12,2023,21.212121212121215,1.6530464628137835,True,Moderate
2025-01-15,Southern Region,Blantyre City,Bvumbwe,767,-15.93,35.08,cereals and tubers,Maize (new harvest),1229,KG,aggregate,Retail,MWK,1370.59,0.8,1,2025,26.759768786127157,2.188558510800976,True,Moderate
2025-02-15,Southern Region,Blantyre City,Bvumbwe,767,-15.93,35.08,cereals and tubers,Maize (new harvest),1229,KG,aggregate,Retail,MWK,1711.11,0.99,2,2025,24.844774877972252,2.3307876630357027,True,Moderate
2025-10-15,Southern Region,Blantyre City,Bvumbwe,767,-15.93,35.08,cereals and tubers,Millet,73,KG,aggregate,Retail,MWK,1708.33,0.99,10,2025,583.332,2.2539119963527385,True,Severe
2025-12-15,Southern Region,Blantyre City,Bvumbwe,767,-15.93,35.08,cereals and tubers,Millet,73,KG,aggregate,Retail,MWK,2500.0,1.44,12,2025,25.0,1.7712445469765987,True,Moderate
2025-04-15,Southern Region,Blantyre City,Bvumbwe,767,-15.93,35.08,oil and fats,Oil (vegetable),96,L,aggregate,Retail,MWK,7933.33,4.62,4,2025,428.88866666666667,2.263221904237064,True,Severe
2023-01-15,Southern Region,Blantyre City,Bvumbwe,767,-15.93,35.08,pulses and nuts,Pigeon peas,155,KG,aggregate,Retail,MWK,800.0,0.79,1,2023,28.000000000000004,1.603481370916256,True,Moderate
2023-10-15,Southern Region,Blantyre City,Bvumbwe,767,-15.93,35.08,pulses and nuts,Pigeon peas,155,KG,aggregate,Retail,MWK,1225.0,1.07,10,2023,104.16666666666666,2.478801501275228,True,Severe
2023-12-15,Southern Region,Blantyre City,Bvumbwe,767,-15.93,35.08,pulses and nuts,Pigeon peas,155,KG,aggregate,Retail,MWK,1500.0,0.9,12,2023,22.44897959183674,2.1137105990402296,True,Moderate
2024-11-15,Southern Region,Blantyre City,Bvumbwe,767,-15.93,35.08,pulses and nuts,Pigeon peas,155,KG,aggregate,Retail,MWK,2500.0,1.44,11,2024,23.456790123456784,1.8247997496640551,True,Moderate
2025-01-15,Southern Region,Blantyre City,Bvumbwe,767,-15.93,35.08,pulses and nuts,Pigeon peas,155,KG,aggregate,Retail,MWK,2855.88,1.66,1,2025,24.168695652173923,1.714009467054836,True,Moderate
2025-04-15,Southern Region,Blantyre City,Bvumbwe,767,-15.93,35.08,cereals and tubers,Rice,52,KG,aggregate,Retail,MWK,4500.0,2.62,4,2025,480.6451612903226,2.267454790043304,True,Severe
2025-04-15,Southern Region,Blantyre City,Bvumbwe,767,-15.93,35.08,cereals and tubers,Sorghum,65,KG,aggregate,Retail,MWK,2000.0,1.16,4,2025,627.2727272727273,2.264681178611055,True,Severe
2025-08-15,Southern Region,Blantyre City,Bvumbwe,767,-15.93,35.08,cereals and tubers,Sorghum,65,KG,aggregate,Retail,MWK,1750.0,1.01,8,2025,75.0,1.5524562224809357,True,Moderate
2025-12-15,Southern Region,Blantyre City,Bvumbwe,767,-15.93,35.08,cereals and tubers,Sorghum,65,KG,aggregate,Retail,MWK,2500.0,1.44,12,2025,25.0,1.6784553561792412,True,Moderate
2025-12-15,Southern Region,Blantyre City,Bvumbwe,767,-15.93,35.08,pulses and nuts,Soybeans,248,KG,aggregate,Retail,MWK,4250.0,2.45,12,2025,70.0,2.339351496790981,True,Severe
2025-04-15,Southern Region,Blantyre City,Bvumbwe,767,-15.93,35.08,miscellaneous food,Sugar,97,KG,aggregate,Retail,MWK,3516.67,2.05,4,2025,313.7258823529412,2.267386626784401,True,Severe
2025-06-15,Southern Region,Blantyre City,Bvumbwe,767,-15.93,35.08,miscellaneous food,Sugar,97,KG,aggregate,Retail,MWK,5106.67,2.95,6,2025,23.492995485092607,1.7870626611858647,True,Moderate
2025-04-15,Southern Region,Blantyre City,Bvumbwe,767,-15.93,35.08,cereals and tubers,Sweet potatoes,87,KG,aggregate,Retail,MWK,555.56,0.32,4,2025,133.92,2.205001821775768,True,Severe
2025-08-15,Southern Region,Blantyre City,Bvumbwe,767,-15.93,35.08,cereals and tubers,Sweet potatoes,87,KG,aggregate,Retail,MWK,833.33,0.48,8,2025,49.9982000143999,2.083616638161442,True,Severe
2025-09-15,Southern Region,Blantyre City,Bvumbwe,767,-15.93,35.08,cereals and tubers,Sweet potatoes,87,KG,aggregate,Retail,MWK,1111.0,0.64,9,2025,33.32053328213311,2.3090908928735123,True,Moderate
2025-11-15,Southern Region,Blantyre City,Bvumbwe,767,-15.93,35.08,cereals and tubers,Sweet potatoes,87,KG,aggregate,Retail,MWK,1111.0,0.64,11,2025,22.55523810574389,1.5794802957701108,True,Moderate
2023-06-15,Southern Region,Chikwawa,Dyelatu,2124,-16.04,34.8,pulses and nuts,Beans,50,KG,aggregate,Retail,MWK,1675.0,1.65,6,2023,21.572384560670056,1.5193361895503117,True,Moderate
2023-12-15,Southern Region,Chikwawa,Dyelatu,2124,-16.04,34.8,pulses and nuts,Beans,50,KG,aggregate,Retail,MWK,2425.0,1.45,12,2023,21.249999999999993,2.06892837820941,True,Moderate
2024-02-15,Southern Region,Chikwawa,Dyelatu,2124,-16.04,34.8,pulses and nuts,Beans,50,KG,aggregate,Retail,MWK,3254.55,1.95,2,2024,21.09953488372094,2.261893245278979,True,Moderate
2024-05-15,Southern Region,Chikwawa,Dyelatu,2124,-16.04,34.8,pulses and nuts,Beans,50,KG,aggregate,Retail,MWK,3966.67,2.29,5,2024,32.22233333333333,2.12132660532901,True,Moderate
2025-04-15,Southern Region,Chikwawa,Dyelatu,2124,-16.04,34.8,cereals and tubers,Cassava,68,KG,aggregate,Retail,MWK,4000.0,2.33,4,2025,1354.5454545454545,2.0410211134204976,True,Severe
2023-02-15,Southern Region,Chikwawa,Dyelatu,2124,-16.04,34.8,pulses and nuts,Cowpeas,218,KG,aggregate,Retail,MWK,1000.0,0.98,2,2023,24.51439386393066,2.141567981882894,True,Moderate
2023-09-15,Southern Region,Chikwawa,Dyelatu,2124,-16.04,34.8,pulses and nuts,Cowpeas,218,KG,aggregate,Retail,MWK,1200.0,1.1,9,2023,25.0,1.6792474383404983,True,Moderate
2024-02-15,Southern Region,Chikwawa,Dyelatu,2124,-16.04,34.8,pulses and nuts,Cowpeas,218,KG,aggregate,Retail,MWK,2375.0,1.42,2,2024,53.2258064516129,2.5343403343154023,True,Severe
2024-12-15,Southern Region,Chikwawa,Dyelatu,2124,-16.04,34.8,pulses and nuts,Cowpeas,218,KG,aggregate,Retail,MWK,2562.5,1.48,12,2024,28.125,1.5119863837834702,True,Moderate
2025-09-15,Southern Region,Chikwawa,Dyelatu,2124,-16.04,34.8,pulses and nuts,Groundnuts (shelled),119,KG,aggregate,Retail,MWK,8000.0,4.61,9,2025,45.45454545454546,1.6259840180865117,True,Moderate
2022-01-15,Southern Region,Chikwawa,Dyelatu,2124,-16.04,34.8,cereals and tubers,Maize,51,KG,aggregate,Retail,MWK,217.5,0.27,1,2022,35.9375,2.249050358744313,True,Moderate
2022-08-15,Southern Region,Chikwawa,Dyelatu,2124,-16.04,34.8,cereals and tubers,Maize,51,KG,aggregate,Retail,MWK,355.0,0.35,8,2022,63.2183908045977,3.0040857655691977,True,Critical
2025-09-15,Southern Region,Chikwawa,Dyelatu,2124,-16.04,34.8,cereals and tubers,Maize,51,KG,aggregate,Retail,MWK,1573.91,0.91,9,2025,362.91470588235296,3.1253650132241204,True,Critical
2023-01-15,Southern Region,Chikwawa,Dyelatu,2124,-16.04,34.8,cereals and tubers,Maize (new harvest),1229,KG,aggregate,Retail,MWK,555.62,0.55,1,2023,270.41333333333336,2.026900158029907,True,Severe
2025-01-15,Southern Region,Chikwawa,Dyelatu,2124,-16.04,34.8,cereals and tubers,Maize (new harvest),1229,KG,aggregate,Retail,MWK,1444.12,0.84,1,2025,33.56023121387282,2.289204053218899,True,Moderate
2025-02-15,Southern Region,Chikwawa,Dyelatu,2124,-16.04,34.8,cereals and tubers,Maize (new harvest),1229,KG,aggregate,Retail,MWK,1766.67,1.03,2,2025,22.335401490180896,2.312838107774653,True,Moderate
2025-08-15,Southern Region,Chikwawa,Dyelatu,2124,-16.04,34.8,cereals and tubers,Millet,73,KG,aggregate,Retail,MWK,1000.0,0.58,8,2025,325.531914893617,2.026743426121237,True,Severe
2025-10-15,Southern Region,Chikwawa,Dyelatu,2124,-16.04,34.8,cereals and tubers,Millet,73,KG,aggregate,Retail,MWK,1750.0,1.01,10,2025,75.0,1.9855856004113444,True,Moderate
2025-11-15,Southern Region,Chikwawa,Dyelatu,2124,-16.04,34.8,cereals and tubers,Millet,73,KG,aggregate,Retail,MWK,2550.0,1.47,11,2025,45.71428571428571,1.9414793108939068,True,Moderate
2021-04-15,Southern Region,Chikwawa,Dyelatu,2124,-16.04,34.8,oil and fats,Oil (vegetable),96,L,aggregate,Retail,MWK,1650.0,2.13,4,2021,24.52830188679245,1.5933391155422847,True,Moderate
2025-03-15,Southern Region,Chikwawa,Dyelatu,2124,-16.04,34.8,oil and fats,Oil (vegetable),96,L,aggregate,Retail,MWK,6500.0,3.77,3,2025,293.93939393939394,2.0304178462696383,True,Severe
2023-02-15,Southern Region,Chikwawa,Dyelatu,2124,-16.04,34.8,pulses and nuts,Pigeon peas,155,KG,aggregate,Retail,MWK,900.0,0.89,2,2023,28.000910228694952,1.8133447016170487,True,Moderate
2024-02-15,Southern Region,Chikwawa,Dyelatu,2124,-16.04,34.8,pulses and nuts,Pigeon peas,155,KG,aggregate,Retail,MWK,2500.0,1.5,2,2024,78.57142857142858,2.637963778050974,True,Critical
2025-01-15,Southern Region,Chikwawa,Dyelatu,2124,-16.04,34.8,pulses and nuts,Pigeon peas,155,KG,aggregate,Retail,MWK,2941.18,1.71,1,2025,26.843342318059292,1.871212103482923,True,Moderate
2025-02-15,Southern Region,Chikwawa,Dyelatu,2124,-16.04,34.8,pulses and nuts,Pigeon peas,155,KG,aggregate,Retail,MWK,3777.78,2.19,2,2025,28.44436586676098,2.2153063743914037,True,Moderate
2025-03-15,Southern Region,Chikwawa,Dyelatu,2124,-16.04,34.8,cereals and tubers,Rice,52,KG,aggregate,Retail,MWK,5000.0,2.9,3,2025,589.655172413793,2.0405481268674053,True,Severe
2025-07-15,Southern Region,Chikwawa,Dyelatu,2124,-16.04,34.8,cereals and tubers,Sorghum,65,KG,aggregate,Retail,MWK,1000.0,0.58,7,2025,412.8205128205129,1.910795990744978,True,Moderate
2025-10-15,Southern Region,Chikwawa,Dyelatu,2124,-16.04,34.8,pulses and nuts,Soybeans,248,KG,aggregate,Retail,MWK,3750.0,2.16,10,2025,25.0,1.6412466422039595,True,Moderate
2025-03-15,Southern Region,Chikwawa,Dyelatu,2124,-16.04,34.8,miscellaneous food,Sugar,97,KG,aggregate,Retail,MWK,3500.0,2.03,3,2025,311.7647058823529,2.040943062840534,True,Severe
2025-06-15,Southern Region,Chikwawa,Dyelatu,2124,-16.04,34.8,miscellaneous food,Sugar,97,KG,aggregate,Retail,MWK,4983.33,2.87,6,2025,25.23981975506593,1.586901845073736,True,Moderate
2025-03-15,Southern Region,Chikwawa,Dyelatu,2124,-16.04,34.8,cereals and tubers,Sweet potatoes,87,KG,aggregate,Retail,MWK,833.33,0.48,3,2025,220.51153846153846,2.0192006781552845,True,Severe
2025-09-15,Southern Region,Chikwawa,Dyelatu,2124,-16.04,34.8,cereals and tubers,Sweet potatoes,87,KG,aggregate,Retail,MWK,1111.0,0.64,9,2025,33.32053328213311,1.6423113204055444,True,Moderate
2021-03-15,Southern Region,Chikwawa,Nchalo,804,-16.27,34.87,pulses and nuts,Beans,50,KG,aggregate,Retail,MWK,1175.0,1.52,3,2021,38.23529411764706,1.7268181574274362,True,Moderate
2023-01-15,Southern Region,Chikwawa,Nchalo,804,-16.27,34.87,pulses and nuts,Beans,50,KG,aggregate,Retail,MWK,1652.08,1.64,1,2023,40.602553191489356,2.274242264251129,True,Severe
2024-01-15,Southern Region,Chikwawa,Nchalo,804,-16.27,34.87,pulses and nuts,Beans,50,KG,aggregate,Retail,MWK,3000.0,1.8,1,2024,36.36363636363635,2.6042897927434057,True,Moderate
2024-05-15,Southern Region,Chikwawa,Nchalo,804,-16.27,34.87,pulses and nuts,Beans,50,KG,aggregate,Retail,MWK,4000.0,2.31,5,2024,36.170212765957444,2.1789674479882972,True,Moderate
2025-06-15,Southern Region,Chikwawa,Nchalo,804,-16.27,34.87,cereals and tubers,Cassava,68,KG,aggregate,Retail,MWK,3700.0,2.13,6,2025,1245.4545454545455,2.2661443071607836,True,Severe
2023-01-15,Southern Region,Chikwawa,Nchalo,804,-16.27,34.87,pulses and nuts,Cowpeas,218,KG,aggregate,Retail,MWK,900.0,0.89,1,2023,41.176470588235304,1.9114963160625797,True,Moderate
2024-02-15,Southern Region,Chikwawa,Nchalo,804,-16.27,34.87,pulses and nuts,Cowpeas,218,KG,aggregate,Retail,MWK,2318.18,1.39,2,2024,26.31137313449099,2.3081179021562592,True,Moderate
2024-09-15,Southern Region,Chikwawa,Nchalo,804,-16.27,34.87,pulses and nuts,Cowpeas,218,KG,aggregate,Retail,MWK,2400.0,1.39,9,2024,33.33333333333333,1.7708762214803668,True,Moderate
2025-01-15,Southern Region,Chikwawa,Nchalo,804,-16.27,34.87,pulses and nuts,Cowpeas,218,KG,aggregate,Retail,MWK,3294.12,1.92,1,2025,23.28893247051691,1.8474749221315991,True,Moderate
2025-02-15,Southern Region,Chikwawa,Nchalo,804,-16.27,34.87,pulses and nuts,Cowpeas,218,KG,aggregate,Retail,MWK,4000.0,2.32,2,2025,21.4284846939395,2.1176748248576382,True,Moderate
2026-01-15,Southern Region,Chikwawa,Nchalo,804,-16.27,34.87,vegetables and fruits,Exotic vegetables,1335,KG,aggregate,Retail,MWK,1170.0,0.67,1,2026,134.0,1.7252344150589816,True,Moderate
2026-01-15,Southern Region,Chikwawa,Nchalo,804,-16.27,34.87,vegetables and fruits,Local vegetables,1333,KG,aggregate,Retail,MWK,600.0,0.35,1,2026,128.57142857142856,1.7230457254988154,True,Moderate
2026-02-15,Southern Region,Chikwawa,Nchalo,804,-16.27,34.87,vegetables and fruits,Local vegetables,1333,KG,aggregate,Retail,MWK,800.0,0.46,2,2026,33.33333333333333,1.6076993501534222,True,Moderate
2022-08-15,Southern Region,Chikwawa,Nchalo,804,-16.27,34.87,cereals and tubers,Maize,51,KG,aggregate,Retail,MWK,355.0,0.35,8,2022,75.30864197530865,2.8792089286780773,True,Critical
2025-09-15,Southern Region,Chikwawa,Nchalo,804,-16.27,34.87,cereals and tubers,Maize,51,KG,aggregate,Retail,MWK,1591.67,0.92,9,2025,354.7628571428572,3.1265840825127422,True,Critical
2023-01-15,Southern Region,Chikwawa,Nchalo,804,-16.27,34.87,cereals and tubers,Maize (new harvest),1229,KG,aggregate,Retail,MWK,534.37,0.53,1,2023,256.24666666666667,2.235862505659817,True,Severe
2023-07-15,Southern Region,Chikwawa,Nchalo,804,-16.27,34.87,cereals and tubers,Maize (new harvest),1229,KG,aggregate,Retail,MWK,706.25,0.68,7,2023,35.16746411483253,1.5302392967778429,True,Moderate
2025-09-15,Southern Region,Chikwawa,Nchalo,804,-16.27,34.87,cereals and tubers,Millet,73,KG,aggregate,Retail,MWK,1600.0,0.92,9,2025,611.1111111111111,2.2631416256766186,True,Severe
2025-10-15,Southern Region,Chikwawa,Nchalo,804,-16.27,34.87,cereals and tubers,Millet,73,KG,aggregate,Retail,MWK,2750.0,1.59,10,2025,71.875,2.1385968790732344,True,Severe
2026-01-15,Southern Region,Chikwawa,Nchalo,804,-16.27,34.87,cereals and tubers,Millet,73,KG,aggregate,Retail,MWK,5500.0,3.17,1,2026,175.0,2.485170222899703,True,Severe
2026-03-15,Southern Region,Chikwawa,Nchalo,804,-16.27,34.87,cereals and tubers,Millet,73,KG,aggregate,Retail,MWK,6000.0,3.46,3,2026,100.0,1.969348691098731,True,Moderate
2025-03-15,Southern Region,Chikwawa,Nchalo,804,-16.27,34.87,oil and fats,Oil (vegetable),96,L,aggregate,Retail,MWK,7500.0,4.35,3,2025,328.57142857142856,2.2565561171205215,True,Severe
2023-01-15,Southern Region,Chikwawa,Nchalo,804,-16.27,34.87,pulses and nuts,Pigeon peas,155,KG,aggregate,Retail,MWK,784.37,0.78,1,2023,25.49920000000001,1.8795527996424506,True,Moderate
2023-08-15,Southern Region,Chikwawa,Nchalo,804,-16.27,34.87,pulses and nuts,Pigeon peas,155,KG,aggregate,Retail,MWK,1000.0,0.93,8,2023,53.846153846153854,2.096222942179676,True,Severe
2023-10-15,Southern Region,Chikwawa,Nchalo,804,-16.27,34.87,pulses and nuts,Pigeon peas,155,KG,aggregate,Retail,MWK,1310.0,1.14,10,2023,22.812116212136836,2.2129415951110394,True,Moderate
2023-12-15,Southern Region,Chikwawa,Nchalo,804,-16.27,34.87,pulses and nuts,Pigeon peas,155,KG,aggregate,Retail,MWK,1550.0,0.93,12,2023,26.530612244897966,2.000475203192042,True,Moderate
2024-01-15,Southern Region,Chikwawa,Nchalo,804,-16.27,34.87,pulses and nuts,Pigeon peas,155,KG,aggregate,Retail,MWK,2000.0,1.2,1,2024,29.032258064516125,2.243717914029687,True,Moderate
2024-09-15,Southern Region,Chikwawa,Nchalo,804,-16.27,34.87,pulses and nuts,Pigeon peas,155,KG,aggregate,Retail,MWK,2425.0,1.4,9,2024,21.249999999999993,1.6118848278148208,True,Moderate
2025-02-15,Southern Region,Chikwawa,Nchalo,804,-16.27,34.87,pulses and nuts,Pigeon peas,155,KG,aggregate,Retail,MWK,4583.33,2.66,2,2025,48.41236432401628,2.5084834655701562,True,Severe
2025-03-15,Southern Region,Chikwawa,Nchalo,804,-16.27,34.87,cereals and tubers,Rice,52,KG,aggregate,Retail,MWK,4500.0,2.61,3,2025,592.3076923076924,2.2660656901734093,True,Severe
2025-10-15,Southern Region,Chikwawa,Nchalo,804,-16.27,34.87,cereals and tubers,Sorghum,65,KG,aggregate,Retail,MWK,1000.0,0.58,10,2025,566.6666666666667,2.086600947290381,True,Severe
2025-09-15,Southern Region,Chikwawa,Nchalo,804,-16.27,34.87,pulses and nuts,Soybeans,248,KG,aggregate,Retail,MWK,3000.0,1.73,9,2025,27.65957446808511,1.7779571639569467,True,Moderate
2025-10-15,Southern Region,Chikwawa,Nchalo,804,-16.27,34.87,pulses and nuts,Soybeans,248,KG,aggregate,Retail,MWK,4078.95,2.35,10,2025,35.965,1.9400417043242302,True,Moderate
2026-01-15,Southern Region,Chikwawa,Nchalo,804,-16.27,34.87,pulses and nuts,Soybeans,248,KG,aggregate,Retail,MWK,5000.0,2.88,1,2026,40.8450704225352,1.7520245403174264,True,Moderate
2025-03-15,Southern Region,Chikwawa,Nchalo,804,-16.27,34.87,miscellaneous food,Sugar,97,KG,aggregate,Retail,MWK,3700.0,2.15,3,2025,355.38461538461536,2.2668699307539244,True,Severe
2025-06-15,Southern Region,Chikwawa,Nchalo,804,-16.27,34.87,miscellaneous food,Sugar,97,KG,aggregate,Retail,MWK,4506.67,2.6,6,2025,23.470410958904118,1.5659612646437446,True,Moderate
2025-03-15,Southern Region,Chikwawa,Nchalo,804,-16.27,34.87,cereals and tubers,Sweet potatoes,87,KG,aggregate,Retail,MWK,555.56,0.32,3,2025,122.22399999999998,2.027198747785468,True,Severe
2025-08-15,Southern Region,Chikwawa,Nchalo,804,-16.27,34.87,cereals and tubers,Sweet potatoes,87,KG,aggregate,Retail,MWK,972.22,0.56,8,2025,74.9982000143999,2.1609485390530065,True,Severe
2021-01-15,Southern Region,Chikwawa,Nkhate,2192,-16.15,34.96,pulses and nuts,Beans,50,KG,aggregate,Retail,MWK,1000.0,1.31,1,2021,33.33333333333333,1.7297999283754733,True,Moderate
2021-12-15,Southern Region,Chikwawa,Nkhate,2192,-16.15,34.96,pulses and nuts,Beans,50,KG,aggregate,Retail,MWK,1100.0,1.36,12,2021,50.06821282401091,1.5073347891426048,True,Moderate
2023-01-15,Southern Region,Chikwawa,Nkhate,2192,-16.15,34.96,pulses and nuts,Beans,50,KG,aggregate,Retail,MWK,1454.17,1.44,1,2023,21.18083333333334,2.1511368828237156,True,Moderate
2023-06-15,Southern Region,Chikwawa,Nkhate,2192,-16.15,34.96,pulses and nuts,Beans,50,KG,aggregate,Retail,MWK,1625.0,1.6,6,2023,27.763625499260925,1.7867270666866104,True,Moderate
2023-07-15,Southern Region,Chikwawa,Nkhate,2192,-16.15,34.96,pulses and nuts,Beans,50,KG,aggregate,Retail,MWK,2000.0,1.93,7,2023,23.076923076923084,2.1400088209361185,True,Moderate
2024-01-15,Southern Region,Chikwawa,Nkhate,2192,-16.15,34.96,pulses and nuts,Beans,50,KG,aggregate,Retail,MWK,2580.0,1.55,1,2024,61.25000000000001,2.2815425494439925,True,Severe
2024-04-15,Southern Region,Chikwawa,Nkhate,2192,-16.15,34.96,pulses and nuts,Beans,50,KG,aggregate,Retail,MWK,3000.0,1.72,4,2024,30.434782608695656,1.708334309182984,True,Moderate
2024-05-15,Southern Region,Chikwawa,Nkhate,2192,-16.15,34.96,pulses and nuts,Beans,50,KG,aggregate,Retail,MWK,3650.0,2.11,5,2024,21.666666666666657,2.075337548280139,True,Moderate
2025-07-15,Southern Region,Chikwawa,Nkhate,2192,-16.15,34.96,pulses and nuts,Beans,50,KG,aggregate,Retail,MWK,6500.0,3.75,7,2025,31.16580164502094,2.3387495460498933,True,Moderate
2025-04-15,Southern Region,Chikwawa,Nkhate,2192,-16.15,34.96,cereals and tubers,Cassava,68,KG,aggregate,Retail,MWK,3200.0,1.86,4,2025,1322.2222222222222,2.265856548199833,True,Severe
2023-08-15,Southern Region,Chikwawa,Nkhate,2192,-16.15,34.96,pulses and nuts,Cowpeas,218,KG,aggregate,Retail,MWK,1000.0,0.93,8,2023,25.0,1.9756226605899392,True,Moderate
2023-12-15,Southern Region,Chikwawa,Nkhate,2192,-16.15,34.96,pulses and nuts,Cowpeas,218,KG,aggregate,Retail,MWK,1250.0,0.75,12,2023,35.13513513513513,1.9687392489479216,True,Moderate
2024-01-15,Southern Region,Chikwawa,Nkhate,2192,-16.15,34.96,pulses and nuts,Cowpeas,218,KG,aggregate,Retail,MWK,1590.0,0.95,1,2024,27.200000000000003,2.505953044714831,True,Moderate
2024-02-15,Southern Region,Chikwawa,Nkhate,2192,-16.15,34.96,pulses and nuts,Cowpeas,218,KG,aggregate,Retail,MWK,1927.27,1.16,2,2024,21.21194968553459,2.3719440286209372,True,Moderate
2025-01-15,Southern Region,Chikwawa,Nkhate,2192,-16.15,34.96,pulses and nuts,Cowpeas,218,KG,aggregate,Retail,MWK,2647.06,1.54,1,2025,24.38490310696766,1.6994723964907728,True,Moderate
2026-01-15,Southern Region,Chikwawa,Nkhate,2192,-16.15,34.96,vegetables and fruits,Exotic vegetables,1335,KG,aggregate,Retail,MWK,1200.0,0.69,1,2026,700.0,1.5,True,Moderate
2026-03-15,Southern Region,Chikwawa,Nkhate,2192,-16.15,34.96,vegetables and fruits,Exotic vegetables,1335,KG,aggregate,Retail,MWK,2010.0,1.16,3,2026,235.0,1.7120089600097481,True,Moderate
2022-01-15,Southern Region,Chikwawa,Nkhate,2192,-16.15,34.96,cereals and tubers,Maize,51,KG,aggregate,Retail,MWK,212.5,0.26,1,2022,41.66666666666667,2.614516771110578,True,Severe
2022-08-15,Southern Region,Chikwawa,Nkhate,2192,-16.15,34.96,cereals and tubers,Maize,51,KG,aggregate,Retail,MWK,355.0,0.35,8,2022,67.05882352941177,2.9625625319876177,True,Critical
2025-09-15,Southern Region,Chikwawa,Nkhate,2192,-16.15,34.96,cereals and tubers,Maize,51,KG,aggregate,Retail,MWK,1300.0,0.75,9,2025,271.42857142857144,3.0801939409957875,True,Critical
2023-01-15,Southern Region,Chikwawa,Nkhate,2192,-16.15,34.96,cereals and tubers,Maize (new harvest),1229,KG,aggregate,Retail,MWK,497.92,0.49,1,2023,290.52549019607847,2.2136011904500994,True,Severe
2025-01-15,Southern Region,Chikwawa,Nkhate,2192,-16.15,34.96,cereals and tubers,Maize (new harvest),1229,KG,aggregate,Retail,MWK,1300.0,0.76,1,2025,32.48407643312101,2.367454017541572,True,Moderate
2025-02-15,Southern Region,Chikwawa,Nkhate,2192,-16.15,34.96,cereals and tubers,Maize (new harvest),1229,KG,aggregate,Retail,MWK,1633.33,0.95,2,2025,25.640769230769234,2.4282020228068912,True,Moderate
2021-03-15,Southern Region,Chikwawa,Nkhate,2192,-16.15,34.96,cereals and tubers,Millet,73,KG,aggregate,Retail,MWK,375.0,0.48,3,2021,25.0,1.5247354609520414,True,Moderate
2025-06-15,Southern Region,Chikwawa,Nkhate,2192,-16.15,34.96,cereals and tubers,Millet,73,KG,aggregate,Retail,MWK,800.0,0.46,6,2025,433.3333333333333,2.142104643345567,True,Severe
2025-10-15,Southern Region,Chikwawa,Nkhate,2192,-16.15,34.96,cereals and tubers,Millet,73,KG,aggregate,Retail,MWK,1500.0,0.87,10,2025,87.5,2.2189290866733495,True,Severe
2026-02-15,Southern Region,Chikwawa,Nkhate,2192,-16.15,34.96,cereals and tubers,Millet,73,KG,aggregate,Retail,MWK,2000.0,1.15,2,2026,33.33333333333333,1.8537130568045272,True,Moderate
2026-03-15,Southern Region,Chikwawa,Nkhate,2192,-16.15,34.96,cereals and tubers,Millet,73,KG,aggregate,Retail,MWK,3000.0,1.73,3,2026,50.0,2.18555476700758,True,Severe
2025-03-15,Southern Region,Chikwawa,Nkhate,2192,-16.15,34.96,oil and fats,Oil (vegetable),96,L,aggregate,Retail,MWK,7800.0,4.53,3,2025,593.3333333333334,2.2643504392273655,True,Severe
2023-01-15,Southern Region,Chikwawa,Nkhate,2192,-16.15,34.96,pulses and nuts,Pigeon peas,155,KG,aggregate,Retail,MWK,708.33,0.7,1,2023,28.78727272727273,1.7188774930452233,True,Moderate
2023-08-15,Southern Region,Chikwawa,Nkhate,2192,-16.15,34.96,pulses and nuts,Pigeon peas,155,KG,aggregate,Retail,MWK,1000.0,0.93,8,2023,66.66666666666667,2.314832806668331,True,Severe
2024-01-15,Southern Region,Chikwawa,Nkhate,2192,-16.15,34.96,pulses and nuts,Pigeon peas,155,KG,aggregate,Retail,MWK,1580.0,0.95,1,2024,26.400000000000002,2.1203225852259235,True,Moderate
2025-01-15,Southern Region,Chikwawa,Nkhate,2192,-16.15,34.96,pulses and nuts,Pigeon peas,155,KG,aggregate,Retail,MWK,2800.0,1.63,1,2025,33.33333333333333,2.011035894326704,True,Moderate
2025-03-15,Southern Region,Chikwawa,Nkhate,2192,-16.15,34.96,cereals and tubers,Rice,52,KG,aggregate,Retail,MWK,2000.0,1.16,3,2025,255.55555555555554,2.2423480913308333,True,Severe
2025-04-15,Southern Region,Chikwawa,Nkhate,2192,-16.15,34.96,cereals and tubers,Rice,52,KG,aggregate,Retail,MWK,2500.0,1.46,4,2025,25.0,1.917658763470067,True,Moderate
2025-05-15,Southern Region,Chikwawa,Nkhate,2192,-16.15,34.96,cereals and tubers,Rice,52,KG,aggregate,Retail,MWK,3500.0,2.02,5,2025,39.99999999999999,2.015380589109425,True,Moderate
2025-06-15,Southern Region,Chikwawa,Nkhate,2192,-16.15,34.96,cereals and tubers,Sorghum,65,KG,aggregate,Retail,MWK,750.0,0.43,6,2025,265.8536585365854,2.2346616566388255,True,Severe
2025-03-15,Southern Region,Chikwawa,Nkhate,2192,-16.15,34.96,miscellaneous food,Sugar,97,KG,aggregate,Retail,MWK,4000.0,2.32,3,2025,377.6119402985074,2.2675076625073878,True,Severe
2025-06-15,Southern Region,Chikwawa,Nkhate,2192,-16.15,34.96,miscellaneous food,Sugar,97,KG,aggregate,Retail,MWK,4818.33,2.78,6,2025,23.24103251416996,1.5696125900546662,True,Moderate
2025-04-15,Southern Region,Chikwawa,Nkhate,2192,-16.15,34.96,cereals and tubers,Sweet potatoes,87,KG,aggregate,Retail,MWK,555.56,0.32,4,2025,85.18666666666665,2.171712952843537,True,Severe
2025-06-15,Southern Region,Chikwawa,Nkhate,2192,-16.15,34.96,cereals and tubers,Sweet potatoes,87,KG,aggregate,Retail,MWK,685.19,0.4,6,2025,23.333213334293347,1.864081631478067,True,Moderate
2025-07-15,Southern Region,Chikwawa,Nkhate,2192,-16.15,34.96,cereals and tubers,Sweet potatoes,87,KG,aggregate,Retail,MWK,833.33,0.48,7,2025,21.62028050613698,1.9774844042199389,True,Moderate
2025-10-15,Southern Region,Chikwawa,Nkhate,2192,-16.15,34.96,cereals and tubers,Sweet potatoes,87,KG,aggregate,Retail,MWK,1111.0,0.64,10,2025,99.97840017279864,2.314894155022961,True,Severe
2026-02-15,Southern Region,Chikwawa,Nkhate,2192,-16.15,34.96,vegetables and fruits,Tomatoes,114,KG,aggregate,Retail,MWK,1800.0,1.04,2,2026,200.0,1.5652475842498528,True,Moderate
2023-01-15,Southern Region,Chikwawa,Tomali,2135,-16.18,34.77,pulses and nuts,Beans,50,KG,aggregate,Retail,MWK,1743.75,1.73,1,2023,21.685275645498958,1.8179186568025463,True,Moderate
2023-07-15,Southern Region,Chikwawa,Tomali,2135,-16.18,34.77,pulses and nuts,Beans,50,KG,aggregate,Retail,MWK,2043.75,1.97,7,2023,31.854838709677423,2.0682582360213018,True,Moderate
2024-01-15,Southern Region,Chikwawa,Tomali,2135,-16.18,34.77,pulses and nuts,Beans,50,KG,aggregate,Retail,MWK,2938.24,1.76,1,2024,45.09827160493827,2.3774046585651774,True,Severe
2024-04-15,Southern Region,Chikwawa,Tomali,2135,-16.18,34.77,pulses and nuts,Beans,50,KG,aggregate,Retail,MWK,3000.0,1.72,4,2024,39.53488372093024,1.536715146061995,True,Moderate
2024-05-15,Southern Region,Chikwawa,Tomali,2135,-16.18,34.77,pulses and nuts,Beans,50,KG,aggregate,Retail,MWK,4000.0,2.31,5,2024,33.33333333333333,2.293933063212601,True,Moderate
2025-04-15,Southern Region,Chikwawa,Tomali,2135,-16.18,34.77,cereals and tubers,Cassava,68,KG,aggregate,Retail,MWK,4000.0,2.33,4,2025,2005.263157894737,2.265424392955005,True,Severe
2023-01-15,Southern Region,Chikwawa,Tomali,2135,-16.18,34.77,pulses and nuts,Cowpeas,218,KG,aggregate,Retail,MWK,856.25,0.85,1,2023,42.70833333333333,1.5506010258913754,True,Moderate
2023-08-15,Southern Region,Chikwawa,Tomali,2135,-16.18,34.77,pulses and nuts,Cowpeas,218,KG,aggregate,Retail,MWK,1000.0,0.93,8,2023,35.593220338983045,1.5823315550796033,True,Moderate
2024-01-15,Southern Region,Chikwawa,Tomali,2135,-16.18,34.77,pulses and nuts,Cowpeas,218,KG,aggregate,Retail,MWK,1685.29,1.01,1,2024,22.566545454545462,2.2328285515378106,True,Moderate
2024-02-15,Southern Region,Chikwawa,Tomali,2135,-16.18,34.77,pulses and nuts,Cowpeas,218,KG,aggregate,Retail,MWK,2072.73,1.24,2,2024,22.98951515762866,2.2946097954134403,True,Moderate
2024-09-15,Southern Region,Chikwawa,Tomali,2135,-16.18,34.77,pulses and nuts,Cowpeas,218,KG,aggregate,Retail,MWK,2150.0,1.25,9,2024,34.375,1.799321665801258,True,Moderate
2024-12-15,Southern Region,Chikwawa,Tomali,2135,-16.18,34.77,pulses and nuts,Cowpeas,218,KG,aggregate,Retail,MWK,2737.5,1.58,12,2024,36.87499999999999,1.94374327332959,True,Moderate
2025-12-15,Southern Region,Chikwawa,Tomali,2135,-16.18,34.77,pulses and nuts,Cowpeas,218,KG,aggregate,Retail,MWK,3666.67,2.11,12,2025,56.02851063829788,1.6067958370907343,True,Moderate
2026-02-15,Southern Region,Chikwawa,Tomali,2135,-16.18,34.77,vegetables and fruits,Exotic vegetables,1335,KG,aggregate,Retail,MWK,1500.0,0.87,2,2026,400.0,1.769469008717479,True,Moderate
2025-09-15,Southern Region,Chikwawa,Tomali,2135,-16.18,34.77,pulses and nuts,Groundnuts (shelled),119,KG,aggregate,Retail,MWK,7000.0,4.04,9,2025,21.739130434782616,1.7137366203368285,True,Moderate
2025-12-15,Southern Region,Chikwawa,Tomali,2135,-16.18,34.77,pulses and nuts,Groundnuts (shelled),119,KG,aggregate,Retail,MWK,10500.0,6.06,12,2025,39.99999999999999,2.24453567122552,True,Moderate
2026-02-15,Southern Region,Chikwawa,Tomali,2135,-16.18,34.77,vegetables and fruits,Local vegetables,1333,KG,aggregate,Retail,MWK,1200.0,0.69,2,2026,380.0,1.772316081989476,True,Moderate
2022-01-15,Southern Region,Chikwawa,Tomali,2135,-16.18,34.77,cereals and tubers,Maize,51,KG,aggregate,Retail,MWK,220.0,0.27,1,2022,41.93548387096775,2.187876921282728,True,Severe
2022-08-15,Southern Region,Chikwawa,Tomali,2135,-16.18,34.77,cereals and tubers,Maize,51,KG,aggregate,Retail,MWK,355.0,0.35,8,2022,61.36363636363635,2.9482028892667747,True,Critical
2025-09-15,Southern Region,Chikwawa,Tomali,2135,-16.18,34.77,cereals and tubers,Maize,51,KG,aggregate,Retail,MWK,1547.83,0.89,9,2025,336.0084507042253,3.1168950206222785,True,Critical
2023-01-15,Southern Region,Chikwawa,Tomali,2135,-16.18,34.77,cereals and tubers,Maize (new harvest),1229,KG,aggregate,Retail,MWK,534.37,0.53,1,2023,250.40655737704918,2.223896938720115,True,Severe
2025-01-15,Southern Region,Chikwawa,Tomali,2135,-16.18,34.77,cereals and tubers,Maize (new harvest),1229,KG,aggregate,Retail,MWK,1529.41,0.89,1,2025,23.58868686868687,2.085725624562118,True,Moderate
2025-05-15,Southern Region,Chikwawa,Tomali,2135,-16.18,34.77,cereals and tubers,Millet,73,KG,aggregate,Retail,MWK,700.0,0.4,5,2025,366.6666666666667,2.03339451990991,True,Severe
2025-03-15,Southern Region,Chikwawa,Tomali,2135,-16.18,34.77,oil and fats,Oil (vegetable),96,L,aggregate,Retail,MWK,7000.0,4.06,3,2025,418.51851851851853,2.247753751679229,True,Severe
2021-03-15,Southern Region,Chikwawa,Tomali,2135,-16.18,34.77,pulses and nuts,Pigeon peas,155,KG,aggregate,Retail,MWK,875.0,1.13,3,2021,29.629629629629626,1.6436870117891063,True,Moderate
2023-06-15,Southern Region,Chikwawa,Tomali,2135,-16.18,34.77,pulses and nuts,Pigeon peas,155,KG,aggregate,Retail,MWK,1000.0,0.98,6,2023,42.85714285714286,1.9095608235730677,True,Moderate
2023-09-15,Southern Region,Chikwawa,Tomali,2135,-16.18,34.77,pulses and nuts,Pigeon peas,155,KG,aggregate,Retail,MWK,1000.0,0.91,9,2023,42.85714285714286,1.6674792853177867,True,Moderate
2023-12-15,Southern Region,Chikwawa,Tomali,2135,-16.18,34.77,pulses and nuts,Pigeon peas,155,KG,aggregate,Retail,MWK,1375.0,0.82,12,2023,37.5,2.2158138096010087,True,Moderate
2024-01-15,Southern Region,Chikwawa,Tomali,2135,-16.18,34.77,pulses and nuts,Pigeon peas,155,KG,aggregate,Retail,MWK,2158.82,1.3,1,2024,57.00509090909092,2.7163902556368758,True,Severe
2025-01-15,Southern Region,Chikwawa,Tomali,2135,-16.18,34.77,pulses and nuts,Pigeon peas,155,KG,aggregate,Retail,MWK,3000.0,1.75,1,2025,28.000000000000004,1.8231936210305715,True,Moderate
2025-12-15,Southern Region,Chikwawa,Tomali,2135,-16.18,34.77,pulses and nuts,Pigeon peas,155,KG,aggregate,Retail,MWK,3666.67,2.11,12,2025,39.68266666666666,1.8862407125243197,True,Moderate
2025-03-15,Southern Region,Chikwawa,Tomali,2135,-16.18,34.77,cereals and tubers,Rice,52,KG,aggregate,Retail,MWK,4500.0,2.61,3,2025,445.45454545454544,2.2660223210481387,True,Severe
2025-10-15,Southern Region,Chikwawa,Tomali,2135,-16.18,34.77,cereals and tubers,Sorghum,65,KG,aggregate,Retail,MWK,6000.0,3.46,10,2025,3429.4117647058824,2.0403574936789175,True,Severe
2025-12-15,Southern Region,Chikwawa,Tomali,2135,-16.18,34.77,pulses and nuts,Soybeans,248,KG,aggregate,Retail,MWK,4500.0,2.6,12,2025,87.5,1.954552697947996,True,Moderate
2025-03-15,Southern Region,Chikwawa,Tomali,2135,-16.18,34.77,miscellaneous food,Sugar,97,KG,aggregate,Retail,MWK,3600.0,2.09,3,2025,336.3636363636363,2.2672304706194275,True,Severe
2025-06-15,Southern Region,Chikwawa,Tomali,2135,-16.18,34.77,miscellaneous food,Sugar,97,KG,aggregate,Retail,MWK,4780.0,2.76,6,2025,31.365236581096045,1.6966019955938096,True,Moderate
2025-03-15,Southern Region,Chikwawa,Tomali,2135,-16.18,34.77,cereals and tubers,Sweet potatoes,87,KG,aggregate,Retail,MWK,1111.11,0.64,3,2025,367.8357894736842,2.1992295104203334,True,Severe
2025-08-15,Southern Region,Chikwawa,Tomali,2135,-16.18,34.77,cereals and tubers,Sweet potatoes,87,KG,aggregate,Retail,MWK,1111.11,0.64,8,2025,99.9982000143999,1.7115588622376694,True,Moderate
2025-01-15,Southern Region,Chiradzulu,Chiradzulu Boma,773,-15.71,35.18,pulses and nuts,Beans,50,KG,aggregate,Retail,MWK,6000.0,3.49,1,2025,23.71134020618557,1.9971719348409704,True,Moderate
2024-09-15,Southern Region,Chiradzulu,Chiradzulu Boma,773,-15.71,35.18,pulses and nuts,Cowpeas,218,KG,aggregate,Retail,MWK,2200.0,1.27,9,2024,22.222222222222232,1.6713624152957676,True,Moderate
2025-03-15,Southern Region,Chiradzulu,Chiradzulu Boma,773,-15.71,35.18,pulses and nuts,Cowpeas,218,KG,aggregate,Retail,MWK,4500.0,2.61,3,2025,50.0,2.488036853736514,True,Severe
2026-01-15,Southern Region,Chiradzulu,Chiradzulu Boma,773,-15.71,35.18,vegetables and fruits,Exotic vegetables,1335,KG,aggregate,Retail,MWK,1200.0,0.69,1,2026,152.6315789473684,1.6961016266996582,True,Moderate
2026-02-15,Southern Region,Chiradzulu,Chiradzulu Boma,773,-15.71,35.18,vegetables and fruits,Exotic vegetables,1335,KG,aggregate,Retail,MWK,2010.0,1.16,2,2026,67.5,1.7432294698329083,True,Moderate
2025-11-15,Southern Region,Chiradzulu,Chiradzulu Boma,773,-15.71,35.18,pulses and nuts,Groundnuts (shelled),119,KG,aggregate,Retail,MWK,9000.0,5.19,11,2025,40.625,1.713322808350289,True,Moderate
2025-01-15,Southern Region,Chiradzulu,Chiradzulu Boma,773,-15.71,35.18,cereals and tubers,Maize (new harvest),1229,KG,aggregate,Retail,MWK,1600.0,0.93,1,2025,60.00000000000001,2.754743378973724,True,Critical
2024-02-15,Southern Region,Chiradzulu,Chiradzulu Boma,773,-15.71,35.18,pulses and nuts,Pigeon peas,155,KG,aggregate,Retail,MWK,1927.27,1.16,2,2024,20.898677640328224,1.6069928721563993,True,Moderate
2024-03-15,Southern Region,Chiradzulu,Chiradzulu Boma,773,-15.71,35.18,pulses and nuts,Pigeon peas,155,KG,aggregate,Retail,MWK,2500.0,1.5,3,2024,29.717164694100973,1.8370744701993091,True,Moderate
2025-11-15,Southern Region,Chiradzulu,Chiradzulu Boma,773,-15.71,35.18,cereals and tubers,Sorghum,65,KG,aggregate,Retail,MWK,8000.0,4.61,11,2025,900.0,1.9253033782711395,True,Moderate
2025-09-15,Southern Region,Chiradzulu,Chiradzulu Boma,773,-15.71,35.18,pulses and nuts,Soybeans,248,KG,aggregate,Retail,MWK,2800.0,1.62,9,2025,24.444444444444446,1.7265220548890585,True,Moderate
2023-01-15,Northern Region,Chitipa,Chitipa Boma,774,-9.72,33.27,pulses and nuts,Beans,50,KG,aggregate,Retail,MWK,1588.89,1.58,1,2023,217.77800000000002,2.3063342017138866,True,Severe
2024-09-15,Northern Region,Chitipa,Chitipa Boma,774,-9.72,33.27,pulses and nuts,Beans,50,KG,aggregate,Retail,MWK,3062.5,1.77,9,2024,75.0,2.411662695647602,True,Severe
2025-01-15,Northern Region,Chitipa,Chitipa Boma,774,-9.72,33.27,pulses and nuts,Beans,50,KG,aggregate,Retail,MWK,5000.0,2.91,1,2025,58.73015873015872,2.5499268310649112,True,Severe
2025-04-15,Northern Region,Chitipa,Chitipa Boma,774,-9.72,33.27,cereals and tubers,Cassava,68,KG,aggregate,Retail,MWK,2600.0,1.51,4,2025,1385.7142857142858,2.267618303836048,True,Severe
2023-06-15,Northern Region,Chitipa,Chitipa Boma,774,-9.72,33.27,pulses and nuts,Cowpeas,218,KG,aggregate,Retail,MWK,900.0,0.89,6,2023,50.0,2.123844695149985,True,Severe
2023-08-15,Northern Region,Chitipa,Chitipa Boma,774,-9.72,33.27,pulses and nuts,Cowpeas,218,KG,aggregate,Retail,MWK,1200.0,1.12,8,2023,22.72699380228682,1.924187486903635,True,Moderate
2023-11-15,Northern Region,Chitipa,Chitipa Boma,774,-9.72,33.27,pulses and nuts,Cowpeas,218,KG,aggregate,Retail,MWK,1525.0,0.91,11,2023,90.625,2.1845277204993434,True,Severe
2024-09-15,Northern Region,Chitipa,Chitipa Boma,774,-9.72,33.27,pulses and nuts,Cowpeas,218,KG,aggregate,Retail,MWK,2000.0,1.16,9,2024,33.33333333333333,1.8016143251779875,True,Moderate
2025-04-15,Northern Region,Chitipa,Chitipa Boma,774,-9.72,33.27,pulses and nuts,Cowpeas,218,KG,aggregate,Retail,MWK,3500.0,2.04,4,2025,75.0,2.654540475467582,True,Critical
2026-01-15,Northern Region,Chitipa,Chitipa Boma,774,-9.72,33.27,vegetables and fruits,Exotic vegetables,1335,KG,aggregate,Retail,MWK,2000.0,1.15,1,2026,90.47619047619047,1.6047456679054641,True,Moderate
2026-03-15,Northern Region,Chitipa,Chitipa Boma,774,-9.72,33.27,vegetables and fruits,Exotic vegetables,1335,KG,aggregate,Retail,MWK,2500.0,1.44,3,2026,150.0,1.6155881116978368,True,Moderate
2022-09-15,Northern Region,Chitipa,Chitipa Boma,774,-9.72,33.27,cereals and tubers,Maize,51,KG,aggregate,Retail,MWK,330.0,0.33,9,2022,100.0,2.7635906965856027,True,Critical
2025-09-15,Northern Region,Chitipa,Chitipa Boma,774,-9.72,33.27,cereals and tubers,Maize,51,KG,aggregate,Retail,MWK,989.67,0.57,9,2025,199.89999999999998,3.0739402171083987,True,Critical
2023-01-15,Northern Region,Chitipa,Chitipa Boma,774,-9.72,33.27,cereals and tubers,Maize (new harvest),1229,KG,aggregate,Retail,MWK,515.56,0.51,1,2023,304.3607843137255,2.264257161663464,True,Severe
2023-04-15,Northern Region,Chitipa,Chitipa Boma,774,-9.72,33.27,cereals and tubers,Maize (new harvest),1229,KG,aggregate,Retail,MWK,667.5,0.66,4,2023,33.5,1.7946975423409053,True,Moderate
2025-01-15,Northern Region,Chitipa,Chitipa Boma,774,-9.72,33.27,cereals and tubers,Maize (new harvest),1229,KG,aggregate,Retail,MWK,925.0,0.54,1,2025,60.86956521739131,2.079329263652346,True,Severe
2025-02-15,Northern Region,Chitipa,Chitipa Boma,774,-9.72,33.27,cereals and tubers,Maize (new harvest),1229,KG,aggregate,Retail,MWK,1118.75,0.65,2,2025,20.945945945945944,2.169751216378441,True,Moderate
2025-03-15,Northern Region,Chitipa,Chitipa Boma,774,-9.72,33.27,cereals and tubers,Maize (new harvest),1229,KG,aggregate,Retail,MWK,1428.89,0.83,3,2025,27.722011173184356,2.2744499570245824,True,Moderate
2025-05-15,Northern Region,Chitipa,Chitipa Boma,774,-9.72,33.27,cereals and tubers,Millet,73,KG,aggregate,Retail,MWK,1946.15,1.12,5,2025,224.35833333333335,1.7888543819998315,True,Moderate
2025-08-15,Northern Region,Chitipa,Chitipa Boma,774,-9.72,33.27,cereals and tubers,Millet,73,KG,aggregate,Retail,MWK,4000.0,2.31,8,2025,100.0,1.9598303217720807,True,Moderate
2025-04-15,Northern Region,Chitipa,Chitipa Boma,774,-9.72,33.27,oil and fats,Oil (vegetable),96,L,aggregate,Retail,MWK,9044.12,5.27,4,2025,595.7015384615385,2.263609062467012,True,Severe
2023-12-15,Northern Region,Chitipa,Chitipa Boma,774,-9.72,33.27,pulses and nuts,Pigeon peas,155,KG,aggregate,Retail,MWK,1450.0,0.87,12,2023,176.19047619047618,2.2492789736200196,True,Severe
2024-02-15,Northern Region,Chitipa,Chitipa Boma,774,-9.72,33.27,pulses and nuts,Pigeon peas,155,KG,aggregate,Retail,MWK,1818.18,1.09,2,2024,21.21200000000001,1.7115131905541288,True,Moderate
2025-09-15,Northern Region,Chitipa,Chitipa Boma,774,-9.72,33.27,pulses and nuts,Pigeon peas,155,KG,aggregate,Retail,MWK,3250.0,1.87,9,2025,78.75017875017873,2.3263229325553234,True,Severe
2025-08-15,Northern Region,Chitipa,Chitipa Boma,774,-9.72,33.27,cereals and tubers,Rice,52,KG,aggregate,Retail,MWK,4100.0,2.36,8,2025,556.0,2.468530021698632,True,Severe
2025-10-15,Northern Region,Chitipa,Chitipa Boma,774,-9.72,33.27,cereals and tubers,Rice,52,KG,aggregate,Retail,MWK,3937.5,2.27,10,2025,43.18181818181819,1.639274291055302,True,Moderate
2025-04-15,Northern Region,Chitipa,Chitipa Boma,774,-9.72,33.27,miscellaneous food,Sugar,97,KG,aggregate,Retail,MWK,3566.67,2.08,4,2025,319.60823529411766,2.2671024380105593,True,Severe
2025-06-15,Northern Region,Chitipa,Chitipa Boma,774,-9.72,33.27,miscellaneous food,Sugar,97,KG,aggregate,Retail,MWK,5641.67,3.25,6,2025,37.38557634940156,1.9228076425295253,True,Moderate
2025-04-15,Northern Region,Chitipa,Chitipa Boma,774,-9.72,33.27,cereals and tubers,Sweet potatoes,87,KG,aggregate,Retail,MWK,819.44,0.48,4,2025,134.1257142857143,2.1798640216271323,True,Severe
2025-12-15,Northern Region,Chitipa,Chitipa Boma,774,-9.72,33.27,cereals and tubers,Sweet potatoes,87,KG,aggregate,Retail,MWK,1111.0,0.64,12,2025,23.068402104680153,1.7428642533420398,True,Moderate
2026-03-15,Northern Region,Chitipa,Chitipa Boma,774,-9.72,33.27,cereals and tubers,Sweet potatoes,87,KG,aggregate,Retail,MWK,1111.0,0.64,3,2026,99.82014388489209,1.5193381893206253,True,Moderate
2022-01-15,Northern Region,Chitipa,Kameme,2117,-9.57,33.09,pulses and nuts,Beans,50,KG,aggregate,Retail,MWK,925.0,1.14,1,2022,23.33333333333334,1.6175111784625669,True,Moderate
2023-01-15,Northern Region,Chitipa,Kameme,2117,-9.57,33.09,pulses and nuts,Beans,50,KG,aggregate,Retail,MWK,1638.89,1.63,1,2023,82.0988888888889,2.1551569026573674,True,Severe
2024-09-15,Northern Region,Chitipa,Kameme,2117,-9.57,33.09,pulses and nuts,Beans,50,KG,aggregate,Retail,MWK,3000.0,1.74,9,2024,64.3835616438356,2.262821023376806,True,Severe
2025-01-15,Northern Region,Chitipa,Kameme,2117,-9.57,33.09,pulses and nuts,Beans,50,KG,aggregate,Retail,MWK,4450.0,2.59,1,2025,48.33333333333334,2.3706909223168564,True,Severe
2025-10-15,Northern Region,Chitipa,Kameme,2117,-9.57,33.09,pulses and nuts,Cowpeas,218,KG,aggregate,Retail,MWK,4000.0,2.31,10,2025,136.5590126026814,1.9263183499397518,True,Moderate
2025-10-15,Northern Region,Chitipa,Kameme,2117,-9.57,33.09,pulses and nuts,Groundnuts (shelled),119,KG,aggregate,Retail,MWK,6250.0,3.61,10,2025,31.578947368421062,1.515382519443407,True,Moderate
2026-01-15,Northern Region,Chitipa,Kameme,2117,-9.57,33.09,vegetables and fruits,Local vegetables,1333,KG,aggregate,Retail,MWK,1000.0,0.58,1,2026,90.47619047619047,1.6255594165977922,True,Moderate
2022-09-15,Northern Region,Chitipa,Kameme,2117,-9.57,33.09,cereals and tubers,Maize,51,KG,aggregate,Retail,MWK,336.5,0.33,9,2022,92.28571428571428,2.918398455206554,True,Critical
2025-09-15,Northern Region,Chitipa,Kameme,2117,-9.57,33.09,cereals and tubers,Maize,51,KG,aggregate,Retail,MWK,956.52,0.55,9,2025,184.2555720653789,3.0506166657299816,True,Critical
2025-01-15,Northern Region,Chitipa,Kameme,2117,-9.57,33.09,cereals and tubers,Maize (new harvest),1229,KG,aggregate,Retail,MWK,890.0,0.52,1,2025,67.9245283018868,2.202485715583582,True,Severe
2025-03-15,Northern Region,Chitipa,Kameme,2117,-9.57,33.09,cereals and tubers,Maize (new harvest),1229,KG,aggregate,Retail,MWK,1154.44,0.67,3,2025,24.804324324324334,2.067006389280555,True,Moderate
2026-01-15,Northern Region,Chitipa,Kameme,2117,-9.57,33.09,cereals and tubers,Rice,52,KG,aggregate,Retail,MWK,6000.0,3.46,1,2026,33.33333333333333,1.5368921238290258,True,Moderate
2025-11-15,Northern Region,Chitipa,Kameme,2117,-9.57,33.09,miscellaneous food,Sugar,97,KG,aggregate,Retail,MWK,6000.0,3.46,11,2025,39.91036409340416,1.5123278372824709,True,Moderate
2025-10-15,Northern Region,Chitipa,Kameme,2117,-9.57,33.09,cereals and tubers,Sweet potatoes,87,KG,aggregate,Retail,MWK,1042.0,0.6,10,2025,87.41007194244604,1.5235450992785775,True,Moderate
2024-06-15,Northern Region,Chitipa,Nthalire,816,-10.35,33.65,pulses and nuts,Beans,50,KG,aggregate,Retail,MWK,2600.0,1.5,6,2024,52.941176470588225,1.8408479154183452,True,Moderate
2025-08-15,Northern Region,Chitipa,Nthalire,816,-10.35,33.65,pulses and nuts,Groundnuts (shelled),119,KG,aggregate,Retail,MWK,5250.0,3.03,8,2025,31.25,1.5,True,Moderate
2022-09-15,Northern Region,Chitipa,Nthalire,816,-10.35,33.65,cereals and tubers,Maize,51,KG,aggregate,Retail,MWK,330.0,0.33,9,2022,100.0,2.8436522130239648,True,Critical
2025-09-15,Northern Region,Chitipa,Nthalire,816,-10.35,33.65,cereals and tubers,Maize,51,KG,aggregate,Retail,MWK,1001.56,0.58,9,2025,203.5030303030303,3.076897394403376,True,Critical
2025-11-15,Northern Region,Chitipa,Nthalire,816,-10.35,33.65,cereals and tubers,Maize,51,KG,aggregate,Retail,MWK,918.75,0.53,11,2025,22.500000000000007,1.6924479631015819,True,Moderate
2025-02-15,Northern Region,Chitipa,Nthalire,816,-10.35,33.65,cereals and tubers,Maize (new harvest),1229,KG,aggregate,Retail,MWK,1383.75,0.8,2,2025,53.75000000000001,2.7355544566037113,True,Severe
2025-11-15,Northern Region,Chitipa,Nthalire,816,-10.35,33.65,pulses and nuts,Soybeans,248,KG,aggregate,Retail,MWK,5000.0,2.88,11,2025,42.85714285714286,1.7467127141256666,True,Moderate
2025-11-15,Northern Region,Chitipa,Nthalire,816,-10.35,33.65,cereals and tubers,Sweet potatoes,87,KG,aggregate,Retail,MWK,1111.0,0.64,11,2025,99.82014388489209,2.0412408372782798,True,Severe
2026-01-15,Central Region,Dedza,Mtakataka,796,-14.23,34.52,vegetables and fruits,Exotic vegetables,1335,KG,aggregate,Retail,MWK,1200.0,0.69,1,2026,60.00000000000001,1.5400549828779646,True,Moderate
2025-08-15,Central Region,Dedza,Mtakataka,796,-14.23,34.52,pulses and nuts,Groundnuts (shelled),119,KG,aggregate,Retail,MWK,7000.0,4.04,8,2025,55.55555555555556,1.7888543819998317,True,Moderate
2025-11-15,Central Region,Dedza,Mtakataka,796,-14.23,34.52,oil and fats,Oil (vegetable),96,L,aggregate,Retail,MWK,10552.82,6.09,11,2025,25.31477666086772,2.3237982663442023,True,Moderate
2026-03-15,Central Region,Dedza,Mtakataka,796,-14.23,34.52,oil and fats,Oil (vegetable),96,L,aggregate,Retail,MWK,10450.38,6.03,3,2026,20.001377956146538,1.7207713807528227,True,Moderate
2025-10-15,Central Region,Dedza,Mtakataka,796,-14.23,34.52,pulses and nuts,Soybeans,248,KG,aggregate,Retail,MWK,6000.0,3.46,10,2025,200.0,1.5,True,Moderate
2025-11-15,Central Region,Dedza,Mtakataka,796,-14.23,34.52,miscellaneous food,Sugar,97,KG,aggregate,Retail,MWK,5408.33,3.12,11,2025,21.308427146487595,1.6359479554422216,True,Moderate
2023-01-15,Central Region,Dedza,Nsikawanjala,2114,-14.39,34.34,pulses and nuts,Beans,50,KG,aggregate,Retail,MWK,1600.0,1.59,1,2023,33.33333333333333,2.521708996098582,True,Moderate
2023-06-15,Central Region,Dedza,Nsikawanjala,2114,-14.39,34.34,pulses and nuts,Beans,50,KG,aggregate,Retail,MWK,1700.0,1.67,6,2023,56.32183908045978,2.1198104626789704,True,Severe
2024-01-15,Central Region,Dedza,Nsikawanjala,2114,-14.39,34.34,pulses and nuts,Beans,50,KG,aggregate,Retail,MWK,2650.0,1.59,1,2024,29.268292682926834,2.2120953454079624,True,Moderate
2024-05-15,Central Region,Dedza,Nsikawanjala,2114,-14.39,34.34,pulses and nuts,Beans,50,KG,aggregate,Retail,MWK,3600.0,2.08,5,2024,34.99983125021093,2.121172638264845,True,Moderate
2025-03-15,Central Region,Dedza,Nsikawanjala,2114,-14.39,34.34,cereals and tubers,Cassava,68,KG,aggregate,Retail,MWK,3200.0,1.86,3,2025,1085.1851851851852,2.2656436247759197,True,Severe
2022-03-15,Central Region,Dedza,Nsikawanjala,2114,-14.39,34.34,pulses and nuts,Cowpeas,218,KG,aggregate,Retail,MWK,800.0,1.01,3,2022,33.33333333333333,1.5955738806062256,True,Moderate
2023-12-15,Central Region,Dedza,Nsikawanjala,2114,-14.39,34.34,pulses and nuts,Cowpeas,218,KG,aggregate,Retail,MWK,1500.0,0.9,12,2023,30.434782608695656,2.3926216988597253,True,Moderate
2024-09-15,Central Region,Dedza,Nsikawanjala,2114,-14.39,34.34,pulses and nuts,Cowpeas,218,KG,aggregate,Retail,MWK,2316.67,1.34,9,2024,40.40424242424243,1.9541209389018446,True,Moderate
2025-01-15,Central Region,Dedza,Nsikawanjala,2114,-14.39,34.34,pulses and nuts,Cowpeas,218,KG,aggregate,Retail,MWK,2900.0,1.69,1,2025,25.06738544474394,2.046479791604725,True,Moderate
2025-04-15,Central Region,Dedza,Nsikawanjala,2114,-14.39,34.34,pulses and nuts,Cowpeas,218,KG,aggregate,Retail,MWK,3645.83,2.12,4,2025,21.527666666666654,2.147385990053302,True,Moderate
2022-01-15,Central Region,Dedza,Nsikawanjala,2114,-14.39,34.34,cereals and tubers,Maize,51,KG,aggregate,Retail,MWK,180.0,0.22,1,2022,53.191489361702125,1.9271184226696858,True,Moderate
2022-08-15,Central Region,Dedza,Nsikawanjala,2114,-14.39,34.34,cereals and tubers,Maize,51,KG,aggregate,Retail,MWK,300.0,0.3,8,2022,66.66666666666667,2.8975070558916425,True,Critical
2025-03-15,Central Region,Dedza,Nsikawanjala,2114,-14.39,34.34,cereals and tubers,Maize,51,KG,aggregate,Retail,MWK,1600.0,0.93,3,2025,481.8181818181818,3.140375372455641,True,Critical
2023-03-15,Central Region,Dedza,Nsikawanjala,2114,-14.39,34.34,cereals and tubers,Maize (new harvest),1229,KG,aggregate,Retail,MWK,575.0,0.55,3,2023,379.1666666666667,2.252877611796648,True,Severe
2025-01-15,Central Region,Dedza,Nsikawanjala,2114,-14.39,34.34,cereals and tubers,Maize (new harvest),1229,KG,aggregate,Retail,MWK,1241.18,0.72,1,2025,30.779929614566015,2.5608495454943165,True,Moderate
2025-08-15,Central Region,Dedza,Nsikawanjala,2114,-14.39,34.34,cereals and tubers,Maize flour,76,KG,aggregate,Retail,MWK,7139.58,4.12,8,2025,319.975294117647,2.0399136844143264,True,Severe
2021-04-15,Central Region,Dedza,Nsikawanjala,2114,-14.39,34.34,oil and fats,Oil (vegetable),96,L,aggregate,Retail,MWK,1500.0,1.93,4,2021,25.0,1.7750827122054356,True,Moderate
2025-03-15,Central Region,Dedza,Nsikawanjala,2114,-14.39,34.34,oil and fats,Oil (vegetable),96,L,aggregate,Retail,MWK,7000.0,4.06,3,2025,366.6666666666667,2.261217361016052,True,Severe
2023-06-15,Central Region,Dedza,Nsikawanjala,2114,-14.39,34.34,pulses and nuts,Pigeon peas,155,KG,aggregate,Retail,MWK,900.0,0.89,6,2023,28.57142857142858,1.8562327815434447,True,Moderate
2023-11-15,Central Region,Dedza,Nsikawanjala,2114,-14.39,34.34,pulses and nuts,Pigeon peas,155,KG,aggregate,Retail,MWK,1200.0,0.72,11,2023,33.33333333333333,2.3614261337836977,True,Moderate
2024-02-15,Central Region,Dedza,Nsikawanjala,2114,-14.39,34.34,pulses and nuts,Pigeon peas,155,KG,aggregate,Retail,MWK,2000.0,1.2,2,2024,48.14814814814814,2.647127959158908,True,Severe
2025-01-15,Central Region,Dedza,Nsikawanjala,2114,-14.39,34.34,pulses and nuts,Pigeon peas,155,KG,aggregate,Retail,MWK,3000.0,1.75,1,2025,33.33333333333333,1.9193014052681465,True,Moderate
2025-03-15,Central Region,Dedza,Nsikawanjala,2114,-14.39,34.34,pulses and nuts,Pigeon peas,155,KG,aggregate,Retail,MWK,4000.0,2.32,3,2025,33.33333333333333,2.0877843608512268,True,Moderate
2025-03-15,Central Region,Dedza,Nsikawanjala,2114,-14.39,34.34,cereals and tubers,Rice,52,KG,aggregate,Retail,MWK,4500.0,2.61,3,2025,542.8571428571429,2.266776355033996,True,Severe
2025-03-15,Central Region,Dedza,Nsikawanjala,2114,-14.39,34.34,cereals and tubers,Sorghum,65,KG,aggregate,Retail,MWK,2000.0,1.16,3,2025,654.7169811320755,2.2659053208281583,True,Severe
2025-10-15,Central Region,Dedza,Nsikawanjala,2114,-14.39,34.34,pulses and nuts,Soybeans,248,KG,aggregate,Retail,MWK,3000.0,1.73,10,2025,30.434782608695656,1.9007165204343737,True,Moderate
2025-03-15,Central Region,Dedza,Nsikawanjala,2114,-14.39,34.34,miscellaneous food,Sugar,97,KG,aggregate,Retail,MWK,3800.0,2.2,3,2025,360.6060606060606,2.2661833552515755,True,Severe
2025-03-15,Central Region,Dedza,Nsikawanjala,2114,-14.39,34.34,cereals and tubers,Sweet potatoes,87,KG,aggregate,Retail,MWK,555.56,0.32,3,2025,146.9155555555555,2.0818602234540737,True,Severe
2025-10-15,Central Region,Dedza,Nsikawanjala,2114,-14.39,34.34,cereals and tubers,Sweet potatoes,87,KG,aggregate,Retail,MWK,1111.0,0.64,10,2025,59.98502390415297,2.4204523636208966,True,Severe
2023-01-15,Central Region,Dedza,Ntakataka,3630,-14.22,34.51,pulses and nuts,Beans,50,KG,aggregate,Retail,MWK,1600.0,1.59,1,2023,33.33333333333333,2.116284459489554,True,Moderate
2023-06-15,Central Region,Dedza,Ntakataka,3630,-14.22,34.51,pulses and nuts,Beans,50,KG,aggregate,Retail,MWK,1800.0,1.77,6,2023,30.909090909090907,2.090264725048709,True,Moderate
2023-12-15,Central Region,Dedza,Ntakataka,3630,-14.22,34.51,pulses and nuts,Beans,50,KG,aggregate,Retail,MWK,2300.0,1.38,12,2023,20.261437908496728,1.8576823938217633,True,Moderate
2024-01-15,Central Region,Dedza,Ntakataka,3630,-14.22,34.51,pulses and nuts,Beans,50,KG,aggregate,Retail,MWK,3000.0,1.8,1,2024,30.434782608695656,2.4147385723942896,True,Moderate
2024-04-15,Central Region,Dedza,Ntakataka,3630,-14.22,34.51,pulses and nuts,Beans,50,KG,aggregate,Retail,MWK,3000.0,1.72,4,2024,50.0,1.5214134302409752,True,Moderate
2024-05-15,Central Region,Dedza,Ntakataka,3630,-14.22,34.51,pulses and nuts,Beans,50,KG,aggregate,Retail,MWK,3650.0,2.11,5,2024,21.666666666666657,1.9890419750602606,True,Moderate
2023-01-15,Central Region,Dedza,Ntakataka,3630,-14.22,34.51,pulses and nuts,Cowpeas,218,KG,aggregate,Retail,MWK,850.0,0.84,1,2023,21.42857142857142,1.7648846626668746,True,Moderate
2023-11-15,Central Region,Dedza,Ntakataka,3630,-14.22,34.51,pulses and nuts,Cowpeas,218,KG,aggregate,Retail,MWK,1025.0,0.61,11,2023,39.455782312925166,1.829256565323686,True,Moderate
2024-02-15,Central Region,Dedza,Ntakataka,3630,-14.22,34.51,pulses and nuts,Cowpeas,218,KG,aggregate,Retail,MWK,1850.0,1.11,2,2024,64.44444444444444,2.790411828197798,True,Critical
2024-09-15,Central Region,Dedza,Ntakataka,3630,-14.22,34.51,pulses and nuts,Cowpeas,218,KG,aggregate,Retail,MWK,1900.0,1.1,9,2024,35.71428571428572,1.7816311823947182,True,Moderate
2024-11-15,Central Region,Dedza,Ntakataka,3630,-14.22,34.51,pulses and nuts,Cowpeas,218,KG,aggregate,Retail,MWK,2375.0,1.37,11,2024,31.944444444444443,1.8692642192548747,True,Moderate
2022-01-15,Central Region,Dedza,Ntakataka,3630,-14.22,34.51,cereals and tubers,Maize,51,KG,aggregate,Retail,MWK,205.0,0.25,1,2022,46.428571428571416,2.2270114579738145,True,Severe
2022-08-15,Central Region,Dedza,Ntakataka,3630,-14.22,34.51,cereals and tubers,Maize,51,KG,aggregate,Retail,MWK,320.0,0.31,8,2022,56.09756097560976,2.838457774953794,True,Severe
2023-01-15,Central Region,Dedza,Ntakataka,3630,-14.22,34.51,cereals and tubers,Maize (new harvest),1229,KG,aggregate,Retail,MWK,450.0,0.45,1,2023,350.0,2.1134764583416437,True,Severe
2023-07-15,Central Region,Dedza,Ntakataka,3630,-14.22,34.51,cereals and tubers,Maize (new harvest),1229,KG,aggregate,Retail,MWK,653.75,0.63,7,2023,30.75000000000001,1.7576920766321638,True,Moderate
2025-01-15,Central Region,Dedza,Ntakataka,3630,-14.22,34.51,cereals and tubers,Maize (new harvest),1229,KG,aggregate,Retail,MWK,1300.0,0.76,1,2025,29.595661536007654,2.303556046458331,True,Moderate
2025-02-15,Central Region,Dedza,Ntakataka,3630,-14.22,34.51,cereals and tubers,Maize (new harvest),1229,KG,aggregate,Retail,MWK,1633.33,0.95,2,2025,25.640769230769234,2.381133924758748,True,Moderate
2021-04-15,Central Region,Dedza,Ntakataka,3630,-14.22,34.51,oil and fats,Oil (vegetable),96,L,aggregate,Retail,MWK,1700.0,2.19,4,2021,41.66666666666667,1.9105508099251292,True,Moderate
2023-06-15,Central Region,Dedza,Ntakataka,3630,-14.22,34.51,pulses and nuts,Pigeon peas,155,KG,aggregate,Retail,MWK,900.0,0.89,6,2023,80.0,2.1627081233976977,True,Severe
2023-11-15,Central Region,Dedza,Ntakataka,3630,-14.22,34.51,pulses and nuts,Pigeon peas,155,KG,aggregate,Retail,MWK,1200.0,0.72,11,2023,35.593220338983045,2.2347769994718565,True,Moderate
2024-01-15,Central Region,Dedza,Ntakataka,3630,-14.22,34.51,pulses and nuts,Pigeon peas,155,KG,aggregate,Retail,MWK,1800.0,1.08,1,2024,38.46153846153846,2.4267836204534157,True,Moderate
2024-11-15,Central Region,Dedza,Ntakataka,3630,-14.22,34.51,pulses and nuts,Pigeon peas,155,KG,aggregate,Retail,MWK,2550.0,1.47,11,2024,27.499999999999993,1.9062090648857004,True,Moderate
2024-01-15,Central Region,Dowa,Dowa Boma,825,-13.68,33.98,pulses and nuts,Beans,50,KG,aggregate,Retail,MWK,2800.0,1.68,1,2024,39.99999999999999,2.0648397874766475,True,Moderate
2025-03-15,Central Region,Dowa,Dowa Boma,825,-13.68,33.98,pulses and nuts,Beans,50,KG,aggregate,Retail,MWK,7000.0,4.06,3,2025,41.25547869463793,2.54855356266393,True,Severe
2024-10-15,Central Region,Dowa,Dowa Boma,825,-13.68,33.98,pulses and nuts,Cowpeas,218,KG,aggregate,Retail,MWK,2500.0,1.44,10,2024,25.0,1.938789319039917,True,Moderate
2025-04-15,Central Region,Dowa,Dowa Boma,825,-13.68,33.98,pulses and nuts,Cowpeas,218,KG,aggregate,Retail,MWK,4000.0,2.33,4,2025,33.33333333333333,2.108253702006268,True,Moderate
2022-08-15,Central Region,Dowa,Dowa Boma,825,-13.68,33.98,cereals and tubers,Maize,51,KG,aggregate,Retail,MWK,300.0,0.3,8,2022,140.0,1.9315709294560741,True,Moderate
2025-09-15,Central Region,Dowa,Dowa Boma,825,-13.68,33.98,cereals and tubers,Maize,51,KG,aggregate,Retail,MWK,1275.0,0.74,9,2025,325.0,3.113668474323146,True,Critical
2025-01-15,Central Region,Dowa,Dowa Boma,825,-13.68,33.98,cereals and tubers,Maize (new harvest),1229,KG,aggregate,Retail,MWK,1200.0,0.7,1,2025,31.506849315068486,2.561755051593294,True,Moderate
2025-02-15,Central Region,Dowa,Dowa Boma,825,-13.68,33.98,cereals and tubers,Maize (new harvest),1229,KG,aggregate,Retail,MWK,1511.11,0.88,2,2025,25.925833333333316,2.4950696207791423,True,Moderate
2025-03-15,Central Region,Dowa,Dowa Boma,825,-13.68,33.98,pulses and nuts,Pigeon peas,155,KG,aggregate,Retail,MWK,3500.0,2.03,3,2025,27.27272727272727,1.8255834457152975,True,Moderate
2023-02-15,Central Region,Dowa,Dzaleka,2421,-13.66,33.87,pulses and nuts,Beans,50,KG,aggregate,Retail,MWK,1500.0,1.48,2,2023,49.812734082397014,2.1632860833611134,True,Severe
2023-12-15,Central Region,Dowa,Dzaleka,2421,-13.66,33.87,pulses and nuts,Beans,50,KG,aggregate,Retail,MWK,2400.0,1.44,12,2023,44.36090225563909,2.350671499341484,True,Severe
2024-05-15,Central Region,Dowa,Dzaleka,2421,-13.66,33.87,pulses and nuts,Beans,50,KG,aggregate,Retail,MWK,3000.0,1.73,5,2024,30.434782608695656,1.5528862265785202,True,Moderate
2024-06-15,Central Region,Dowa,Dzaleka,2421,-13.66,33.87,pulses and nuts,Beans,50,KG,aggregate,Retail,MWK,3750.0,2.16,6,2024,25.0,2.0455077436757105,True,Moderate
2025-04-15,Central Region,Dowa,Dzaleka,2421,-13.66,33.87,cereals and tubers,Cassava,68,KG,aggregate,Retail,MWK,3430.0,2.0,4,2025,757.4999999999999,2.2677868380553634,True,Severe
2022-02-15,Central Region,Dowa,Dzaleka,2421,-13.66,33.87,pulses and nuts,Cowpeas,218,KG,aggregate,Retail,MWK,800.0,1.01,2,2022,77.77777777777777,1.703638547847644,True,Moderate
2023-01-15,Central Region,Dowa,Dzaleka,2421,-13.66,33.87,pulses and nuts,Cowpeas,218,KG,aggregate,Retail,MWK,1012.5,1.01,1,2023,26.5625,2.0092380257175826,True,Moderate
2023-06-15,Central Region,Dowa,Dzaleka,2421,-13.66,33.87,pulses and nuts,Cowpeas,218,KG,aggregate,Retail,MWK,1200.0,1.18,6,2023,50.0,1.8790249683575704,True,Moderate
2024-01-15,Central Region,Dowa,Dzaleka,2421,-13.66,33.87,pulses and nuts,Cowpeas,218,KG,aggregate,Retail,MWK,1570.0,0.94,1,2024,23.13725490196079,2.2855850788353935,True,Moderate
2024-09-15,Central Region,Dowa,Dzaleka,2421,-13.66,33.87,pulses and nuts,Cowpeas,218,KG,aggregate,Retail,MWK,2000.0,1.16,9,2024,21.212121212121215,1.82190756076701,True,Moderate
2024-12-15,Central Region,Dowa,Dzaleka,2421,-13.66,33.87,pulses and nuts,Cowpeas,218,KG,aggregate,Retail,MWK,2718.75,1.57,12,2024,20.833333333333325,1.8606592865143812,True,Moderate
2025-03-15,Central Region,Dowa,Dzaleka,2421,-13.66,33.87,pulses and nuts,Cowpeas,218,KG,aggregate,Retail,MWK,5000.0,2.9,3,2025,62.45475635035642,2.5787850127872027,True,Critical
2026-01-15,Central Region,Dowa,Dzaleka,2421,-13.66,33.87,vegetables and fruits,Exotic vegetables,1335,KG,aggregate,Retail,MWK,2000.0,1.15,1,2026,60.00000000000001,1.5402601010086294,True,Moderate
2025-12-15,Central Region,Dowa,Dzaleka,2421,-13.66,33.87,pulses and nuts,Groundnuts (shelled),119,KG,aggregate,Retail,MWK,7875.0,4.54,12,2025,31.25,1.7363499369342899,True,Moderate
2026-03-15,Central Region,Dowa,Dzaleka,2421,-13.66,33.87,vegetables and fruits,Local vegetables,1333,KG,aggregate,Retail,MWK,2000.0,1.15,3,2026,100.0,1.778014929504939,True,Moderate
2022-01-15,Central Region,Dowa,Dzaleka,2421,-13.66,33.87,cereals and tubers,Maize,51,KG,aggregate,Retail,MWK,202.5,0.25,1,2022,62.000000000000014,2.161783944791771,True,Severe
2022-08-15,Central Region,Dowa,Dzaleka,2421,-13.66,33.87,cereals and tubers,Maize,51,KG,aggregate,Retail,MWK,310.0,0.3,8,2022,53.08641975308641,2.786772285343578,True,Severe
2025-03-15,Central Region,Dowa,Dzaleka,2421,-13.66,33.87,cereals and tubers,Maize,51,KG,aggregate,Retail,MWK,1700.0,0.99,3,2025,476.2711864406779,3.140153805303275,True,Critical
2023-01-15,Central Region,Dowa,Dzaleka,2421,-13.66,33.87,cereals and tubers,Maize (new harvest),1229,KG,aggregate,Retail,MWK,493.12,0.49,1,2023,208.2,2.262796680189929,True,Severe
2025-01-15,Central Region,Dowa,Dzaleka,2421,-13.66,33.87,cereals and tubers,Maize (new harvest),1229,KG,aggregate,Retail,MWK,1163.24,0.68,1,2025,32.94171428571428,2.571455512288791,True,Moderate
2025-02-15,Central Region,Dowa,Dzaleka,2421,-13.66,33.87,cereals and tubers,Maize (new harvest),1229,KG,aggregate,Retail,MWK,1497.22,0.87,2,2025,28.71118599773048,2.5828943574586116,True,Moderate
2025-03-15,Central Region,Dowa,Dzaleka,2421,-13.66,33.87,oil and fats,Oil (vegetable),96,L,aggregate,Retail,MWK,7000.0,4.06,3,2025,438.4615384615385,2.2664416258592506,True,Severe
2023-12-15,Central Region,Dowa,Dzaleka,2421,-13.66,33.87,pulses and nuts,Pigeon peas,155,KG,aggregate,Retail,MWK,1300.0,0.78,12,2023,23.809523809523814,1.5930578353129428,True,Moderate
2024-01-15,Central Region,Dowa,Dzaleka,2421,-13.66,33.87,pulses and nuts,Pigeon peas,155,KG,aggregate,Retail,MWK,1800.0,1.08,1,2024,38.46153846153846,2.023373028704605,True,Moderate
2024-11-15,Central Region,Dowa,Dzaleka,2421,-13.66,33.87,pulses and nuts,Pigeon peas,155,KG,aggregate,Retail,MWK,2500.0,1.44,11,2024,25.0,1.762649491301544,True,Moderate
2025-03-15,Central Region,Dowa,Dzaleka,2421,-13.66,33.87,pulses and nuts,Pigeon peas,155,KG,aggregate,Retail,MWK,4500.0,2.61,3,2025,50.0,2.2208774453687323,True,Severe
2025-03-15,Central Region,Dowa,Dzaleka,2421,-13.66,33.87,cereals and tubers,Rice,52,KG,aggregate,Retail,MWK,4500.0,2.61,3,2025,592.3076923076924,2.2670102328994317,True,Severe
2026-03-15,Central Region,Dowa,Dzaleka,2421,-13.66,33.87,cereals and tubers,Rice,52,KG,aggregate,Retail,MWK,5000.0,2.88,3,2026,25.0,2.1195478309686524,True,Moderate
2025-10-15,Central Region,Dowa,Dzaleka,2421,-13.66,33.87,pulses and nuts,Soybeans,248,KG,aggregate,Retail,MWK,3039.47,1.75,10,2025,21.578799999999987,1.5058910797728433,True,Moderate
2025-03-15,Central Region,Dowa,Dzaleka,2421,-13.66,33.87,miscellaneous food,Sugar,97,KG,aggregate,Retail,MWK,3700.0,2.15,3,2025,362.5,2.2677868380553634,True,Severe
2025-09-15,Central Region,Dowa,Dzaleka,2421,-13.66,33.87,cereals and tubers,Sweet potatoes,87,KG,aggregate,Retail,MWK,1111.0,0.64,9,2025,33.32053328213311,1.796330239412314,True,Moderate
2023-12-15,Central Region,Dowa,Dzaleka (inside Camp),9645,-13.66,33.87,pulses and nuts,Beans,50,KG,aggregate,Retail,MWK,2375.0,1.42,12,2023,44.486692015209115,2.5334046672173263,True,Severe
2024-01-15,Central Region,Dowa,Dzaleka (inside Camp),9645,-13.66,33.87,pulses and nuts,Beans,50,KG,aggregate,Retail,MWK,2860.0,1.72,1,2024,20.421052631578938,2.4937217036431,True,Moderate
2024-05-15,Central Region,Dowa,Dzaleka (inside Camp),9645,-13.66,33.87,pulses and nuts,Beans,50,KG,aggregate,Retail,MWK,3250.0,1.88,5,2024,28.28964248637169,1.7334800650455757,True,Moderate
2024-11-15,Central Region,Dowa,Dzaleka (inside Camp),9645,-13.66,33.87,pulses and nuts,Beans,50,KG,aggregate,Retail,MWK,4500.0,2.59,11,2024,42.85714285714286,1.87842310772068,True,Moderate
2024-09-15,Central Region,Dowa,Dzaleka (inside Camp),9645,-13.66,33.87,pulses and nuts,Cowpeas,218,KG,aggregate,Retail,MWK,2000.0,1.16,9,2024,21.212121212121215,1.8375790665387777,True,Moderate
2024-12-15,Central Region,Dowa,Dzaleka (inside Camp),9645,-13.66,33.87,pulses and nuts,Cowpeas,218,KG,aggregate,Retail,MWK,2737.5,1.58,12,2024,36.87499999999999,1.9700941993002554,True,Moderate
2025-03-15,Central Region,Dowa,Dzaleka (inside Camp),9645,-13.66,33.87,pulses and nuts,Cowpeas,218,KG,aggregate,Retail,MWK,4500.0,2.61,3,2025,45.16129032258065,2.375640225289354,True,Severe
2026-01-15,Central Region,Dowa,Dzaleka (inside Camp),9645,-13.66,33.87,vegetables and fruits,Exotic vegetables,1335,KG,aggregate,Retail,MWK,2500.0,1.44,1,2026,900.0,1.7811251130938277,True,Moderate
2026-01-15,Central Region,Dowa,Dzaleka (inside Camp),9645,-13.66,33.87,vegetables and fruits,Local vegetables,1333,KG,aggregate,Retail,MWK,1000.0,0.58,1,2026,300.0,1.7886195512707286,True,Moderate
2023-07-15,Central Region,Dowa,Dzaleka (inside Camp),9645,-13.66,33.87,cereals and tubers,Maize (new harvest),1229,KG,aggregate,Retail,MWK,608.75,0.59,7,2023,28.157894736842117,1.5268419835727034,True,Moderate
2024-04-15,Central Region,Dowa,Dzaleka (inside Camp),9645,-13.66,33.87,cereals and tubers,Maize (new harvest),1229,KG,aggregate,Retail,MWK,950.0,0.55,4,2024,29.012982780161867,1.8244330200587229,True,Moderate
2025-01-15,Central Region,Dowa,Dzaleka (inside Camp),9645,-13.66,33.87,cereals and tubers,Maize (new harvest),1229,KG,aggregate,Retail,MWK,1170.59,0.68,1,2025,33.306381815697165,2.4744291575706496,True,Moderate
2025-02-15,Central Region,Dowa,Dzaleka (inside Camp),9645,-13.66,33.87,cereals and tubers,Maize (new harvest),1229,KG,aggregate,Retail,MWK,1477.78,0.86,2,2025,26.242322247755425,2.5497082778854967,True,Moderate
2024-01-15,Central Region,Dowa,Dzaleka (inside Camp),9645,-13.66,33.87,pulses and nuts,Pigeon peas,155,KG,aggregate,Retail,MWK,1600.0,0.96,1,2024,33.33333333333333,1.9524764152641247,True,Moderate
2024-11-15,Central Region,Dowa,Dzaleka (inside Camp),9645,-13.66,33.87,pulses and nuts,Pigeon peas,155,KG,aggregate,Retail,MWK,2450.0,1.41,11,2024,22.500000000000007,1.773059391025968,True,Moderate
2025-03-15,Central Region,Dowa,Dzaleka (inside Camp),9645,-13.66,33.87,pulses and nuts,Pigeon peas,155,KG,aggregate,Retail,MWK,3800.0,2.2,3,2025,26.66666666666666,1.9249219898045007,True,Moderate
2025-07-15,Central Region,Dowa,Dzaleka (inside Camp),9645,-13.66,33.87,cereals and tubers,Sweet potatoes,87,KG,aggregate,Retail,MWK,833.33,0.48,7,2025,49.9982000143999,1.5291915780650394,True,Moderate
2025-08-15,Central Region,Dowa,Dzaleka (inside Camp),9645,-13.66,33.87,cereals and tubers,Sweet potatoes,87,KG,aggregate,Retail,MWK,1111.11,0.64,8,2025,33.33373333493333,1.785381822509489,True,Moderate
2025-10-15,Central Region,Dowa,Dzaleka (inside Camp),9645,-13.66,33.87,cereals and tubers,Sweet potatoes,87,KG,aggregate,Retail,MWK,1342.67,0.77,10,2025,20.852385238523862,1.6384215420035393,True,Moderate
2022-03-15,Central Region,Dowa,Mponela,795,-13.52,33.72,pulses and nuts,Beans,50,KG,aggregate,Retail,MWK,1550.0,1.96,3,2022,55.00000000000001,1.918333088220442,True,Moderate
2023-01-15,Central Region,Dowa,Mponela,795,-13.52,33.72,pulses and nuts,Beans,50,KG,aggregate,Retail,MWK,1912.5,1.9,1,2023,21.42857142857142,2.180837805395478,True,Moderate
2023-12-15,Central Region,Dowa,Mponela,795,-13.52,33.72,pulses and nuts,Beans,50,KG,aggregate,Retail,MWK,2500.0,1.5,12,2023,31.578947368421062,2.4002094703733174,True,Moderate
2024-09-15,Central Region,Dowa,Mponela,795,-13.52,33.72,pulses and nuts,Beans,50,KG,aggregate,Retail,MWK,3950.0,2.29,9,2024,58.00000000000001,2.480455897159705,True,Severe
2024-12-15,Central Region,Dowa,Mponela,795,-13.52,33.72,pulses and nuts,Beans,50,KG,aggregate,Retail,MWK,4706.25,2.72,12,2024,96.09375,2.064182534796518,True,Severe
2025-02-15,Central Region,Dowa,Mponela,795,-13.52,33.72,pulses and nuts,Beans,50,KG,aggregate,Retail,MWK,6166.67,3.58,2,2025,25.174211961099925,2.0919366252904226,True,Moderate
2025-03-15,Central Region,Dowa,Mponela,795,-13.52,33.72,cereals and tubers,Cassava,68,KG,aggregate,Retail,MWK,3600.0,2.09,3,2025,747.0588235294118,1.7888017761139314,True,Moderate
2023-02-15,Central Region,Dowa,Mponela,795,-13.52,33.72,pulses and nuts,Cowpeas,218,KG,aggregate,Retail,MWK,1200.0,1.18,2,2023,34.265734265734274,2.6952731445684055,True,Moderate
2023-09-15,Central Region,Dowa,Mponela,795,-13.52,33.72,pulses and nuts,Cowpeas,218,KG,aggregate,Retail,MWK,1216.67,1.11,9,2023,24.150000000000006,1.9886411047549246,True,Moderate
2025-02-15,Central Region,Dowa,Mponela,795,-13.52,33.72,pulses and nuts,Cowpeas,218,KG,aggregate,Retail,MWK,3777.78,2.19,2,2025,25.926000000000005,2.1424127337237855,True,Moderate
2026-01-15,Central Region,Dowa,Mponela,795,-13.52,33.72,vegetables and fruits,Exotic vegetables,1335,KG,aggregate,Retail,MWK,800.0,0.46,1,2026,60.00000000000001,1.555613823469626,True,Moderate
2025-12-15,Central Region,Dowa,Mponela,795,-13.52,33.72,pulses and nuts,Groundnuts (shelled),119,KG,aggregate,Retail,MWK,8500.0,4.9,12,2025,41.66666666666667,1.751625419551224,True,Moderate
2022-08-15,Central Region,Dowa,Mponela,795,-13.52,33.72,cereals and tubers,Maize,51,KG,aggregate,Retail,MWK,300.0,0.3,8,2022,66.66666666666667,1.9560028413790442,True,Moderate
2025-04-15,Central Region,Dowa,Mponela,795,-13.52,33.72,cereals and tubers,Maize,51,KG,aggregate,Retail,MWK,920.0,0.54,4,2025,206.66666666666669,3.096893719827395,True,Critical
2025-05-15,Central Region,Dowa,Mponela,795,-13.52,33.72,cereals and tubers,Maize,51,KG,aggregate,Retail,MWK,1200.0,0.69,5,2025,30.434782608695656,2.4790847755637,True,Moderate
2023-01-15,Central Region,Dowa,Mponela,795,-13.52,33.72,cereals and tubers,Maize (new harvest),1229,KG,aggregate,Retail,MWK,462.5,0.46,1,2023,168.1159420289855,2.2571430086298716,True,Severe
2023-07-15,Central Region,Dowa,Mponela,795,-13.52,33.72,cereals and tubers,Maize (new harvest),1229,KG,aggregate,Retail,MWK,612.5,0.59,7,2023,22.500000000000007,1.5624103881012792,True,Moderate
2023-12-15,Central Region,Dowa,Mponela,795,-13.52,33.72,cereals and tubers,Maize (new harvest),1229,KG,aggregate,Retail,MWK,900.0,0.54,12,2023,28.57142857142858,1.5425439676384418,True,Moderate
2025-01-15,Central Region,Dowa,Mponela,795,-13.52,33.72,cereals and tubers,Maize (new harvest),1229,KG,aggregate,Retail,MWK,1241.18,0.72,1,2025,37.43245637346089,2.6332161916403245,True,Moderate
2025-03-15,Central Region,Dowa,Mponela,795,-13.52,33.72,oil and fats,Oil (vegetable),96,L,aggregate,Retail,MWK,7000.0,4.06,3,2025,382.7586206896552,2.265459168552165,True,Severe
2023-10-15,Central Region,Dowa,Mponela,795,-13.52,33.72,pulses and nuts,Pigeon peas,155,KG,aggregate,Retail,MWK,1216.67,1.06,10,2023,62.22266666666667,2.607955232266702,True,Critical
2023-11-15,Central Region,Dowa,Mponela,795,-13.52,33.72,pulses and nuts,Pigeon peas,155,KG,aggregate,Retail,MWK,1500.0,0.9,11,2023,23.287333459360383,2.451261953666083,True,Moderate
2024-10-15,Central Region,Dowa,Mponela,795,-13.52,33.72,pulses and nuts,Pigeon peas,155,KG,aggregate,Retail,MWK,2500.0,1.44,10,2024,25.0,1.952631343094616,True,Moderate
2025-03-15,Central Region,Dowa,Mponela,795,-13.52,33.72,cereals and tubers,Rice,52,KG,aggregate,Retail,MWK,4000.0,2.32,3,2025,400.0,2.2677868380553634,True,Severe
2025-07-15,Central Region,Dowa,Mponela,795,-13.52,33.72,cereals and tubers,Rice,52,KG,aggregate,Retail,MWK,17000.0,9.81,7,2025,325.0,2.8302706139226723,True,Critical
2026-02-15,Central Region,Dowa,Mponela,795,-13.52,33.72,pulses and nuts,Soybeans,248,KG,aggregate,Retail,MWK,3000.0,1.73,2,2026,50.0,1.569978884396073,True,Moderate
2025-03-15,Central Region,Dowa,Mponela,795,-13.52,33.72,miscellaneous food,Sugar,97,KG,aggregate,Retail,MWK,3500.0,2.03,3,2025,337.5,2.2677868380553634,True,Severe
2025-06-15,Central Region,Dowa,Mponela,795,-13.52,33.72,miscellaneous food,Sugar,97,KG,aggregate,Retail,MWK,5241.38,3.02,6,2025,39.39840425531915,1.8297958247667865,True,Moderate
2025-09-15,Central Region,Dowa,Mponela,795,-13.52,33.72,cereals and tubers,Sweet potatoes,87,KG,aggregate,Retail,MWK,1111.0,0.64,9,2025,59.98502390415297,2.0405858511183483,True,Severe
2024-01-15,Central Region,Dowa,Nambuma,831,-13.7,33.6,pulses and nuts,Beans,50,KG,aggregate,Retail,MWK,2488.24,1.49,1,2024,21.377560975609743,2.1025295535483224,True,Moderate
2024-04-15,Central Region,Dowa,Nambuma,831,-13.7,33.6,pulses and nuts,Beans,50,KG,aggregate,Retail,MWK,2888.89,1.66,4,2024,44.4445,1.9194527188906572,True,Moderate
2024-09-15,Central Region,Dowa,Nambuma,831,-13.7,33.6,pulses and nuts,Beans,50,KG,aggregate,Retail,MWK,3900.0,2.26,9,2024,56.00000000000001,2.540147171554019,True,Severe
2025-02-15,Central Region,Dowa,Nambuma,831,-13.7,33.6,pulses and nuts,Cowpeas,218,KG,aggregate,Retail,MWK,3777.78,2.19,2,2025,25.926000000000005,2.16073154517088,True,Moderate
2025-09-15,Central Region,Dowa,Nambuma,831,-13.7,33.6,pulses and nuts,Cowpeas,218,KG,aggregate,Retail,MWK,5093.75,2.94,9,2025,45.53571428571428,1.9153542118552642,True,Moderate
2026-02-15,Central Region,Dowa,Nambuma,831,-13.7,33.6,vegetables and fruits,Exotic vegetables,1335,KG,aggregate,Retail,MWK,2000.0,1.15,2,2026,233.33333333333334,1.9466749293874783,True,Moderate
2026-02-15,Central Region,Dowa,Nambuma,831,-13.7,33.6,"meat, fish and eggs","Fish (small, dry)",1334,KG,aggregate,Retail,MWK,16000.0,9.23,2,2026,33.33333333333333,1.9765946491191375,True,Moderate
2025-09-15,Central Region,Dowa,Nambuma,831,-13.7,33.6,pulses and nuts,Groundnuts (shelled),119,KG,aggregate,Retail,MWK,7000.0,4.04,9,2025,55.55555555555556,1.6659878414070937,True,Moderate
2025-12-15,Central Region,Dowa,Nambuma,831,-13.7,33.6,pulses and nuts,Groundnuts (shelled),119,KG,aggregate,Retail,MWK,8750.0,5.05,12,2025,29.629629629629626,1.9196436727211035,True,Moderate
2026-02-15,Central Region,Dowa,Nambuma,831,-13.7,33.6,pulses and nuts,Groundnuts (shelled),119,KG,aggregate,Retail,MWK,11000.0,6.34,2,2026,37.5,2.168276864010475,True,Moderate
2025-12-15,Central Region,Dowa,Nambuma,831,-13.7,33.6,vegetables and fruits,Local vegetables,1333,KG,aggregate,Retail,MWK,537.5,0.31,12,2025,114.99999999999999,1.5,True,Moderate
2026-02-15,Central Region,Dowa,Nambuma,831,-13.7,33.6,vegetables and fruits,Local vegetables,1333,KG,aggregate,Retail,MWK,1000.0,0.58,2,2026,66.66666666666667,1.7353538691669583,True,Moderate
2022-01-15,Central Region,Dowa,Nambuma,831,-13.7,33.6,cereals and tubers,Maize,51,KG,aggregate,Retail,MWK,185.0,0.23,1,2022,54.16666666666667,1.5423328362923765,True,Moderate
2022-08-15,Central Region,Dowa,Nambuma,831,-13.7,33.6,cereals and tubers,Maize,51,KG,aggregate,Retail,MWK,270.0,0.27,8,2022,45.945945945945944,2.5950730025792454,True,Severe
2025-03-15,Central Region,Dowa,Nambuma,831,-13.7,33.6,cereals and tubers,Maize,51,KG,aggregate,Retail,MWK,900.0,0.52,3,2025,205.08474576271186,3.0602755887288358,True,Critical
2025-09-15,Central Region,Dowa,Nambuma,831,-13.7,33.6,cereals and tubers,Maize,51,KG,aggregate,Retail,MWK,1321.74,0.76,9,2025,56.20634639248361,2.3144822057430354,True,Severe
2025-01-15,Central Region,Dowa,Nambuma,831,-13.7,33.6,cereals and tubers,Maize (new harvest),1229,KG,aggregate,Retail,MWK,1241.18,0.72,1,2025,37.43245637346089,2.659031069805545,True,Moderate
2024-09-15,Central Region,Dowa,Nambuma,831,-13.7,33.6,pulses and nuts,Pigeon peas,155,KG,aggregate,Retail,MWK,2250.0,1.3,9,2024,30.952519526475687,2.030902191092513,True,Moderate
2026-03-15,Central Region,Dowa,Nambuma,831,-13.7,33.6,pulses and nuts,Soybeans,248,KG,aggregate,Retail,MWK,4000.0,2.31,3,2026,33.33333333333333,2.276099439067071,True,Moderate
2025-11-15,Central Region,Dowa,Nambuma,831,-13.7,33.6,miscellaneous food,Sugar,97,KG,aggregate,Retail,MWK,5250.0,3.03,11,2025,20.180751850783587,1.7667956458466272,True,Moderate
2025-10-15,Central Region,Dowa,Nambuma,831,-13.7,33.6,cereals and tubers,Sweet potatoes,87,KG,aggregate,Retail,MWK,1666.5,0.96,10,2025,1399.8649986499865,1.6017198023258785,True,Moderate
2022-03-15,Central Region,Dowa,Nsungwi,2115,-13.53,33.46,pulses and nuts,Beans,50,KG,aggregate,Retail,MWK,1450.0,1.83,3,2022,61.111111111111114,1.880986775965048,True,Moderate
2023-01-15,Central Region,Dowa,Nsungwi,2115,-13.53,33.46,pulses and nuts,Beans,50,KG,aggregate,Retail,MWK,2000.0,1.99,1,2023,37.93103448275863,2.168344052424173,True,Moderate
2024-02-15,Central Region,Dowa,Nsungwi,2115,-13.53,33.46,pulses and nuts,Beans,50,KG,aggregate,Retail,MWK,3318.18,1.99,2,2024,21.991911764705875,2.3110659016920536,True,Moderate
2024-05-15,Central Region,Dowa,Nsungwi,2115,-13.53,33.46,pulses and nuts,Beans,50,KG,aggregate,Retail,MWK,4000.0,2.31,5,2024,56.86274509803921,2.3114191889723044,True,Severe
2025-04-15,Central Region,Dowa,Nsungwi,2115,-13.53,33.46,pulses and nuts,Beans,50,KG,aggregate,Retail,MWK,6200.0,3.61,4,2025,28.83116883116883,1.7089475050664016,True,Moderate
2021-04-15,Central Region,Dowa,Nsungwi,2115,-13.53,33.46,cereals and tubers,Cassava,68,KG,aggregate,Retail,MWK,600.0,0.77,4,2021,53.846153846153854,1.5004079411196674,True,Moderate
2025-03-15,Central Region,Dowa,Nsungwi,2115,-13.53,33.46,cereals and tubers,Cassava,68,KG,aggregate,Retail,MWK,4000.0,2.32,3,2025,566.6666666666667,2.2628023359841785,True,Severe
2023-01-15,Central Region,Dowa,Nsungwi,2115,-13.53,33.46,pulses and nuts,Cowpeas,218,KG,aggregate,Retail,MWK,1000.0,0.99,1,2023,25.0,2.1820759629736184,True,Moderate
2023-09-15,Central Region,Dowa,Nsungwi,2115,-13.53,33.46,pulses and nuts,Cowpeas,218,KG,aggregate,Retail,MWK,1200.0,1.1,9,2023,25.0,1.6796226726448278,True,Moderate
2023-10-15,Central Region,Dowa,Nsungwi,2115,-13.53,33.46,pulses and nuts,Cowpeas,218,KG,aggregate,Retail,MWK,1480.0,1.29,10,2023,23.33333333333334,2.0915511847640573,True,Moderate
2024-02-15,Central Region,Dowa,Nsungwi,2115,-13.53,33.46,pulses and nuts,Cowpeas,218,KG,aggregate,Retail,MWK,2072.73,1.24,2,2024,38.182,2.183189452316199,True,Moderate
2024-09-15,Central Region,Dowa,Nsungwi,2115,-13.53,33.46,pulses and nuts,Cowpeas,218,KG,aggregate,Retail,MWK,2250.0,1.3,9,2024,25.0,1.8751836706253902,True,Moderate
2025-03-15,Central Region,Dowa,Nsungwi,2115,-13.53,33.46,pulses and nuts,Cowpeas,218,KG,aggregate,Retail,MWK,5000.0,2.9,3,2025,32.352863321845106,2.3273207528322355,True,Moderate
2026-01-15,Central Region,Dowa,Nsungwi,2115,-13.53,33.46,pulses and nuts,Groundnuts (shelled),119,KG,aggregate,Retail,MWK,10000.0,5.77,1,2026,21.212121212121215,1.8895714066840341,True,Moderate
2022-01-15,Central Region,Dowa,Nsungwi,2115,-13.53,33.46,cereals and tubers,Maize,51,KG,aggregate,Retail,MWK,196.5,0.24,1,2022,40.35714285714285,1.8193175098615055,True,Moderate
2022-08-15,Central Region,Dowa,Nsungwi,2115,-13.53,33.46,cereals and tubers,Maize,51,KG,aggregate,Retail,MWK,330.0,0.32,8,2022,67.93893129770991,2.94610338947588,True,Critical
2025-03-15,Central Region,Dowa,Nsungwi,2115,-13.53,33.46,cereals and tubers,Maize,51,KG,aggregate,Retail,MWK,1800.0,1.04,3,2025,520.6896551724138,3.1460113308407,True,Critical
2023-01-15,Central Region,Dowa,Nsungwi,2115,-13.53,33.46,cereals and tubers,Maize (new harvest),1229,KG,aggregate,Retail,MWK,500.0,0.5,1,2023,257.14285714285717,2.227778091740157,True,Severe
2025-01-15,Central Region,Dowa,Nsungwi,2115,-13.53,33.46,cereals and tubers,Maize (new harvest),1229,KG,aggregate,Retail,MWK,1229.41,0.72,1,2025,28.147638554468045,2.253894812554012,True,Moderate
2025-02-15,Central Region,Dowa,Nsungwi,2115,-13.53,33.46,cereals and tubers,Maize (new harvest),1229,KG,aggregate,Retail,MWK,1485.71,0.86,2,2025,20.84739834554785,2.321806100948329,True,Moderate
2025-03-15,Central Region,Dowa,Nsungwi,2115,-13.53,33.46,cereals and tubers,Millet,73,KG,aggregate,Retail,MWK,2508.0,1.46,3,2025,318.0,2.2510868091952037,True,Severe
2025-08-15,Central Region,Dowa,Nsungwi,2115,-13.53,33.46,cereals and tubers,Millet,73,KG,aggregate,Retail,MWK,2800.0,1.62,8,2025,211.11111111111111,1.639024892533802,True,Moderate
2025-10-15,Central Region,Dowa,Nsungwi,2115,-13.53,33.46,cereals and tubers,Millet,73,KG,aggregate,Retail,MWK,3500.0,2.02,10,2025,39.99999999999999,1.7538285669060731,True,Moderate
2025-03-15,Central Region,Dowa,Nsungwi,2115,-13.53,33.46,oil and fats,Oil (vegetable),96,L,aggregate,Retail,MWK,7000.0,4.06,3,2025,366.6666666666667,2.2664067824823135,True,Severe
2023-01-15,Central Region,Dowa,Nsungwi,2115,-13.53,33.46,pulses and nuts,Pigeon peas,155,KG,aggregate,Retail,MWK,900.0,0.89,1,2023,50.0,2.1319351192546088,True,Severe
2023-02-15,Central Region,Dowa,Nsungwi,2115,-13.53,33.46,pulses and nuts,Pigeon peas,155,KG,aggregate,Retail,MWK,1200.0,1.18,2,2023,33.33333333333333,2.1841899570438135,True,Moderate
2023-09-15,Central Region,Dowa,Nsungwi,2115,-13.53,33.46,pulses and nuts,Pigeon peas,155,KG,aggregate,Retail,MWK,1300.0,1.19,9,2023,47.72727272727273,1.9823093968421714,True,Moderate
2024-02-15,Central Region,Dowa,Nsungwi,2115,-13.53,33.46,pulses and nuts,Pigeon peas,155,KG,aggregate,Retail,MWK,2136.36,1.28,2,2024,36.07388535031848,2.109254666497737,True,Moderate
2025-03-15,Central Region,Dowa,Nsungwi,2115,-13.53,33.46,pulses and nuts,Pigeon peas,155,KG,aggregate,Retail,MWK,5000.0,2.9,3,2025,56.52195690011395,2.464179159979424,True,Severe
2021-03-15,Central Region,Dowa,Nsungwi,2115,-13.53,33.46,cereals and tubers,Potatoes,83,KG,aggregate,Retail,MWK,475.0,0.61,3,2021,43.939393939393945,1.7351705611040327,True,Moderate
2025-03-15,Central Region,Dowa,Nsungwi,2115,-13.53,33.46,cereals and tubers,Rice,52,KG,aggregate,Retail,MWK,4500.0,2.61,3,2025,650.0,2.265772514225928,True,Severe
2025-03-15,Central Region,Dowa,Nsungwi,2115,-13.53,33.46,cereals and tubers,Sorghum,65,KG,aggregate,Retail,MWK,2500.0,1.45,3,2025,257.14285714285717,2.251466621149903,True,Severe
2025-08-15,Central Region,Dowa,Nsungwi,2115,-13.53,33.46,cereals and tubers,Sorghum,65,KG,aggregate,Retail,MWK,3000.0,1.73,8,2025,252.94117647058823,1.7668560468325862,True,Moderate
2025-10-15,Central Region,Dowa,Nsungwi,2115,-13.53,33.46,cereals and tubers,Sorghum,65,KG,aggregate,Retail,MWK,3500.0,2.02,10,2025,39.99999999999999,1.6817192840534776,True,Moderate
2025-10-15,Central Region,Dowa,Nsungwi,2115,-13.53,33.46,pulses and nuts,Soybeans,248,KG,aggregate,Retail,MWK,3250.0,1.87,10,2025,30.000000000000004,2.0528004706299536,True,Moderate
2025-03-15,Central Region,Dowa,Nsungwi,2115,-13.53,33.46,miscellaneous food,Sugar,97,KG,aggregate,Retail,MWK,3500.0,2.03,3,2025,337.5,2.2672268338037074,True,Severe
2025-06-15,Central Region,Dowa,Nsungwi,2115,-13.53,33.46,miscellaneous food,Sugar,97,KG,aggregate,Retail,MWK,5261.67,3.03,6,2025,26.296346969489658,1.7634207748089297,True,Moderate
2025-03-15,Central Region,Dowa,Nsungwi,2115,-13.53,33.46,cereals and tubers,Sweet potatoes,87,KG,aggregate,Retail,MWK,1111.11,0.64,3,2025,270.36999999999995,2.180333830070126,True,Severe
2023-01-15,Northern Region,Karonga,Karonga Boma,779,-9.93,33.93,pulses and nuts,Beans,50,KG,aggregate,Retail,MWK,1675.0,1.66,1,2023,157.6923076923077,2.3329776646622378,True,Severe
2024-01-15,Northern Region,Karonga,Karonga Boma,779,-9.93,33.93,pulses and nuts,Beans,50,KG,aggregate,Retail,MWK,2425.0,1.45,1,2024,22.78481012658229,2.4035942486578947,True,Moderate
2024-09-15,Northern Region,Karonga,Karonga Boma,779,-9.93,33.93,pulses and nuts,Beans,50,KG,aggregate,Retail,MWK,3281.25,1.9,9,2024,49.14772727272727,2.35641798107352,True,Severe
2025-01-15,Northern Region,Karonga,Karonga Boma,779,-9.93,33.93,pulses and nuts,Beans,50,KG,aggregate,Retail,MWK,4600.0,2.68,1,2025,31.428571428571427,2.0253014899190913,True,Moderate
2025-04-15,Northern Region,Karonga,Karonga Boma,779,-9.93,33.93,pulses and nuts,Beans,50,KG,aggregate,Retail,MWK,6000.0,3.49,4,2025,31.54692607720491,2.026706176177929,True,Moderate
2025-09-15,Northern Region,Karonga,Karonga Boma,779,-9.93,33.93,pulses and nuts,Beans,50,KG,aggregate,Retail,MWK,6352.17,3.66,9,2025,27.043400000000005,1.7295153296839778,True,Moderate
2025-06-15,Northern Region,Karonga,Karonga Boma,779,-9.93,33.93,cereals and tubers,Cassava,68,KG,aggregate,Retail,MWK,2000.0,1.15,6,2025,566.6666666666667,2.462124885370469,True,Severe
2023-01-15,Northern Region,Karonga,Karonga Boma,779,-9.93,33.93,pulses and nuts,Cowpeas,218,KG,aggregate,Retail,MWK,1000.0,0.99,1,2023,46.342177278913546,1.9178005820401478,True,Moderate
2023-12-15,Northern Region,Karonga,Karonga Boma,779,-9.93,33.93,pulses and nuts,Cowpeas,218,KG,aggregate,Retail,MWK,1600.0,0.96,12,2023,25.49019607843137,2.007696395437424,True,Moderate
2025-02-15,Northern Region,Karonga,Karonga Boma,779,-9.93,33.93,pulses and nuts,Cowpeas,218,KG,aggregate,Retail,MWK,3000.0,1.74,2,2025,50.0,2.4552083025359046,True,Severe
2026-01-15,Northern Region,Karonga,Karonga Boma,779,-9.93,33.93,vegetables and fruits,Exotic vegetables,1335,KG,aggregate,Retail,MWK,1500.0,0.87,1,2026,126.41509433962264,1.6971944194120658,True,Moderate
2026-01-15,Northern Region,Karonga,Karonga Boma,779,-9.93,33.93,vegetables and fruits,Local vegetables,1333,KG,aggregate,Retail,MWK,1200.0,0.69,1,2026,247.82608695652172,1.7695922916360944,True,Moderate
2022-09-15,Northern Region,Karonga,Karonga Boma,779,-9.93,33.93,cereals and tubers,Maize,51,KG,aggregate,Retail,MWK,346.5,0.34,9,2022,82.36842105263158,2.984500953099739,True,Critical
2025-09-15,Northern Region,Karonga,Karonga Boma,779,-9.93,33.93,cereals and tubers,Maize,51,KG,aggregate,Retail,MWK,1150.87,0.66,9,2025,232.14141414141412,3.101053411067215,True,Critical
2023-01-15,Northern Region,Karonga,Karonga Boma,779,-9.93,33.93,cereals and tubers,Maize (new harvest),1229,KG,aggregate,Retail,MWK,487.5,0.48,1,2023,204.6875,2.454243085822743,True,Severe
2023-02-15,Northern Region,Karonga,Karonga Boma,779,-9.93,33.93,cereals and tubers,Maize (new harvest),1229,KG,aggregate,Retail,MWK,1136.46,1.12,2,2023,133.12,2.51832473054536,True,Critical
2025-01-15,Northern Region,Karonga,Karonga Boma,779,-9.93,33.93,cereals and tubers,Maize (new harvest),1229,KG,aggregate,Retail,MWK,1000.0,0.58,1,2025,35.13513513513513,2.3256965286815263,True,Moderate
2025-02-15,Northern Region,Karonga,Karonga Boma,779,-9.93,33.93,cereals and tubers,Maize (new harvest),1229,KG,aggregate,Retail,MWK,1225.0,0.71,2,2025,22.500000000000007,2.3595526155257573,True,Moderate
2025-03-15,Northern Region,Karonga,Karonga Boma,779,-9.93,33.93,cereals and tubers,Maize (new harvest),1229,KG,aggregate,Retail,MWK,1516.67,0.88,3,2025,23.80979591836736,2.314167290169042,True,Moderate
2025-05-15,Northern Region,Karonga,Karonga Boma,779,-9.93,33.93,cereals and tubers,Millet,73,KG,aggregate,Retail,MWK,1800.0,1.04,5,2025,260.0,2.4597711703551104,True,Severe
2025-08-15,Northern Region,Karonga,Karonga Boma,779,-9.93,33.93,cereals and tubers,Millet,73,KG,aggregate,Retail,MWK,3000.0,1.73,8,2025,66.66666666666667,2.3209244827265945,True,Severe
2025-03-15,Northern Region,Karonga,Karonga Boma,779,-9.93,33.93,oil and fats,Oil (vegetable),96,L,aggregate,Retail,MWK,8000.0,4.64,3,2025,433.3333333333333,2.4709448183092926,True,Severe
2023-11-15,Northern Region,Karonga,Karonga Boma,779,-9.93,33.93,pulses and nuts,Pigeon peas,155,KG,aggregate,Retail,MWK,950.0,0.57,11,2023,245.45454545454547,1.8819316317727026,True,Moderate
2023-12-15,Northern Region,Karonga,Karonga Boma,779,-9.93,33.93,pulses and nuts,Pigeon peas,155,KG,aggregate,Retail,MWK,1400.0,0.84,12,2023,47.36842105263157,1.9245008972987525,True,Moderate
2024-01-15,Northern Region,Karonga,Karonga Boma,779,-9.93,33.93,pulses and nuts,Pigeon peas,155,KG,aggregate,Retail,MWK,1700.0,1.02,1,2024,21.42857142857142,1.7747500193504457,True,Moderate
2025-01-15,Northern Region,Karonga,Karonga Boma,779,-9.93,33.93,pulses and nuts,Pigeon peas,155,KG,aggregate,Retail,MWK,3000.0,1.75,1,2025,50.0,1.9168720104328105,True,Moderate
2026-02-15,Northern Region,Karonga,Karonga Boma,779,-9.93,33.93,pulses and nuts,Pigeon peas,155,KG,aggregate,Retail,MWK,3750.0,2.16,2,2026,25.0,2.121263016295523,True,Moderate
2025-04-15,Northern Region,Karonga,Karonga Boma,779,-9.93,33.93,cereals and tubers,Rice,52,KG,aggregate,Retail,MWK,2500.0,1.46,4,2025,284.61538461538464,2.6523735274587534,True,Critical
2025-09-15,Northern Region,Karonga,Karonga Boma,779,-9.93,33.93,cereals and tubers,Rice,52,KG,aggregate,Retail,MWK,3250.0,1.87,9,2025,30.000000000000004,2.015427749730679,True,Moderate
2026-02-15,Northern Region,Karonga,Karonga Boma,779,-9.93,33.93,pulses and nuts,Soybeans,248,KG,aggregate,Retail,MWK,4500.0,2.6,2,2026,28.57142857142858,2.142653792729429,True,Moderate
2025-03-15,Northern Region,Karonga,Karonga Boma,779,-9.93,33.93,miscellaneous food,Sugar,97,KG,aggregate,Retail,MWK,3500.0,2.03,3,2025,337.5,2.473174880744091,True,Severe
2025-05-15,Northern Region,Karonga,Karonga Boma,779,-9.93,33.93,miscellaneous food,Sugar,97,KG,aggregate,Retail,MWK,4514.52,2.6,5,2025,26.45714285714287,1.8646451710547127,True,Moderate
2025-04-15,Northern Region,Karonga,Karonga Boma,779,-9.93,33.93,cereals and tubers,Sweet potatoes,87,KG,aggregate,Retail,MWK,875.0,0.51,4,2025,337.5,2.391411943144776,True,Severe
2025-10-15,Northern Region,Karonga,Karonga Boma,779,-9.93,33.93,cereals and tubers,Sweet potatoes,87,KG,aggregate,Retail,MWK,1111.0,0.64,10,2025,33.3733493397359,1.8938150282412076,True,Moderate
2023-01-15,Northern Region,Karonga,Uliwa,2118,-10.45,34.21,pulses and nuts,Beans,50,KG,aggregate,Retail,MWK,1650.0,1.64,1,2023,83.33333333333333,3.0843276754138946,True,Critical
2024-09-15,Northern Region,Karonga,Uliwa,2118,-10.45,34.21,pulses and nuts,Beans,50,KG,aggregate,Retail,MWK,3468.75,2.01,9,2024,73.4375,2.922278463633185,True,Critical
2025-01-15,Northern Region,Karonga,Uliwa,2118,-10.45,34.21,pulses and nuts,Beans,50,KG,aggregate,Retail,MWK,4250.0,2.48,1,2025,21.42857142857142,1.8044239985297748,True,Moderate
2025-05-15,Northern Region,Karonga,Uliwa,2118,-10.45,34.21,pulses and nuts,Beans,50,KG,aggregate,Retail,MWK,6000.0,3.46,5,2025,27.810771891855058,2.065308195932557,True,Moderate
2025-09-15,Northern Region,Karonga,Uliwa,2118,-10.45,34.21,cereals and tubers,Cassava,68,KG,aggregate,Retail,MWK,2800.0,1.62,9,2025,646.6666666666666,2.2581239932003525,True,Severe
2025-11-15,Northern Region,Karonga,Uliwa,2118,-10.45,34.21,cereals and tubers,Cassava,68,KG,aggregate,Retail,MWK,4000.0,2.31,11,2025,100.0,2.0357037568317238,True,Severe
2023-04-15,Northern Region,Karonga,Uliwa,2118,-10.45,34.21,pulses and nuts,Cowpeas,218,KG,aggregate,Retail,MWK,900.0,0.89,4,2023,50.0,1.9843999353340231,True,Moderate
2023-10-15,Northern Region,Karonga,Uliwa,2118,-10.45,34.21,pulses and nuts,Cowpeas,218,KG,aggregate,Retail,MWK,1200.0,1.05,10,2023,33.33333333333333,2.5153466569716794,True,Moderate
2023-12-15,Northern Region,Karonga,Uliwa,2118,-10.45,34.21,pulses and nuts,Cowpeas,218,KG,aggregate,Retail,MWK,1525.0,0.91,12,2023,27.083333333333325,2.470841512881791,True,Moderate
2025-09-15,Northern Region,Karonga,Uliwa,2118,-10.45,34.21,pulses and nuts,Cowpeas,218,KG,aggregate,Retail,MWK,4500.0,2.6,9,2025,155.1541130843029,2.9337677016105967,True,Critical
2026-02-15,Northern Region,Karonga,Uliwa,2118,-10.45,34.21,pulses and nuts,Groundnuts (shelled),119,KG,aggregate,Retail,MWK,9000.0,5.19,2,2026,50.0,2.243158981108985,True,Severe
2022-09-15,Northern Region,Karonga,Uliwa,2118,-10.45,34.21,cereals and tubers,Maize,51,KG,aggregate,Retail,MWK,332.5,0.33,9,2022,84.72222222222223,2.9512668627729792,True,Critical
2025-09-15,Northern Region,Karonga,Uliwa,2118,-10.45,34.21,cereals and tubers,Maize,51,KG,aggregate,Retail,MWK,1226.09,0.71,9,2025,268.7488721804511,3.1240460111417283,True,Critical
2023-01-15,Northern Region,Karonga,Uliwa,2118,-10.45,34.21,cereals and tubers,Maize (new harvest),1229,KG,aggregate,Retail,MWK,490.0,0.49,1,2023,292.0,2.2357471380985134,True,Severe
2023-04-15,Northern Region,Karonga,Uliwa,2118,-10.45,34.21,cereals and tubers,Maize (new harvest),1229,KG,aggregate,Retail,MWK,687.5,0.68,4,2023,40.3061224489796,1.9183290302794218,True,Moderate
2024-09-15,Northern Region,Karonga,Uliwa,2118,-10.45,34.21,cereals and tubers,Maize (new harvest),1229,KG,aggregate,Retail,MWK,733.44,0.42,9,2024,22.240000000000016,1.600762130595771,True,Moderate
2025-01-15,Northern Region,Karonga,Uliwa,2118,-10.45,34.21,cereals and tubers,Maize (new harvest),1229,KG,aggregate,Retail,MWK,1150.0,0.67,1,2025,50.326797385620914,2.82958980557855,True,Severe
2025-05-15,Northern Region,Karonga,Uliwa,2118,-10.45,34.21,cereals and tubers,Millet,73,KG,aggregate,Retail,MWK,2000.0,1.15,5,2025,207.6923076923077,2.225320236668193,True,Severe
2025-08-15,Northern Region,Karonga,Uliwa,2118,-10.45,34.21,cereals and tubers,Millet,73,KG,aggregate,Retail,MWK,3000.0,1.73,8,2025,50.0,1.9706388069401921,True,Moderate
2025-11-15,Northern Region,Karonga,Uliwa,2118,-10.45,34.21,cereals and tubers,Millet,73,KG,aggregate,Retail,MWK,5000.0,2.88,11,2025,150.0,2.384075466371334,True,Severe
2025-03-15,Northern Region,Karonga,Uliwa,2118,-10.45,34.21,oil and fats,Oil (vegetable),96,L,aggregate,Retail,MWK,7500.0,4.35,3,2025,316.6666666666667,2.25745517542433,True,Severe
2023-12-15,Northern Region,Karonga,Uliwa,2118,-10.45,34.21,pulses and nuts,Pigeon peas,155,KG,aggregate,Retail,MWK,1475.0,0.88,12,2023,40.47619047619047,1.5795079489590238,True,Moderate
2025-10-15,Northern Region,Karonga,Uliwa,2118,-10.45,34.21,pulses and nuts,Pigeon peas,155,KG,aggregate,Retail,MWK,3500.0,2.02,10,2025,66.66666666666667,2.181032092968546,True,Severe
2026-02-15,Northern Region,Karonga,Uliwa,2118,-10.45,34.21,pulses and nuts,Pigeon peas,155,KG,aggregate,Retail,MWK,4500.0,2.6,2,2026,28.57142857142858,1.9307046788342983,True,Moderate
2025-06-15,Northern Region,Karonga,Uliwa,2118,-10.45,34.21,cereals and tubers,Rice,52,KG,aggregate,Retail,MWK,3500.0,2.02,6,2025,636.8421052631579,2.2641734698149287,True,Severe
2025-09-15,Northern Region,Karonga,Uliwa,2118,-10.45,34.21,cereals and tubers,Rice,52,KG,aggregate,Retail,MWK,3750.0,2.16,9,2025,25.0,1.5459375146341108,True,Moderate
2025-11-15,Northern Region,Karonga,Uliwa,2118,-10.45,34.21,pulses and nuts,Soybeans,248,KG,aggregate,Retail,MWK,4625.0,2.67,11,2025,23.33333333333334,1.6423844825685485,True,Moderate
2025-03-15,Northern Region,Karonga,Uliwa,2118,-10.45,34.21,miscellaneous food,Sugar,97,KG,aggregate,Retail,MWK,3500.0,2.03,3,2025,337.5,2.2677868380553634,True,Severe
2025-06-15,Northern Region,Karonga,Uliwa,2118,-10.45,34.21,miscellaneous food,Sugar,97,KG,aggregate,Retail,MWK,5466.67,3.15,6,2025,30.610348156006005,1.8096212757870243,True,Moderate
2025-03-15,Northern Region,Karonga,Uliwa,2118,-10.45,34.21,cereals and tubers,Sweet potatoes,87,KG,aggregate,Retail,MWK,833.33,0.48,3,2025,316.6650000000001,1.9184569917591123,True,Moderate
2025-10-15,Northern Region,Karonga,Uliwa,2118,-10.45,34.21,cereals and tubers,Sweet potatoes,87,KG,aggregate,Retail,MWK,1111.0,0.64,10,2025,33.3733493397359,1.8688447801694446,True,Moderate
2023-01-15,Central Region,Kasungu,Kasungu Boma,780,-13.03,33.48,pulses and nuts,Beans,50,KG,aggregate,Retail,MWK,1800.0,1.79,1,2023,56.52173913043479,1.775576218509603,True,Moderate
2023-10-15,Central Region,Kasungu,Kasungu Boma,780,-13.03,33.48,pulses and nuts,Beans,50,KG,aggregate,Retail,MWK,1950.0,1.7,10,2023,21.875,1.8091378946541707,True,Moderate
2023-11-15,Central Region,Kasungu,Kasungu Boma,780,-13.03,33.48,pulses and nuts,Beans,50,KG,aggregate,Retail,MWK,2450.0,1.47,11,2023,25.64102564102564,2.363922763033921,True,Moderate
2025-02-15,Central Region,Kasungu,Kasungu Boma,780,-13.03,33.48,pulses and nuts,Beans,50,KG,aggregate,Retail,MWK,5631.58,3.27,2,2025,40.78949999999999,2.4318054472980077,True,Severe
2025-09-15,Central Region,Kasungu,Kasungu Boma,780,-13.03,33.48,pulses and nuts,Beans,50,KG,aggregate,Retail,MWK,7218.75,4.16,9,2025,28.766905812638456,1.8279045241399843,True,Moderate
2025-09-15,Central Region,Kasungu,Kasungu Boma,780,-13.03,33.48,cereals and tubers,Cassava,68,KG,aggregate,Retail,MWK,2500.0,1.44,9,2025,2400.0,1.5,True,Moderate
2023-01-15,Central Region,Kasungu,Kasungu Boma,780,-13.03,33.48,pulses and nuts,Cowpeas,218,KG,aggregate,Retail,MWK,1000.0,0.99,1,2023,60.00000000000001,2.1784685774874064,True,Severe
2024-02-15,Central Region,Kasungu,Kasungu Boma,780,-13.03,33.48,pulses and nuts,Cowpeas,218,KG,aggregate,Retail,MWK,1909.09,1.15,2,2024,21.212063492063482,1.9670066239059587,True,Moderate
2024-09-15,Central Region,Kasungu,Kasungu Boma,780,-13.03,33.48,pulses and nuts,Cowpeas,218,KG,aggregate,Retail,MWK,2487.5,1.44,9,2024,55.46875,2.4845796879063164,True,Severe
2025-02-15,Central Region,Kasungu,Kasungu Boma,780,-13.03,33.48,pulses and nuts,Cowpeas,218,KG,aggregate,Retail,MWK,3631.58,2.11,2,2025,48.2277551020408,2.376693325800153,True,Severe
2025-09-15,Central Region,Kasungu,Kasungu Boma,780,-13.03,33.48,pulses and nuts,Groundnuts (shelled),119,KG,aggregate,Retail,MWK,7000.0,4.04,9,2025,33.33333333333333,1.7036273677908311,True,Moderate
2026-01-15,Central Region,Kasungu,Kasungu Boma,780,-13.03,33.48,vegetables and fruits,Local vegetables,1333,KG,aggregate,Retail,MWK,1200.0,0.69,1,2026,140.0,1.6931914804029002,True,Moderate
2022-09-15,Central Region,Kasungu,Kasungu Boma,780,-13.03,33.48,cereals and tubers,Maize,51,KG,aggregate,Retail,MWK,303.5,0.3,9,2022,89.68750000000001,2.976163288680722,True,Critical
2025-04-15,Central Region,Kasungu,Kasungu Boma,780,-13.03,33.48,cereals and tubers,Maize,51,KG,aggregate,Retail,MWK,1264.58,0.74,4,2025,316.665568369028,3.135276462098993,True,Critical
2023-01-15,Central Region,Kasungu,Kasungu Boma,780,-13.03,33.48,cereals and tubers,Maize (new harvest),1229,KG,aggregate,Retail,MWK,450.0,0.45,1,2023,210.3448275862069,2.2585571815867267,True,Severe
2025-02-15,Central Region,Kasungu,Kasungu Boma,780,-13.03,33.48,cereals and tubers,Maize (new harvest),1229,KG,aggregate,Retail,MWK,1352.63,0.79,2,2025,103.40300751879701,2.808409480619907,True,Critical
2025-06-15,Central Region,Kasungu,Kasungu Boma,780,-13.03,33.48,cereals and tubers,Millet,73,KG,aggregate,Retail,MWK,3000.0,1.73,6,2025,566.6666666666667,2.2625154697514565,True,Severe
2025-10-15,Central Region,Kasungu,Kasungu Boma,780,-13.03,33.48,cereals and tubers,Millet,73,KG,aggregate,Retail,MWK,4520.83,2.61,10,2025,50.69433333333333,2.0382246281646097,True,Severe
2025-04-15,Central Region,Kasungu,Kasungu Boma,780,-13.03,33.48,oil and fats,Oil (vegetable),96,L,aggregate,Retail,MWK,8197.92,4.77,4,2025,662.5972093023256,2.267498631804432,True,Severe
2025-02-15,Central Region,Kasungu,Kasungu Boma,780,-13.03,33.48,pulses and nuts,Pigeon peas,155,KG,aggregate,Retail,MWK,5000.0,2.9,2,2025,169.60718233533743,1.943668565236721,True,Moderate
2025-04-15,Central Region,Kasungu,Kasungu Boma,780,-13.03,33.48,cereals and tubers,Rice,52,KG,aggregate,Retail,MWK,5700.0,3.32,4,2025,714.2857142857142,2.2674710095042494,True,Severe
2025-04-15,Central Region,Kasungu,Kasungu Boma,780,-13.03,33.48,miscellaneous food,Sugar,97,KG,aggregate,Retail,MWK,3558.33,2.07,4,2025,318.62705882352935,2.2677407133745677,True,Severe
2025-05-15,Central Region,Kasungu,Kasungu Boma,780,-13.03,33.48,miscellaneous food,Sugar,97,KG,aggregate,Retail,MWK,4661.29,2.69,5,2025,30.996562994438403,1.9490523699246178,True,Moderate
2025-04-15,Central Region,Kasungu,Kasungu Boma,780,-13.03,33.48,cereals and tubers,Sweet potatoes,87,KG,aggregate,Retail,MWK,833.33,0.49,4,2025,177.7766666666667,2.220401411305145,True,Severe
2025-08-15,Central Region,Kasungu,Kasungu Boma,780,-13.03,33.48,cereals and tubers,Sweet potatoes,87,KG,aggregate,Retail,MWK,833.33,0.48,8,2025,49.9982000143999,1.598119695560953,True,Moderate
2025-10-15,Central Region,Kasungu,Kasungu Boma,780,-13.03,33.48,cereals and tubers,Sweet potatoes,87,KG,aggregate,Retail,MWK,1111.0,0.64,10,2025,99.82014388489209,2.0475487511613624,True,Severe
2026-01-15,Central Region,Kasungu,Kasungu Boma,780,-13.03,33.48,cereals and tubers,Sweet potatoes,87,KG,aggregate,Retail,MWK,1111.0,0.64,1,2026,33.29334133173365,1.5550375559329128,True,Moderate
2023-12-15,Central Region,Kasungu,Nkhamenya,807,-12.57,33.52,pulses and nuts,Beans,50,KG,aggregate,Retail,MWK,2400.0,1.44,12,2023,33.33333333333333,2.23213588265339,True,Moderate
2024-02-15,Central Region,Kasungu,Nkhamenya,807,-12.57,33.52,pulses and nuts,Beans,50,KG,aggregate,Retail,MWK,3500.0,2.1,2,2024,28.787739407208424,2.295730116652455,True,Moderate
2024-10-15,Central Region,Kasungu,Nkhamenya,807,-12.57,33.52,pulses and nuts,Beans,50,KG,aggregate,Retail,MWK,3500.0,2.02,10,2024,21.212121212121215,1.649584045994724,True,Moderate
2025-02-15,Central Region,Kasungu,Nkhamenya,807,-12.57,33.52,pulses and nuts,Beans,50,KG,aggregate,Retail,MWK,5041.67,2.93,2,2025,44.04771428571428,2.357464226247435,True,Severe
2025-09-15,Central Region,Kasungu,Nkhamenya,807,-12.57,33.52,cereals and tubers,Cassava,68,KG,aggregate,Retail,MWK,2000.0,1.15,9,2025,1233.3333333333335,1.788854381999832,True,Moderate
2023-06-15,Central Region,Kasungu,Nkhamenya,807,-12.57,33.52,pulses and nuts,Cowpeas,218,KG,aggregate,Retail,MWK,1000.0,0.98,6,2023,90.47619047619047,1.7888543819998317,True,Moderate
2023-09-15,Central Region,Kasungu,Nkhamenya,807,-12.57,33.52,pulses and nuts,Cowpeas,218,KG,aggregate,Retail,MWK,1200.0,1.1,9,2023,71.42857142857142,1.752154493484635,True,Moderate
2023-12-15,Central Region,Kasungu,Nkhamenya,807,-12.57,33.52,pulses and nuts,Cowpeas,218,KG,aggregate,Retail,MWK,1700.0,1.02,12,2023,54.54545454545454,1.871909077655399,True,Moderate
2025-02-15,Central Region,Kasungu,Nkhamenya,807,-12.57,33.52,pulses and nuts,Cowpeas,218,KG,aggregate,Retail,MWK,3500.0,2.03,2,2025,75.0,2.461994011612339,True,Severe
2025-11-15,Central Region,Kasungu,Nkhamenya,807,-12.57,33.52,pulses and nuts,Groundnuts (shelled),119,KG,aggregate,Retail,MWK,10000.0,5.77,11,2025,42.85714285714286,2.098471564148834,True,Severe
2026-03-15,Central Region,Kasungu,Nkhamenya,807,-12.57,33.52,pulses and nuts,Groundnuts (shelled),119,KG,aggregate,Retail,MWK,12000.0,6.92,3,2026,50.0,1.880839913897677,True,Moderate
2022-08-15,Central Region,Kasungu,Nkhamenya,807,-12.57,33.52,cereals and tubers,Maize,51,KG,aggregate,Retail,MWK,250.0,0.25,8,2022,47.058823529411775,2.361062533437585,True,Severe
2025-04-15,Central Region,Kasungu,Nkhamenya,807,-12.57,33.52,cereals and tubers,Maize,51,KG,aggregate,Retail,MWK,1330.0,0.77,4,2025,383.6363636363636,3.1340727789367304,True,Critical
2025-09-15,Central Region,Kasungu,Nkhamenya,807,-12.57,33.52,cereals and tubers,Maize,51,KG,aggregate,Retail,MWK,1143.48,0.66,9,2025,89.14564552146227,1.7966233166006405,True,Moderate
2023-04-15,Central Region,Kasungu,Nkhamenya,807,-12.57,33.52,cereals and tubers,Maize (new harvest),1229,KG,aggregate,Retail,MWK,375.0,0.37,4,2023,212.5,2.2315407979600854,True,Severe
2025-02-15,Central Region,Kasungu,Nkhamenya,807,-12.57,33.52,cereals and tubers,Maize (new harvest),1229,KG,aggregate,Retail,MWK,1381.25,0.8,2,2025,104.62962962962963,2.866284162130566,True,Critical
2025-03-15,Central Region,Kasungu,Nkhamenya,807,-12.57,33.52,cereals and tubers,Maize (new harvest),1229,KG,aggregate,Retail,MWK,1677.78,0.97,3,2025,21.468235294117655,2.438826275727868,True,Moderate
2025-10-15,Central Region,Kasungu,Nkhamenya,807,-12.57,33.52,cereals and tubers,Millet,73,KG,aggregate,Retail,MWK,2300.0,1.33,10,2025,411.1111111111111,1.5,True,Moderate
2025-04-15,Central Region,Kasungu,Nkhamenya,807,-12.57,33.52,oil and fats,Oil (vegetable),96,L,aggregate,Retail,MWK,7975.0,4.64,4,2025,578.7234042553192,2.2667494549626013,True,Severe
2024-01-15,Central Region,Kasungu,Nkhamenya,807,-12.57,33.52,pulses and nuts,Pigeon peas,155,KG,aggregate,Retail,MWK,1600.0,0.96,1,2024,255.55555555555554,1.7888543819998317,True,Moderate
2024-02-15,Central Region,Kasungu,Nkhamenya,807,-12.57,33.52,pulses and nuts,Pigeon peas,155,KG,aggregate,Retail,MWK,2000.0,1.2,2,2024,25.0,1.552532951578501,True,Moderate
2025-02-15,Central Region,Kasungu,Nkhamenya,807,-12.57,33.52,pulses and nuts,Pigeon peas,155,KG,aggregate,Retail,MWK,3000.0,1.74,2,2025,50.0,1.7580159361611323,True,Moderate
2026-01-15,Central Region,Kasungu,Nkhamenya,807,-12.57,33.52,pulses and nuts,Pigeon peas,155,KG,aggregate,Retail,MWK,4111.11,2.37,1,2026,37.036999999999985,1.5975814022661996,True,Moderate
2026-02-15,Central Region,Kasungu,Nkhamenya,807,-12.57,33.52,pulses and nuts,Pigeon peas,155,KG,aggregate,Retail,MWK,4937.5,2.85,2,2026,20.101383811184824,1.7659043512029766,True,Moderate
2025-04-15,Central Region,Kasungu,Nkhamenya,807,-12.57,33.52,cereals and tubers,Rice,52,KG,aggregate,Retail,MWK,5000.0,2.91,4,2025,589.655172413793,2.47421672249138,True,Severe
2026-02-15,Central Region,Kasungu,Nkhamenya,807,-12.57,33.52,pulses and nuts,Soybeans,248,KG,aggregate,Retail,MWK,4000.0,2.31,2,2026,33.33333333333333,1.8235292327455093,True,Moderate
2025-04-15,Central Region,Kasungu,Nkhamenya,807,-12.57,33.52,miscellaneous food,Sugar,97,KG,aggregate,Retail,MWK,3780.0,2.2,4,2025,320.0,2.2677868380553634,True,Severe
2025-05-15,Central Region,Kasungu,Nkhamenya,807,-12.57,33.52,miscellaneous food,Sugar,97,KG,aggregate,Retail,MWK,4683.87,2.7,5,2025,23.91190476190477,1.890153163992654,True,Moderate
2025-04-15,Central Region,Kasungu,Nkhamenya,807,-12.57,33.52,cereals and tubers,Sweet potatoes,87,KG,aggregate,Retail,MWK,1111.11,0.65,4,2025,270.36999999999995,2.2677868380553634,True,Severe
2025-10-15,Central Region,Kasungu,Nkhamenya,807,-12.57,33.52,cereals and tubers,Sweet potatoes,87,KG,aggregate,Retail,MWK,1111.0,0.64,10,2025,99.82014388489209,1.8895600877772463,True,Moderate
2026-01-15,Central Region,Kasungu,Nkhamenya,807,-12.57,33.52,vegetables and fruits,Tomatoes,114,KG,aggregate,Retail,MWK,3000.0,1.73,1,2026,133.1002331002331,1.7551800348961886,True,Moderate
2023-11-15,Central Region,Lilongwe,Area 23,2111,-14.03,33.49,pulses and nuts,Beans,50,KG,aggregate,Retail,MWK,2000.0,1.2,11,2023,100.0,2.344949939147313,True,Severe
2024-01-15,Central Region,Lilongwe,Area 23,2111,-14.03,33.49,pulses and nuts,Beans,50,KG,aggregate,Retail,MWK,2835.29,1.7,1,2024,23.273478260869563,1.9854576844516136,True,Moderate
2025-02-15,Central Region,Lilongwe,Area 23,2111,-14.03,33.49,pulses and nuts,Beans,50,KG,aggregate,Retail,MWK,6000.0,3.48,2,2025,80.82201688877639,2.617852528083353,True,Critical
2025-09-15,Central Region,Lilongwe,Area 23,2111,-14.03,33.49,pulses and nuts,Beans,50,KG,aggregate,Retail,MWK,6777.78,3.91,9,2025,29.787331824396503,1.8616356541570787,True,Moderate
2021-02-15,Central Region,Lilongwe,Area 23,2111,-14.03,33.49,pulses and nuts,Cowpeas,218,KG,aggregate,Retail,MWK,800.0,1.05,2,2021,45.45454545454546,2.1793151492857388,True,Severe
2023-11-15,Central Region,Lilongwe,Area 23,2111,-14.03,33.49,pulses and nuts,Cowpeas,218,KG,aggregate,Retail,MWK,1500.0,0.9,11,2023,87.5,2.399878706980663,True,Severe
2024-02-15,Central Region,Lilongwe,Area 23,2111,-14.03,33.49,pulses and nuts,Cowpeas,218,KG,aggregate,Retail,MWK,1927.27,1.16,2,2024,24.104601594395135,1.8075922724314293,True,Moderate
2025-02-15,Central Region,Lilongwe,Area 23,2111,-14.03,33.49,pulses and nuts,Cowpeas,218,KG,aggregate,Retail,MWK,3500.0,2.03,2,2025,81.60403057174138,2.6174791759938287,True,Critical
2025-09-15,Central Region,Lilongwe,Area 23,2111,-14.03,33.49,pulses and nuts,Groundnuts (shelled),119,KG,aggregate,Retail,MWK,7000.0,4.04,9,2025,21.739130434782616,1.5481654331477732,True,Moderate
2025-09-15,Central Region,Lilongwe,Area 23,2111,-14.03,33.49,cereals and tubers,Maize,51,KG,aggregate,Retail,MWK,1222.22,0.7,9,2025,618.9529411764706,2.7880519537652435,True,Critical
2025-02-15,Central Region,Lilongwe,Area 23,2111,-14.03,33.49,cereals and tubers,Maize (new harvest),1229,KG,aggregate,Retail,MWK,1600.0,0.93,2,2025,95.55599012442251,1.7360355290612262,True,Moderate
2025-09-15,Central Region,Lilongwe,Area 23,2111,-14.03,33.49,pulses and nuts,Pigeon peas,155,KG,aggregate,Retail,MWK,2500.0,1.44,9,2025,25.0,1.5122960619055563,True,Moderate
2025-09-15,Central Region,Lilongwe,Area 23,2111,-14.03,33.49,cereals and tubers,Sweet potatoes,87,KG,aggregate,Retail,MWK,1111.0,0.64,9,2025,99.97840017279864,1.9856202944304229,True,Moderate
2023-01-15,Central Region,Lilongwe,Kamwendo,2223,-13.82,34.02,pulses and nuts,Beans,50,KG,aggregate,Retail,MWK,2000.0,1.99,1,2023,100.0,2.607221278271737,True,Critical
2024-01-15,Central Region,Lilongwe,Kamwendo,2223,-13.82,34.02,pulses and nuts,Beans,50,KG,aggregate,Retail,MWK,2588.24,1.55,1,2024,23.249523809523808,1.902337243598455,True,Moderate
2024-09-15,Central Region,Lilongwe,Kamwendo,2223,-13.82,34.02,pulses and nuts,Beans,50,KG,aggregate,Retail,MWK,5000.0,2.9,9,2024,56.25,2.558308666494879,True,Severe
2025-04-15,Central Region,Lilongwe,Kamwendo,2223,-13.82,34.02,pulses and nuts,Beans,50,KG,aggregate,Retail,MWK,6500.0,3.79,4,2025,25.806370447502935,1.928042771073762,True,Moderate
2025-10-15,Central Region,Lilongwe,Kamwendo,2223,-13.82,34.02,cereals and tubers,Cassava,68,KG,aggregate,Retail,MWK,4000.0,2.31,10,2025,1900.0,2.2670899920444403,True,Severe
2021-09-15,Central Region,Lilongwe,Kamwendo,2223,-13.82,34.02,pulses and nuts,Cowpeas,218,KG,aggregate,Retail,MWK,1000.0,1.25,9,2021,122.22222222222223,2.1559128763938893,True,Severe
2023-12-15,Central Region,Lilongwe,Kamwendo,2223,-13.82,34.02,pulses and nuts,Cowpeas,218,KG,aggregate,Retail,MWK,1700.0,1.02,12,2023,21.42857142857142,1.6334597728186047,True,Moderate
2025-02-15,Central Region,Lilongwe,Kamwendo,2223,-13.82,34.02,pulses and nuts,Cowpeas,218,KG,aggregate,Retail,MWK,3184.21,1.85,2,2025,27.368400000000005,1.9107058665367422,True,Moderate
2025-04-15,Central Region,Lilongwe,Kamwendo,2223,-13.82,34.02,pulses and nuts,Cowpeas,218,KG,aggregate,Retail,MWK,4500.0,2.62,4,2025,40.86976121010255,2.251925392082983,True,Severe
2025-10-15,Central Region,Lilongwe,Kamwendo,2223,-13.82,34.02,pulses and nuts,Groundnuts (shelled),119,KG,aggregate,Retail,MWK,8000.0,4.61,10,2025,60.00000000000001,1.8495138314073176,True,Moderate
2022-09-15,Central Region,Lilongwe,Kamwendo,2223,-13.82,34.02,cereals and tubers,Maize,51,KG,aggregate,Retail,MWK,287.5,0.28,9,2022,59.72222222222223,2.3752132166252187,True,Severe
2025-04-15,Central Region,Lilongwe,Kamwendo,2223,-13.82,34.02,cereals and tubers,Maize,51,KG,aggregate,Retail,MWK,770.0,0.45,4,2025,167.82608695652175,3.0559920525532243,True,Critical
2025-09-15,Central Region,Lilongwe,Kamwendo,2223,-13.82,34.02,cereals and tubers,Maize,51,KG,aggregate,Retail,MWK,1150.0,0.66,9,2025,50.59452097847152,2.306727378628957,True,Severe
2023-01-15,Central Region,Lilongwe,Kamwendo,2223,-13.82,34.02,cereals and tubers,Maize (new harvest),1229,KG,aggregate,Retail,MWK,447.5,0.44,1,2023,231.4814814814815,2.2051114274002908,True,Severe
2023-12-15,Central Region,Lilongwe,Kamwendo,2223,-13.82,34.02,cereals and tubers,Maize (new harvest),1229,KG,aggregate,Retail,MWK,900.0,0.54,12,2023,32.35294117647059,1.6334804373702536,True,Moderate
2025-02-15,Central Region,Lilongwe,Kamwendo,2223,-13.82,34.02,cereals and tubers,Maize (new harvest),1229,KG,aggregate,Retail,MWK,1326.32,0.77,2,2025,76.84266666666666,2.5137393136499546,True,Critical
2025-04-15,Central Region,Lilongwe,Kamwendo,2223,-13.82,34.02,oil and fats,Oil (vegetable),96,L,aggregate,Retail,MWK,8300.0,4.83,4,2025,591.6666666666667,2.267473204853806,True,Severe
2023-12-15,Central Region,Lilongwe,Kamwendo,2223,-13.82,34.02,pulses and nuts,Pigeon peas,155,KG,aggregate,Retail,MWK,1450.0,0.87,12,2023,141.66666666666666,1.7752092217975366,True,Moderate
2024-01-15,Central Region,Lilongwe,Kamwendo,2223,-13.82,34.02,pulses and nuts,Pigeon peas,155,KG,aggregate,Retail,MWK,1779.41,1.07,1,2024,22.717931034482763,1.557792954556444,True,Moderate
2024-02-15,Central Region,Lilongwe,Kamwendo,2223,-13.82,34.02,pulses and nuts,Pigeon peas,155,KG,aggregate,Retail,MWK,2500.0,1.5,2,2024,40.496007103478114,1.727905564249322,True,Moderate
2025-04-15,Central Region,Lilongwe,Kamwendo,2223,-13.82,34.02,cereals and tubers,Rice,52,KG,aggregate,Retail,MWK,5000.0,2.91,4,2025,589.655172413793,2.26767645501195,True,Severe
2025-04-15,Central Region,Lilongwe,Kamwendo,2223,-13.82,34.02,miscellaneous food,Sugar,97,KG,aggregate,Retail,MWK,3640.0,2.12,4,2025,355.0,2.2672847883709255,True,Severe
2025-05-15,Central Region,Lilongwe,Kamwendo,2223,-13.82,34.02,miscellaneous food,Sugar,97,KG,aggregate,Retail,MWK,4445.83,2.56,5,2025,22.13818681318682,1.870620715539556,True,Moderate
2025-06-15,Central Region,Lilongwe,Kamwendo,2223,-13.82,34.02,miscellaneous food,Sugar,97,KG,aggregate,Retail,MWK,5608.7,3.24,6,2025,26.156420735835596,1.8278707582097382,True,Moderate
2025-04-15,Central Region,Lilongwe,Kamwendo,2223,-13.82,34.02,cereals and tubers,Sweet potatoes,87,KG,aggregate,Retail,MWK,1111.11,0.65,4,2025,217.45999999999998,2.2612515000592075,True,Severe
2025-10-15,Central Region,Lilongwe,Kamwendo,2223,-13.82,34.02,cereals and tubers,Sweet potatoes,87,KG,aggregate,Retail,MWK,1111.0,0.64,10,2025,99.97840017279864,1.5691528250991633,True,Moderate
2022-05-15,Central Region,Lilongwe City,Lilongwe,827,-13.98,33.78,cereals and tubers,Maize,51,KG,actual,Retail,MWK,250.0,0.31,5,2022,25.0,2.061849363126529,True,Moderate
2024-02-15,Central Region,Lilongwe City,Songwe,9644,-13.96,33.78,pulses and nuts,Beans,50,KG,aggregate,Retail,MWK,2700.0,1.62,2,2024,22.72727272727273,2.3212539839019937,True,Moderate
2025-01-15,Central Region,Lilongwe City,Songwe,9644,-13.96,33.78,pulses and nuts,Beans,50,KG,aggregate,Retail,MWK,5000.0,2.91,1,2025,42.85714285714286,2.283037621680045,True,Severe
2024-01-15,Central Region,Lilongwe City,Songwe,9644,-13.96,33.78,pulses and nuts,Cowpeas,218,KG,aggregate,Retail,MWK,1600.0,0.96,1,2024,23.076923076923084,1.7135190195846404,True,Moderate
2025-02-15,Central Region,Lilongwe City,Songwe,9644,-13.96,33.78,pulses and nuts,Cowpeas,218,KG,aggregate,Retail,MWK,3500.0,2.03,2,2025,94.44444444444444,2.4908236031418975,True,Severe
2025-11-15,Central Region,Lilongwe City,Songwe,9644,-13.96,33.78,pulses and nuts,Cowpeas,218,KG,aggregate,Retail,MWK,5600.0,3.23,11,2025,60.00000000000001,2.3645695644239524,True,Severe
2026-01-15,Central Region,Lilongwe City,Songwe,9644,-13.96,33.78,vegetables and fruits,Exotic vegetables,1335,KG,aggregate,Retail,MWK,2000.0,1.15,1,2026,166.66666666666666,1.6462308862264083,True,Moderate
2026-02-15,Central Region,Lilongwe City,Songwe,9644,-13.96,33.78,vegetables and fruits,Exotic vegetables,1335,KG,aggregate,Retail,MWK,4000.0,2.31,2,2026,100.0,1.8207660665100722,True,Moderate
2026-03-15,Central Region,Lilongwe City,Songwe,9644,-13.96,33.78,vegetables and fruits,Local vegetables,1333,KG,aggregate,Retail,MWK,2000.0,1.15,3,2026,100.0,1.6037608624351025,True,Moderate
2025-01-15,Central Region,Lilongwe City,Songwe,9644,-13.96,33.78,cereals and tubers,Maize (new harvest),1229,KG,aggregate,Retail,MWK,1000.0,0.58,1,2025,41.843971631205676,2.6875266573738754,True,Severe
2025-11-15,Central Region,Lilongwe City,Songwe,9644,-13.96,33.78,pulses and nuts,Pigeon peas,155,KG,aggregate,Retail,MWK,5000.0,2.88,11,2025,203.03030303030303,1.770837703589506,True,Moderate
2026-03-15,Central Region,Lilongwe City,Songwe,9644,-13.96,33.78,cereals and tubers,Rice,52,KG,aggregate,Retail,MWK,6000.0,3.46,3,2026,60.00000000000001,2.378643714889124,True,Severe
2025-11-15,Central Region,Lilongwe City,Songwe,9644,-13.96,33.78,pulses and nuts,Soybeans,248,KG,aggregate,Retail,MWK,6000.0,3.46,11,2025,62.16216216216217,1.9103024029087863,True,Moderate
2025-09-15,Central Region,Lilongwe City,Songwe,9644,-13.96,33.78,cereals and tubers,Sweet potatoes,87,KG,aggregate,Retail,MWK,1111.0,0.64,9,2025,99.97840017279864,1.6639548831547215,True,Moderate
2023-01-15,Southern Region,Machinga,Chikweo,2119,-14.77,35.67,pulses and nuts,Beans,50,KG,aggregate,Retail,MWK,1834.37,1.82,1,2023,31.026428571428568,1.9844972713826037,True,Moderate
2023-12-15,Southern Region,Machinga,Chikweo,2119,-14.77,35.67,pulses and nuts,Beans,50,KG,aggregate,Retail,MWK,2575.0,1.54,12,2023,32.05128205128205,2.0678024340637906,True,Moderate
2025-04-15,Southern Region,Machinga,Chikweo,2119,-14.77,35.67,pulses and nuts,Beans,50,KG,aggregate,Retail,MWK,6000.0,3.49,4,2025,33.33333333333333,1.8463740686682462,True,Moderate
2025-08-15,Southern Region,Machinga,Chikweo,2119,-14.77,35.67,pulses and nuts,Beans,50,KG,aggregate,Retail,MWK,7000.0,4.04,8,2025,39.99999999999999,2.18411134863929,True,Moderate
2025-04-15,Southern Region,Machinga,Chikweo,2119,-14.77,35.67,cereals and tubers,Cassava,68,KG,aggregate,Retail,MWK,3600.0,2.1,4,2025,3500.0,2.2462053406540945,True,Severe
2022-02-15,Southern Region,Machinga,Chikweo,2119,-14.77,35.67,pulses and nuts,Cowpeas,218,KG,aggregate,Retail,MWK,893.75,1.13,2,2022,62.5,1.7009578066769961,True,Moderate
2023-06-15,Southern Region,Machinga,Chikweo,2119,-14.77,35.67,pulses and nuts,Cowpeas,218,KG,aggregate,Retail,MWK,1200.0,1.18,6,2023,33.33333333333333,2.0892867627221534,True,Moderate
2023-12-15,Southern Region,Machinga,Chikweo,2119,-14.77,35.67,pulses and nuts,Cowpeas,218,KG,aggregate,Retail,MWK,1625.0,0.97,12,2023,25.0,2.1768435745997055,True,Moderate
2024-01-15,Southern Region,Machinga,Chikweo,2119,-14.77,35.67,pulses and nuts,Cowpeas,218,KG,aggregate,Retail,MWK,2100.0,1.26,1,2024,29.230769230769237,2.4629503439581915,True,Moderate
2024-09-15,Southern Region,Machinga,Chikweo,2119,-14.77,35.67,pulses and nuts,Cowpeas,218,KG,aggregate,Retail,MWK,2200.0,1.27,9,2024,22.222222222222232,1.54030742739919,True,Moderate
2024-11-15,Southern Region,Machinga,Chikweo,2119,-14.77,35.67,pulses and nuts,Cowpeas,218,KG,aggregate,Retail,MWK,3000.0,1.73,11,2024,50.0,2.0570247160594204,True,Severe
2026-02-15,Southern Region,Machinga,Chikweo,2119,-14.77,35.67,vegetables and fruits,Exotic vegetables,1335,KG,aggregate,Retail,MWK,2500.0,1.44,2,2026,110.52631578947367,1.6398865192395267,True,Moderate
2025-08-15,Southern Region,Machinga,Chikweo,2119,-14.77,35.67,pulses and nuts,Groundnuts (shelled),119,KG,aggregate,Retail,MWK,6250.0,3.61,8,2025,25.0,1.572102489028293,True,Moderate
2022-08-15,Southern Region,Machinga,Chikweo,2119,-14.77,35.67,cereals and tubers,Maize,51,KG,aggregate,Retail,MWK,345.0,0.34,8,2022,60.46511627906976,2.326238460823371,True,Severe
2025-09-15,Southern Region,Machinga,Chikweo,2119,-14.77,35.67,cereals and tubers,Maize,51,KG,aggregate,Retail,MWK,1586.67,0.92,9,2025,373.63283582089554,3.1251869313839338,True,Critical
2023-01-15,Southern Region,Machinga,Chikweo,2119,-14.77,35.67,cereals and tubers,Maize (new harvest),1229,KG,aggregate,Retail,MWK,519.37,0.52,1,2023,299.5153846153846,2.2167410681654207,True,Severe
2023-07-15,Southern Region,Machinga,Chikweo,2119,-14.77,35.67,cereals and tubers,Maize (new harvest),1229,KG,aggregate,Retail,MWK,667.5,0.64,7,2023,33.5,1.7020167205628391,True,Moderate
2023-12-15,Southern Region,Machinga,Chikweo,2119,-14.77,35.67,cereals and tubers,Maize (new harvest),1229,KG,aggregate,Retail,MWK,1175.0,0.7,12,2023,46.875,2.0493241959259576,True,Severe
2025-01-15,Southern Region,Machinga,Chikweo,2119,-14.77,35.67,cereals and tubers,Maize (new harvest),1229,KG,aggregate,Retail,MWK,1329.41,0.77,1,2025,22.951213872832387,1.9264140590617655,True,Moderate
2025-02-15,Southern Region,Machinga,Chikweo,2119,-14.77,35.67,cereals and tubers,Maize (new harvest),1229,KG,aggregate,Retail,MWK,1613.89,0.94,2,2025,21.398966458805035,2.299540421713286,True,Moderate
2025-11-15,Southern Region,Machinga,Chikweo,2119,-14.77,35.67,cereals and tubers,Millet,73,KG,aggregate,Retail,MWK,800.0,0.46,11,2025,60.00000000000001,1.9262462746037203,True,Moderate
2025-12-15,Southern Region,Machinga,Chikweo,2119,-14.77,35.67,cereals and tubers,Millet,73,KG,aggregate,Retail,MWK,1000.0,0.58,12,2025,25.0,2.013891503536369,True,Moderate
2025-03-15,Southern Region,Machinga,Chikweo,2119,-14.77,35.67,oil and fats,Oil (vegetable),96,L,aggregate,Retail,MWK,7000.0,4.06,3,2025,366.6666666666667,2.2664331108587947,True,Severe
2025-12-15,Southern Region,Machinga,Chikweo,2119,-14.77,35.67,oil and fats,Oil (vegetable),96,L,aggregate,Retail,MWK,11252.08,6.49,12,2025,66.43857702832629,1.740643762259419,True,Moderate
2023-01-15,Southern Region,Machinga,Chikweo,2119,-14.77,35.67,pulses and nuts,Pigeon peas,155,KG,aggregate,Retail,MWK,712.5,0.71,1,2023,137.5,2.028130797273478,True,Severe
2023-06-15,Southern Region,Machinga,Chikweo,2119,-14.77,35.67,pulses and nuts,Pigeon peas,155,KG,aggregate,Retail,MWK,1200.0,1.18,6,2023,68.42105263157893,2.042574496277365,True,Severe
2023-12-15,Southern Region,Machinga,Chikweo,2119,-14.77,35.67,pulses and nuts,Pigeon peas,155,KG,aggregate,Retail,MWK,1525.0,0.91,12,2023,27.083333333333325,1.7322633484935348,True,Moderate
2024-01-15,Southern Region,Machinga,Chikweo,2119,-14.77,35.67,pulses and nuts,Pigeon peas,155,KG,aggregate,Retail,MWK,1950.0,1.17,1,2024,27.868852459016402,2.0075486039453008,True,Moderate
2024-11-15,Southern Region,Machinga,Chikweo,2119,-14.77,35.67,pulses and nuts,Pigeon peas,155,KG,aggregate,Retail,MWK,2450.0,1.41,11,2024,22.500000000000007,1.6002403606009648,True,Moderate
2025-03-15,Southern Region,Machinga,Chikweo,2119,-14.77,35.67,cereals and tubers,Rice,52,KG,aggregate,Retail,MWK,4500.0,2.61,3,2025,718.1818181818181,2.2663812300172985,True,Severe
2025-04-15,Southern Region,Machinga,Chikweo,2119,-14.77,35.67,cereals and tubers,Sorghum,65,KG,aggregate,Retail,MWK,1500.0,0.87,4,2025,275.0,2.2391151189175447,True,Severe
2025-08-15,Southern Region,Machinga,Chikweo,2119,-14.77,35.67,cereals and tubers,Sorghum,65,KG,aggregate,Retail,MWK,3000.0,1.73,8,2025,100.0,2.26153336298999,True,Severe
2025-11-15,Southern Region,Machinga,Chikweo,2119,-14.77,35.67,pulses and nuts,Soybeans,248,KG,aggregate,Retail,MWK,4050.0,2.34,11,2025,35.00000000000001,2.0846832958811072,True,Moderate
2025-03-15,Southern Region,Machinga,Chikweo,2119,-14.77,35.67,miscellaneous food,Sugar,97,KG,aggregate,Retail,MWK,3800.0,2.2,3,2025,347.05882352941177,2.267480350288221,True,Severe
2025-06-15,Southern Region,Machinga,Chikweo,2119,-14.77,35.67,miscellaneous food,Sugar,97,KG,aggregate,Retail,MWK,5360.0,3.09,6,2025,31.196334335255592,1.7651234492801988,True,Moderate
2025-03-15,Southern Region,Machinga,Chikweo,2119,-14.77,35.67,cereals and tubers,Sweet potatoes,87,KG,aggregate,Retail,MWK,1111.11,0.64,3,2025,270.36999999999995,2.1956036173010736,True,Severe
2025-12-15,Southern Region,Machinga,Chikweo,2119,-14.77,35.67,cereals and tubers,Sweet potatoes,87,KG,aggregate,Retail,MWK,1111.0,0.64,12,2025,166.42685851318944,1.5467450637799158,True,Moderate
2022-02-15,Southern Region,Machinga,Liwonde,782,-15.07,35.23,pulses and nuts,Beans,50,KG,aggregate,Retail,MWK,1543.75,1.96,2,2022,28.645833333333325,1.7406014561863363,True,Moderate
2023-01-15,Southern Region,Machinga,Liwonde,782,-15.07,35.23,pulses and nuts,Beans,50,KG,aggregate,Retail,MWK,2109.38,2.1,1,2023,40.62533333333334,2.128972000416492,True,Severe
2024-02-15,Southern Region,Machinga,Liwonde,782,-15.07,35.23,pulses and nuts,Beans,50,KG,aggregate,Retail,MWK,3818.18,2.29,2,2024,30.601704104284867,2.5769492134236778,True,Moderate
2024-04-15,Southern Region,Machinga,Liwonde,782,-15.07,35.23,pulses and nuts,Beans,50,KG,aggregate,Retail,MWK,3500.0,2.01,4,2024,39.99999999999999,1.6362006421293982,True,Moderate
2025-08-15,Southern Region,Machinga,Liwonde,782,-15.07,35.23,pulses and nuts,Beans,50,KG,aggregate,Retail,MWK,6500.0,3.75,8,2025,29.28171081471347,1.784808483754058,True,Moderate
2022-02-15,Southern Region,Machinga,Liwonde,782,-15.07,35.23,pulses and nuts,Cowpeas,218,KG,aggregate,Retail,MWK,1065.63,1.35,2,2022,52.23285714285715,1.9594544146397406,True,Moderate
2024-02-15,Southern Region,Machinga,Liwonde,782,-15.07,35.23,pulses and nuts,Cowpeas,218,KG,aggregate,Retail,MWK,2404.55,1.44,2,2024,30.598311952117662,2.4339027365378216,True,Moderate
2025-02-15,Southern Region,Machinga,Liwonde,782,-15.07,35.23,pulses and nuts,Cowpeas,218,KG,aggregate,Retail,MWK,3833.33,2.22,2,2025,21.99665198462204,2.2102984029478034,True,Moderate
2026-01-15,Southern Region,Machinga,Liwonde,782,-15.07,35.23,vegetables and fruits,Exotic vegetables,1335,KG,aggregate,Retail,MWK,1200.0,0.69,1,2026,255.55555555555554,1.779324798759642,True,Moderate
2026-02-15,Southern Region,Machinga,Liwonde,782,-15.07,35.23,vegetables and fruits,Exotic vegetables,1335,KG,aggregate,Retail,MWK,2500.0,1.44,2,2026,108.33333333333334,1.8716286403310245,True,Moderate
2026-01-15,Southern Region,Machinga,Liwonde,782,-15.07,35.23,vegetables and fruits,Local vegetables,1333,KG,aggregate,Retail,MWK,600.0,0.35,1,2026,166.66666666666666,1.7316829989168665,True,Moderate
2026-02-15,Southern Region,Machinga,Liwonde,782,-15.07,35.23,vegetables and fruits,Local vegetables,1333,KG,aggregate,Retail,MWK,1000.0,0.58,2,2026,66.66666666666667,1.8156932222183824,True,Moderate
2022-01-15,Southern Region,Machinga,Liwonde,782,-15.07,35.23,cereals and tubers,Maize,51,KG,"actual,aggregate",Retail,MWK,215.0,0.27,1,2022,32.71604938271604,1.8788670275175396,True,Moderate
2022-08-15,Southern Region,Machinga,Liwonde,782,-15.07,35.23,cereals and tubers,Maize,51,KG,aggregate,Retail,MWK,355.0,0.35,8,2022,75.30864197530865,2.7551844741285625,True,Critical
2025-09-15,Southern Region,Machinga,Liwonde,782,-15.07,35.23,cereals and tubers,Maize,51,KG,aggregate,Retail,MWK,1482.61,0.86,9,2025,323.60285714285715,3.122030586340417,True,Critical
2025-01-15,Southern Region,Machinga,Liwonde,782,-15.07,35.23,cereals and tubers,Maize (new harvest),1229,KG,aggregate,Retail,MWK,1316.18,0.77,1,2025,24.241766332820468,2.2668179871350502,True,Moderate
2025-02-15,Southern Region,Machinga,Liwonde,782,-15.07,35.23,cereals and tubers,Maize (new harvest),1229,KG,aggregate,Retail,MWK,1686.43,0.98,2,2025,28.13065082283579,2.452651746733473,True,Moderate
2025-07-15,Southern Region,Machinga,Liwonde,782,-15.07,35.23,cereals and tubers,Maize flour,76,KG,aggregate,Retail,MWK,2497.06,1.44,7,2025,25.205453351183582,1.6393228177221815,True,Moderate
2023-09-15,Southern Region,Machinga,Liwonde,782,-15.07,35.23,pulses and nuts,Pigeon peas,155,KG,aggregate,Retail,MWK,1100.0,1.0,9,2023,22.222222222222232,1.7783397166936008,True,Moderate
2024-01-15,Southern Region,Machinga,Liwonde,782,-15.07,35.23,pulses and nuts,Pigeon peas,155,KG,aggregate,Retail,MWK,1800.0,1.08,1,2024,24.13793103448276,2.0659599403285402,True,Moderate
2024-02-15,Southern Region,Machinga,Liwonde,782,-15.07,35.23,pulses and nuts,Pigeon peas,155,KG,aggregate,Retail,MWK,2436.36,1.46,2,2024,35.353333333333346,2.3056069270339745,True,Moderate
2025-01-15,Southern Region,Machinga,Liwonde,782,-15.07,35.23,pulses and nuts,Pigeon peas,155,KG,aggregate,Retail,MWK,3183.33,1.85,1,2025,21.125747682754216,1.7610434137817048,True,Moderate
2026-03-15,Southern Region,Machinga,Liwonde,782,-15.07,35.23,cereals and tubers,Sorghum,65,KG,aggregate,Retail,MWK,6000.0,3.46,3,2026,200.0,1.8200199377380346,True,Moderate
2025-10-15,Southern Region,Machinga,Liwonde,782,-15.07,35.23,pulses and nuts,Soybeans,248,KG,aggregate,Retail,MWK,3575.0,2.06,10,2025,62.5,1.9865347940162235,True,Moderate
2026-03-15,Southern Region,Machinga,Liwonde,782,-15.07,35.23,pulses and nuts,Soybeans,248,KG,aggregate,Retail,MWK,4500.0,2.6,3,2026,25.0,1.946502843703285,True,Moderate
2023-01-15,Southern Region,Machinga,Mangamba,2127,-14.79,35.44,pulses and nuts,Beans,50,KG,aggregate,Retail,MWK,2043.75,2.03,1,2023,27.734375,2.5876231435368777,True,Moderate
2024-03-15,Southern Region,Machinga,Mangamba,2127,-14.79,35.44,pulses and nuts,Beans,50,KG,aggregate,Retail,MWK,4000.0,2.4,3,2024,33.33333333333333,2.245359459212211,True,Moderate
2024-09-15,Southern Region,Machinga,Mangamba,2127,-14.79,35.44,pulses and nuts,Beans,50,KG,aggregate,Retail,MWK,4200.0,2.43,9,2024,39.99999999999999,2.0490922502933073,True,Moderate
2024-12-15,Southern Region,Machinga,Mangamba,2127,-14.79,35.44,pulses and nuts,Beans,50,KG,aggregate,Retail,MWK,4956.25,2.86,12,2024,23.906249999999996,1.856488390051398,True,Moderate
2026-01-15,Southern Region,Machinga,Mangamba,2127,-14.79,35.44,pulses and nuts,Beans,50,KG,aggregate,Retail,MWK,7806.45,4.5,1,2026,47.23372714104652,2.3792753292123776,True,Severe
2025-04-15,Southern Region,Machinga,Mangamba,2127,-14.79,35.44,cereals and tubers,Cassava,68,KG,aggregate,Retail,MWK,4000.0,2.33,4,2025,1233.3333333333335,2.040838444801798,True,Severe
2022-02-15,Southern Region,Machinga,Mangamba,2127,-14.79,35.44,pulses and nuts,Cowpeas,218,KG,aggregate,Retail,MWK,1000.0,1.27,2,2022,66.66666666666667,1.5113865764792418,True,Moderate
2022-07-15,Southern Region,Machinga,Mangamba,2127,-14.79,35.44,pulses and nuts,Cowpeas,218,KG,aggregate,Retail,MWK,1400.0,1.38,7,2022,39.99999999999999,2.3945245929201646,True,Moderate
2023-01-15,Southern Region,Machinga,Mangamba,2127,-14.79,35.44,pulses and nuts,Cowpeas,218,KG,aggregate,Retail,MWK,1868.75,1.86,1,2023,33.48214285714286,2.5033805241032896,True,Moderate
2024-09-15,Southern Region,Machinga,Mangamba,2127,-14.79,35.44,pulses and nuts,Cowpeas,218,KG,aggregate,Retail,MWK,2575.0,1.49,9,2024,28.750000000000007,2.037218939385727,True,Moderate
2025-01-15,Southern Region,Machinga,Mangamba,2127,-14.79,35.44,pulses and nuts,Cowpeas,218,KG,aggregate,Retail,MWK,3750.0,2.18,1,2025,25.0,1.9169357963479727,True,Moderate
2025-05-15,Southern Region,Machinga,Mangamba,2127,-14.79,35.44,pulses and nuts,Cowpeas,218,KG,aggregate,Retail,MWK,5600.0,3.23,5,2025,60.509503022451284,2.389799384098213,True,Severe
2026-01-15,Southern Region,Machinga,Mangamba,2127,-14.79,35.44,vegetables and fruits,Exotic vegetables,1335,KG,aggregate,Retail,MWK,2000.0,1.15,1,2026,56.86274509803921,1.5068999628585957,True,Moderate
2026-03-15,Southern Region,Machinga,Mangamba,2127,-14.79,35.44,"meat, fish and eggs","Fish (small, dry)",1334,KG,aggregate,Retail,MWK,16000.0,9.23,3,2026,100.0,1.7045729691814082,True,Moderate
2021-09-15,Southern Region,Machinga,Mangamba,2127,-14.79,35.44,cereals and tubers,Maize,51,KG,aggregate,Retail,MWK,385.45,0.48,9,2021,148.67741935483872,1.5748843121660563,True,Moderate
2025-09-15,Southern Region,Machinga,Mangamba,2127,-14.79,35.44,cereals and tubers,Maize,51,KG,aggregate,Retail,MWK,1500.0,0.87,9,2025,316.6666666666667,3.086678860412614,True,Critical
2023-01-15,Southern Region,Machinga,Mangamba,2127,-14.79,35.44,cereals and tubers,Maize (new harvest),1229,KG,aggregate,Retail,MWK,521.25,0.52,1,2023,479.1666666666667,2.115795448390669,True,Severe
2023-07-15,Southern Region,Machinga,Mangamba,2127,-14.79,35.44,cereals and tubers,Maize (new harvest),1229,KG,aggregate,Retail,MWK,712.5,0.69,7,2023,45.40816326530612,1.8673331908055086,True,Moderate
2025-01-15,Southern Region,Machinga,Mangamba,2127,-14.79,35.44,cereals and tubers,Maize (new harvest),1229,KG,aggregate,Retail,MWK,1400.0,0.82,1,2025,23.076923076923084,2.218978119086704,True,Moderate
2025-02-15,Southern Region,Machinga,Mangamba,2127,-14.79,35.44,cereals and tubers,Maize (new harvest),1229,KG,aggregate,Retail,MWK,1764.29,1.02,2,2025,26.020714285714284,2.3988644156284398,True,Moderate
2025-09-15,Southern Region,Machinga,Mangamba,2127,-14.79,35.44,cereals and tubers,Millet,73,KG,aggregate,Retail,MWK,1000.0,0.58,9,2025,185.71428571428572,1.7352405907637423,True,Moderate
2026-03-15,Southern Region,Machinga,Mangamba,2127,-14.79,35.44,cereals and tubers,Millet,73,KG,aggregate,Retail,MWK,2000.0,1.15,3,2026,66.66666666666667,1.8855476508549458,True,Moderate
2025-03-15,Southern Region,Machinga,Mangamba,2127,-14.79,35.44,oil and fats,Oil (vegetable),96,L,aggregate,Retail,MWK,7000.0,4.06,3,2025,324.24242424242425,2.259696604225004,True,Severe
2023-12-15,Southern Region,Machinga,Mangamba,2127,-14.79,35.44,pulses and nuts,Pigeon peas,155,KG,aggregate,Retail,MWK,1650.0,0.99,12,2023,64.99999999999999,2.9686903129270763,True,Critical
2024-01-15,Southern Region,Machinga,Mangamba,2127,-14.79,35.44,pulses and nuts,Pigeon peas,155,KG,aggregate,Retail,MWK,2350.0,1.41,1,2024,42.42424242424243,2.718726052032439,True,Severe
2024-02-15,Southern Region,Machinga,Mangamba,2127,-14.79,35.44,pulses and nuts,Pigeon peas,155,KG,aggregate,Retail,MWK,2950.0,1.77,2,2024,25.531914893617014,2.3893944327484884,True,Moderate
2021-04-15,Southern Region,Machinga,Mangamba,2127,-14.79,35.44,cereals and tubers,Rice,52,KG,aggregate,Retail,MWK,900.0,1.16,4,2021,24.13793103448276,1.5552573484830325,True,Moderate
2025-04-15,Southern Region,Machinga,Mangamba,2127,-14.79,35.44,cereals and tubers,Rice,52,KG,aggregate,Retail,MWK,3500.0,2.04,4,2025,288.88888888888886,2.263698593991163,True,Severe
2025-04-15,Southern Region,Machinga,Mangamba,2127,-14.79,35.44,cereals and tubers,Sorghum,65,KG,aggregate,Retail,MWK,1000.0,0.58,4,2025,207.6923076923077,2.0067551741365746,True,Severe
2025-10-15,Southern Region,Machinga,Mangamba,2127,-14.79,35.44,pulses and nuts,Soybeans,248,KG,aggregate,Retail,MWK,2816.67,1.62,10,2025,28.030454545454543,1.5857558255640827,True,Moderate
2025-12-15,Southern Region,Machinga,Mangamba,2127,-14.79,35.44,pulses and nuts,Soybeans,248,KG,aggregate,Retail,MWK,3500.0,2.02,12,2025,25.999899200080634,1.6675370737279718,True,Moderate
2026-03-15,Southern Region,Machinga,Mangamba,2127,-14.79,35.44,pulses and nuts,Soybeans,248,KG,aggregate,Retail,MWK,5000.0,2.88,3,2026,66.66666666666667,2.2614964817820784,True,Severe
2025-03-15,Southern Region,Machinga,Mangamba,2127,-14.79,35.44,miscellaneous food,Sugar,97,KG,aggregate,Retail,MWK,3500.0,2.03,3,2025,311.7647058823529,2.2667330611249694,True,Severe
2025-06-15,Southern Region,Machinga,Mangamba,2127,-14.79,35.44,miscellaneous food,Sugar,97,KG,aggregate,Retail,MWK,5250.0,3.03,6,2025,30.096048053763113,1.7929982463127514,True,Moderate
2025-03-15,Southern Region,Machinga,Mangamba,2127,-14.79,35.44,cereals and tubers,Sweet potatoes,87,KG,aggregate,Retail,MWK,1111.11,0.64,3,2025,344.4439999999999,2.246615128563299,True,Severe
2025-09-15,Southern Region,Machinga,Mangamba,2127,-14.79,35.44,cereals and tubers,Sweet potatoes,87,KG,aggregate,Retail,MWK,1111.0,0.64,9,2025,33.32053328213311,1.598365550893736,True,Moderate
2024-09-15,Southern Region,Machinga,Mangochi Turn Off,1921,-15.04,35.19,pulses and nuts,Beans,50,KG,aggregate,Retail,MWK,4000.0,2.32,9,2024,33.33333333333333,2.1947786861143825,True,Moderate
2025-02-15,Southern Region,Machinga,Mangochi Turn Off,1921,-15.04,35.19,pulses and nuts,Beans,50,KG,aggregate,Retail,MWK,6000.0,3.48,2,2025,50.0,2.5066771886855945,True,Severe
2025-09-15,Southern Region,Machinga,Mangochi Turn Off,1921,-15.04,35.19,pulses and nuts,Beans,50,KG,aggregate,Retail,MWK,8434.78,4.87,9,2025,68.69560000000001,2.179902865677104,True,Severe
2023-11-15,Southern Region,Machinga,Mangochi Turn Off,1921,-15.04,35.19,pulses and nuts,Cowpeas,218,KG,aggregate,Retail,MWK,1550.0,0.93,11,2023,67.56756756756756,1.8752037641466317,True,Moderate
2023-12-15,Southern Region,Machinga,Mangochi Turn Off,1921,-15.04,35.19,pulses and nuts,Cowpeas,218,KG,aggregate,Retail,MWK,2000.0,1.2,12,2023,29.032258064516125,1.9394203977845987,True,Moderate
2024-09-15,Southern Region,Machinga,Mangochi Turn Off,1921,-15.04,35.19,pulses and nuts,Cowpeas,218,KG,aggregate,Retail,MWK,2800.0,1.62,9,2024,29.684265130216893,1.9059838739155353,True,Moderate
2025-04-15,Southern Region,Machinga,Mangochi Turn Off,1921,-15.04,35.19,cereals and tubers,Maize,51,KG,aggregate,Retail,MWK,973.53,0.57,4,2025,190.60597014925372,2.9689095771758356,True,Critical
2025-09-15,Southern Region,Machinga,Mangochi Turn Off,1921,-15.04,35.19,cereals and tubers,Maize,51,KG,aggregate,Retail,MWK,1482.61,0.86,9,2025,74.42470588235292,2.418847169595085,True,Severe
2024-02-15,Southern Region,Machinga,Mangochi Turn Off,1921,-15.04,35.19,cereals and tubers,Maize (new harvest),1229,KG,aggregate,Retail,MWK,1695.45,1.02,2,2024,63.02403846153845,2.7001398284885285,True,Critical
2024-02-15,Southern Region,Machinga,Mangochi Turn Off,1921,-15.04,35.19,pulses and nuts,Pigeon peas,155,KG,aggregate,Retail,MWK,2318.18,1.39,2,2024,24.63333333333333,1.555142961339065,True,Moderate
2025-02-15,Southern Region,Machinga,Mangochi Turn Off,1921,-15.04,35.19,pulses and nuts,Pigeon peas,155,KG,aggregate,Retail,MWK,2883.33,1.67,2,2025,69.60764705882352,1.949924677238199,True,Moderate
2025-09-15,Southern Region,Machinga,Mangochi Turn Off,1921,-15.04,35.19,cereals and tubers,Sweet potatoes,87,KG,aggregate,Retail,MWK,1111.0,0.64,9,2025,99.97840017279864,1.6101653053242202,True,Moderate
2022-03-15,Southern Region,Machinga,Mbonechela,2191,-14.89,35.48,pulses and nuts,Beans,50,KG,aggregate,Retail,MWK,1600.0,2.02,3,2022,23.076923076923084,2.1256371637766938,True,Moderate
2023-01-15,Southern Region,Machinga,Mbonechela,2191,-14.89,35.48,pulses and nuts,Beans,50,KG,aggregate,Retail,MWK,2043.75,2.03,1,2023,26.15740740740742,2.3655396598897354,True,Moderate
2024-09-15,Southern Region,Machinga,Mbonechela,2191,-14.89,35.48,pulses and nuts,Beans,50,KG,aggregate,Retail,MWK,4050.0,2.35,9,2024,35.00000000000001,2.4485488906530244,True,Moderate
2024-12-15,Southern Region,Machinga,Mbonechela,2191,-14.89,35.48,pulses and nuts,Beans,50,KG,aggregate,Retail,MWK,5043.75,2.91,12,2024,24.537037037037045,2.0668353572736295,True,Moderate
2025-08-15,Southern Region,Machinga,Mbonechela,2191,-14.89,35.48,pulses and nuts,Beans,50,KG,aggregate,Retail,MWK,6000.0,3.46,8,2025,45.45454545454546,1.5494266999795103,True,Moderate
2025-06-15,Southern Region,Machinga,Mbonechela,2191,-14.89,35.48,cereals and tubers,Cassava,68,KG,aggregate,Retail,MWK,2900.0,1.67,6,2025,866.6666666666666,2.2677868380553634,True,Severe
2022-07-15,Southern Region,Machinga,Mbonechela,2191,-14.89,35.48,pulses and nuts,Cowpeas,218,KG,aggregate,Retail,MWK,1225.0,1.21,7,2022,53.125,2.581665461323179,True,Severe
2023-01-15,Southern Region,Machinga,Mbonechela,2191,-14.89,35.48,pulses and nuts,Cowpeas,218,KG,aggregate,Retail,MWK,1659.37,1.65,1,2023,35.45877551020406,2.6679117550943214,True,Moderate
2024-09-15,Southern Region,Machinga,Mbonechela,2191,-14.89,35.48,pulses and nuts,Cowpeas,218,KG,aggregate,Retail,MWK,2700.0,1.56,9,2024,68.75,2.3793277366314123,True,Severe
2025-01-15,Southern Region,Machinga,Mbonechela,2191,-14.89,35.48,pulses and nuts,Cowpeas,218,KG,aggregate,Retail,MWK,3714.71,2.16,1,2025,27.543690987124457,2.036671543970003,True,Moderate
2025-10-15,Southern Region,Machinga,Mbonechela,2191,-14.89,35.48,pulses and nuts,Cowpeas,218,KG,aggregate,Retail,MWK,5247.06,3.03,10,2025,50.85301271325318,2.2830682757830756,True,Severe
2026-01-15,Southern Region,Machinga,Mbonechela,2191,-14.89,35.48,vegetables and fruits,Exotic vegetables,1335,KG,aggregate,Retail,MWK,1500.0,0.87,1,2026,300.0,1.7791340362870767,True,Moderate
2022-01-15,Southern Region,Machinga,Mbonechela,2191,-14.89,35.48,cereals and tubers,Maize,51,KG,aggregate,Retail,MWK,210.0,0.26,1,2022,29.230769230769237,1.541751993067491,True,Moderate
2022-08-15,Southern Region,Machinga,Mbonechela,2191,-14.89,35.48,cereals and tubers,Maize,51,KG,aggregate,Retail,MWK,345.0,0.34,8,2022,64.28571428571428,2.8160274409409696,True,Critical
2025-09-15,Southern Region,Machinga,Mbonechela,2191,-14.89,35.48,cereals and tubers,Maize,51,KG,aggregate,Retail,MWK,1482.61,0.86,9,2025,317.6366197183098,3.1140872476883628,True,Critical
2025-11-15,Southern Region,Machinga,Mbonechela,2191,-14.89,35.48,cereals and tubers,Maize,51,KG,aggregate,Retail,MWK,1256.25,0.72,11,2025,21.688380878578005,1.6057392090946445,True,Moderate
2023-01-15,Southern Region,Machinga,Mbonechela,2191,-14.89,35.48,cereals and tubers,Maize (new harvest),1229,KG,aggregate,Retail,MWK,516.87,0.51,1,2023,134.9409090909091,2.278277615574213,True,Severe
2023-07-15,Southern Region,Machinga,Mbonechela,2191,-14.89,35.48,cereals and tubers,Maize (new harvest),1229,KG,aggregate,Retail,MWK,734.37,0.71,7,2023,48.35757575757575,1.9832269244028962,True,Moderate
2025-01-15,Southern Region,Machinga,Mbonechela,2191,-14.89,35.48,cereals and tubers,Maize (new harvest),1229,KG,aggregate,Retail,MWK,1400.0,0.82,1,2025,23.076923076923084,2.1157358698087876,True,Moderate
2025-05-15,Southern Region,Machinga,Mbonechela,2191,-14.89,35.48,cereals and tubers,Millet,73,KG,aggregate,Retail,MWK,800.0,0.46,5,2025,166.66666666666666,1.7809261953285844,True,Moderate
2021-03-15,Southern Region,Machinga,Mbonechela,2191,-14.89,35.48,oil and fats,Oil (vegetable),96,L,aggregate,Retail,MWK,1550.0,2.0,3,2021,29.166666666666675,1.738645861867931,True,Moderate
2025-03-15,Southern Region,Machinga,Mbonechela,2191,-14.89,35.48,oil and fats,Oil (vegetable),96,L,aggregate,Retail,MWK,7500.0,4.35,3,2025,525.0,2.4652742700158496,True,Severe
2023-12-15,Southern Region,Machinga,Mbonechela,2191,-14.89,35.48,pulses and nuts,Pigeon peas,155,KG,aggregate,Retail,MWK,1650.0,0.99,12,2023,69.23076923076923,2.8683199831635937,True,Critical
2024-01-15,Southern Region,Machinga,Mbonechela,2191,-14.89,35.48,pulses and nuts,Pigeon peas,155,KG,aggregate,Retail,MWK,2025.0,1.21,1,2024,22.72727272727273,2.4841460380806346,True,Moderate
2024-02-15,Southern Region,Machinga,Mbonechela,2191,-14.89,35.48,pulses and nuts,Pigeon peas,155,KG,aggregate,Retail,MWK,2977.78,1.79,2,2024,47.050864197530885,2.5851550216904515,True,Severe
2024-10-15,Southern Region,Machinga,Mbonechela,2191,-14.89,35.48,pulses and nuts,Pigeon peas,155,KG,aggregate,Retail,MWK,2750.0,1.59,10,2024,37.5,1.5996452399913939,True,Moderate
2021-10-15,Southern Region,Machinga,Mbonechela,2191,-14.89,35.48,cereals and tubers,Potatoes,83,KG,aggregate,Retail,MWK,900.0,1.12,10,2021,28.57142857142858,1.515164474535804,True,Moderate
2025-05-15,Southern Region,Machinga,Mbonechela,2191,-14.89,35.48,cereals and tubers,Rice,52,KG,aggregate,Retail,MWK,3500.0,2.02,5,2025,400.0,2.4594019137368304,True,Severe
2025-08-15,Southern Region,Machinga,Mbonechela,2191,-14.89,35.48,cereals and tubers,Sorghum,65,KG,aggregate,Retail,MWK,1300.0,0.75,8,2025,420.0,2.260481699693547,True,Severe
2025-03-15,Southern Region,Machinga,Mbonechela,2191,-14.89,35.48,miscellaneous food,Sugar,97,KG,aggregate,Retail,MWK,3700.0,2.15,3,2025,311.1111111111111,2.473550238262595,True,Severe
2025-06-15,Southern Region,Machinga,Mbonechela,2191,-14.89,35.48,miscellaneous food,Sugar,97,KG,aggregate,Retail,MWK,5070.0,2.92,6,2025,30.64855281603034,1.8398806620750563,True,Moderate
2021-10-15,Southern Region,Machinga,Mbonechela,2191,-14.89,35.48,cereals and tubers,Sweet potatoes,87,KG,aggregate,Retail,MWK,350.0,0.43,10,2021,27.27272727272727,1.738636575842444,True,Moderate
2025-03-15,Southern Region,Machinga,Mbonechela,2191,-14.89,35.48,cereals and tubers,Sweet potatoes,87,KG,aggregate,Retail,MWK,1111.11,0.64,3,2025,217.45999999999998,2.4675479958120623,True,Severe
2025-09-15,Southern Region,Machinga,Mbonechela,2191,-14.89,35.48,cereals and tubers,Sweet potatoes,87,KG,aggregate,Retail,MWK,1111.0,0.64,9,2025,99.97840017279864,1.8293311759545337,True,Moderate
2022-02-15,Southern Region,Machinga,Mpita,2129,-15.19,35.47,pulses and nuts,Beans,50,KG,aggregate,Retail,MWK,1400.0,1.78,2,2022,43.58974358974359,2.131878550977621,True,Severe
2024-02-15,Southern Region,Machinga,Mpita,2129,-15.19,35.47,pulses and nuts,Beans,50,KG,aggregate,Retail,MWK,2555.56,1.53,2,2024,27.77799999999999,2.012889492663458,True,Moderate
2024-05-15,Southern Region,Machinga,Mpita,2129,-15.19,35.47,pulses and nuts,Beans,50,KG,aggregate,Retail,MWK,4000.0,2.31,5,2024,60.00000000000001,2.6409809114298635,True,Critical
2024-09-15,Southern Region,Machinga,Mpita,2129,-15.19,35.47,pulses and nuts,Beans,50,KG,aggregate,Retail,MWK,5000.0,2.9,9,2024,25.0,2.146782460914683,True,Moderate
2025-08-15,Southern Region,Machinga,Mpita,2129,-15.19,35.47,pulses and nuts,Beans,50,KG,aggregate,Retail,MWK,6500.0,3.75,8,2025,26.82926829268293,1.5737600930880515,True,Moderate
2025-03-15,Southern Region,Machinga,Mpita,2129,-15.19,35.47,cereals and tubers,Cassava,68,KG,aggregate,Retail,MWK,4000.0,2.32,3,2025,1042.857142857143,2.2566414323707393,True,Severe
2023-06-15,Southern Region,Machinga,Mpita,2129,-15.19,35.47,pulses and nuts,Cowpeas,218,KG,aggregate,Retail,MWK,1000.0,0.98,6,2023,42.85714285714286,1.5523920379874467,True,Moderate
2024-02-15,Southern Region,Machinga,Mpita,2129,-15.19,35.47,pulses and nuts,Cowpeas,218,KG,aggregate,Retail,MWK,1950.0,1.17,2,2024,62.5,2.6784923179521583,True,Critical
2025-04-15,Southern Region,Machinga,Mpita,2129,-15.19,35.47,pulses and nuts,Cowpeas,218,KG,aggregate,Retail,MWK,4000.0,2.33,4,2025,33.33333333333333,2.143025643730348,True,Moderate
2025-10-15,Southern Region,Machinga,Mpita,2129,-15.19,35.47,pulses and nuts,Cowpeas,218,KG,aggregate,Retail,MWK,4240.39,2.45,10,2025,26.660851954848376,1.8704617278025524,True,Moderate
2026-01-15,Southern Region,Machinga,Mpita,2129,-15.19,35.47,vegetables and fruits,Exotic vegetables,1335,KG,aggregate,Retail,MWK,1200.0,0.69,1,2026,300.0,1.7832731873740082,True,Moderate
2025-08-15,Southern Region,Machinga,Mpita,2129,-15.19,35.47,pulses and nuts,Groundnuts (shelled),119,KG,aggregate,Retail,MWK,7000.0,4.04,8,2025,55.55555555555556,1.755441956470735,True,Moderate
2026-01-15,Southern Region,Machinga,Mpita,2129,-15.19,35.47,pulses and nuts,Groundnuts (shelled),119,KG,aggregate,Retail,MWK,14000.0,8.08,1,2026,100.0,2.336466038880846,True,Severe
2026-01-15,Southern Region,Machinga,Mpita,2129,-15.19,35.47,vegetables and fruits,Local vegetables,1333,KG,aggregate,Retail,MWK,1000.0,0.58,1,2026,566.6666666666667,1.7580040408901865,True,Moderate
2022-08-15,Southern Region,Machinga,Mpita,2129,-15.19,35.47,cereals and tubers,Maize,51,KG,aggregate,Retail,MWK,342.5,0.34,8,2022,71.24999999999999,2.654049047428956,True,Critical
2025-09-15,Southern Region,Machinga,Mpita,2129,-15.19,35.47,cereals and tubers,Maize,51,KG,aggregate,Retail,MWK,1570.0,0.91,9,2025,390.625,3.137639237622104,True,Critical
2023-01-15,Southern Region,Machinga,Mpita,2129,-15.19,35.47,cereals and tubers,Maize (new harvest),1229,KG,aggregate,Retail,MWK,530.0,0.53,1,2023,360.8695652173913,2.1840537649516656,True,Severe
2024-09-15,Southern Region,Machinga,Mpita,2129,-15.19,35.47,cereals and tubers,Maize (new harvest),1229,KG,aggregate,Retail,MWK,1000.0,0.58,9,2024,25.0,2.091067902485709,True,Moderate
2025-01-15,Southern Region,Machinga,Mpita,2129,-15.19,35.47,cereals and tubers,Maize (new harvest),1229,KG,aggregate,Retail,MWK,1400.0,0.82,1,2025,23.076923076923084,2.2904326469928904,True,Moderate
2025-02-15,Southern Region,Machinga,Mpita,2129,-15.19,35.47,cereals and tubers,Maize (new harvest),1229,KG,aggregate,Retail,MWK,1703.57,0.99,2,2025,21.683571428571426,2.302243628490233,True,Moderate
2025-10-15,Southern Region,Machinga,Mpita,2129,-15.19,35.47,cereals and tubers,Millet,73,KG,aggregate,Retail,MWK,2000.0,1.15,10,2025,300.0,2.265933800378623,True,Severe
2025-11-15,Southern Region,Machinga,Mpita,2129,-15.19,35.47,cereals and tubers,Millet,73,KG,aggregate,Retail,MWK,6000.0,3.46,11,2025,200.0,2.3788583054021055,True,Severe
2021-04-15,Southern Region,Machinga,Mpita,2129,-15.19,35.47,oil and fats,Oil (vegetable),96,L,aggregate,Retail,MWK,1400.0,1.8,4,2021,21.739130434782616,1.778798909528032,True,Moderate
2025-03-15,Southern Region,Machinga,Mpita,2129,-15.19,35.47,oil and fats,Oil (vegetable),96,L,aggregate,Retail,MWK,7500.0,4.35,3,2025,552.1739130434783,2.2658966318347087,True,Severe
2023-01-15,Southern Region,Machinga,Mpita,2129,-15.19,35.47,pulses and nuts,Pigeon peas,155,KG,aggregate,Retail,MWK,750.0,0.75,1,2023,66.66666666666667,1.9639610121239315,True,Moderate
2023-04-15,Southern Region,Machinga,Mpita,2129,-15.19,35.47,pulses and nuts,Pigeon peas,155,KG,aggregate,Retail,MWK,1000.0,0.99,4,2023,33.33333333333333,2.049350066536858,True,Moderate
2023-09-15,Southern Region,Machinga,Mpita,2129,-15.19,35.47,pulses and nuts,Pigeon peas,155,KG,aggregate,Retail,MWK,1066.67,0.97,9,2023,30.08170731707318,1.5688569924869444,True,Moderate
2024-02-15,Southern Region,Machinga,Mpita,2129,-15.19,35.47,pulses and nuts,Pigeon peas,155,KG,aggregate,Retail,MWK,2350.0,1.41,2,2024,95.83333333333333,2.7407292373873866,True,Critical
2025-11-15,Southern Region,Machinga,Mpita,2129,-15.19,35.47,pulses and nuts,Pigeon peas,155,KG,aggregate,Retail,MWK,4000.0,2.31,11,2025,137.98616110473176,1.794005218862439,True,Moderate
2026-04-15,Southern Region,Machinga,Mpita,2129,-15.19,35.47,pulses and nuts,Pigeon peas,155,KG,aggregate,Retail,MWK,5000.0,2.88,4,2026,65.77534787956752,2.132167853157397,True,Severe
2025-04-15,Southern Region,Machinga,Mpita,2129,-15.19,35.47,cereals and tubers,Rice,52,KG,aggregate,Retail,MWK,4500.0,2.62,4,2025,1025.0,2.2633960410193223,True,Severe
2025-11-15,Southern Region,Machinga,Mpita,2129,-15.19,35.47,cereals and tubers,Sorghum,65,KG,aggregate,Retail,MWK,6000.0,3.46,11,2025,1233.3333333333335,2.2675864542166178,True,Severe
2025-11-15,Southern Region,Machinga,Mpita,2129,-15.19,35.47,pulses and nuts,Soybeans,248,KG,aggregate,Retail,MWK,7500.0,4.33,11,2025,226.08695652173913,2.0344034472376027,True,Severe
2025-03-15,Southern Region,Machinga,Mpita,2129,-15.19,35.47,miscellaneous food,Sugar,97,KG,aggregate,Retail,MWK,4000.0,2.32,3,2025,400.0,2.267351818721753,True,Severe
2025-06-15,Southern Region,Machinga,Mpita,2129,-15.19,35.47,miscellaneous food,Sugar,97,KG,aggregate,Retail,MWK,5350.0,3.09,6,2025,34.02005040155913,1.7277424088040938,True,Moderate
2025-03-15,Southern Region,Machinga,Mpita,2129,-15.19,35.47,cereals and tubers,Sweet potatoes,87,KG,aggregate,Retail,MWK,1111.11,0.64,3,2025,270.36999999999995,2.12653480957782,True,Severe
2025-08-15,Southern Region,Machinga,Mpita,2129,-15.19,35.47,cereals and tubers,Sweet potatoes,87,KG,aggregate,Retail,MWK,1111.11,0.64,8,2025,99.9982000143999,1.7652866396439553,True,Moderate
2022-02-15,Southern Region,Machinga,Nayuchi,2131,-14.98,35.87,pulses and nuts,Beans,50,KG,aggregate,Retail,MWK,1412.5,1.79,2,2022,41.25000000000001,1.7248697094686658,True,Moderate
2023-01-15,Southern Region,Machinga,Nayuchi,2131,-14.98,35.87,pulses and nuts,Beans,50,KG,aggregate,Retail,MWK,2000.0,1.99,1,2023,29.032258064516125,2.279104330331663,True,Moderate
2023-07-15,Southern Region,Machinga,Nayuchi,2131,-14.98,35.87,pulses and nuts,Beans,50,KG,aggregate,Retail,MWK,2222.22,2.14,7,2023,36.40197155606841,1.602681990504721,True,Moderate
2024-01-15,Southern Region,Machinga,Nayuchi,2131,-14.98,35.87,pulses and nuts,Beans,50,KG,aggregate,Retail,MWK,2931.37,1.76,1,2024,23.860529773901717,2.0534709814656273,True,Moderate
2024-05-15,Southern Region,Machinga,Nayuchi,2131,-14.98,35.87,pulses and nuts,Beans,50,KG,aggregate,Retail,MWK,4000.0,2.31,5,2024,21.212121212121215,2.18851330357396,True,Moderate
2025-04-15,Southern Region,Machinga,Nayuchi,2131,-14.98,35.87,pulses and nuts,Beans,50,KG,aggregate,Retail,MWK,6000.0,3.49,4,2025,50.0,2.0991304970965317,True,Severe
2025-04-15,Southern Region,Machinga,Nayuchi,2131,-14.98,35.87,cereals and tubers,Cassava,68,KG,aggregate,Retail,MWK,3200.0,1.86,4,2025,700.0,2.6627492103107593,True,Critical
2021-03-15,Southern Region,Machinga,Nayuchi,2131,-14.98,35.87,pulses and nuts,Cowpeas,218,KG,aggregate,Retail,MWK,900.0,1.16,3,2021,28.57142857142858,1.7575090574881307,True,Moderate
2023-01-15,Southern Region,Machinga,Nayuchi,2131,-14.98,35.87,pulses and nuts,Cowpeas,218,KG,aggregate,Retail,MWK,1081.25,1.07,1,2023,35.15625,2.0785845213985894,True,Moderate
2023-11-15,Southern Region,Machinga,Nayuchi,2131,-14.98,35.87,pulses and nuts,Cowpeas,218,KG,aggregate,Retail,MWK,1300.0,0.78,11,2023,29.595661536007654,2.4708685193007383,True,Moderate
2023-12-15,Southern Region,Machinga,Nayuchi,2131,-14.98,35.87,pulses and nuts,Cowpeas,218,KG,aggregate,Retail,MWK,1666.67,1.0,12,2023,28.20538461538462,2.5810375648603925,True,Moderate
2024-05-15,Southern Region,Machinga,Nayuchi,2131,-14.98,35.87,pulses and nuts,Cowpeas,218,KG,aggregate,Retail,MWK,2000.0,1.15,5,2024,20.548011259184264,1.8390147731533262,True,Moderate
2024-09-15,Southern Region,Machinga,Nayuchi,2131,-14.98,35.87,pulses and nuts,Cowpeas,218,KG,aggregate,Retail,MWK,2250.0,1.3,9,2024,52.542372881355924,1.7975456686289137,True,Moderate
2024-12-15,Southern Region,Machinga,Nayuchi,2131,-14.98,35.87,pulses and nuts,Cowpeas,218,KG,aggregate,Retail,MWK,2781.25,1.61,12,2024,39.0625,1.9878337452586778,True,Moderate
2025-03-15,Southern Region,Machinga,Nayuchi,2131,-14.98,35.87,pulses and nuts,Cowpeas,218,KG,aggregate,Retail,MWK,4000.0,2.32,3,2025,33.33333333333333,2.263523581125168,True,Moderate
2026-02-15,Southern Region,Machinga,Nayuchi,2131,-14.98,35.87,vegetables and fruits,Exotic vegetables,1335,KG,aggregate,Retail,MWK,1340.0,0.77,2,2026,34.00000000000001,1.5285950657576555,True,Moderate
2026-03-15,Southern Region,Machinga,Nayuchi,2131,-14.98,35.87,vegetables and fruits,Exotic vegetables,1335,KG,aggregate,Retail,MWK,2000.0,1.15,3,2026,49.25373134328359,1.7774649988625164,True,Moderate
2025-12-15,Southern Region,Machinga,Nayuchi,2131,-14.98,35.87,pulses and nuts,Groundnuts (shelled),119,KG,aggregate,Retail,MWK,10000.0,5.77,12,2025,42.85714285714286,1.6865588925761292,True,Moderate
2022-08-15,Southern Region,Machinga,Nayuchi,2131,-14.98,35.87,cereals and tubers,Maize,51,KG,aggregate,Retail,MWK,310.0,0.3,8,2022,74.64788732394365,2.074315131393132,True,Severe
2025-09-15,Southern Region,Machinga,Nayuchi,2131,-14.98,35.87,cereals and tubers,Maize,51,KG,aggregate,Retail,MWK,1287.83,0.74,9,2025,315.4290322580645,3.141568076276907,True,Critical
2023-01-15,Southern Region,Machinga,Nayuchi,2131,-14.98,35.87,cereals and tubers,Maize (new harvest),1229,KG,aggregate,Retail,MWK,503.75,0.5,1,2023,235.83333333333334,2.5123719717639723,True,Critical
2023-07-15,Southern Region,Machinga,Nayuchi,2131,-14.98,35.87,cereals and tubers,Maize (new harvest),1229,KG,aggregate,Retail,MWK,607.78,0.59,7,2023,34.68808864265927,1.5798847727637761,True,Moderate
2023-08-15,Southern Region,Machinga,Nayuchi,2131,-14.98,35.87,cereals and tubers,Maize (new harvest),1229,KG,aggregate,Retail,MWK,740.0,0.69,8,2023,21.754582250156318,1.7565686887582757,True,Moderate
2025-02-15,Southern Region,Machinga,Nayuchi,2131,-14.98,35.87,cereals and tubers,Maize (new harvest),1229,KG,aggregate,Retail,MWK,1526.79,0.89,2,2025,21.28739613288635,2.1494029882026426,True,Moderate
2025-10-15,Southern Region,Machinga,Nayuchi,2131,-14.98,35.87,cereals and tubers,Millet,73,KG,aggregate,Retail,MWK,3331.58,1.92,10,2025,375.94000000000005,2.6485291782655804,True,Critical
2021-04-15,Southern Region,Machinga,Nayuchi,2131,-14.98,35.87,oil and fats,Oil (vegetable),96,L,aggregate,Retail,MWK,1900.0,2.45,4,2021,46.153846153846146,1.7356790438561882,True,Moderate
2025-03-15,Southern Region,Machinga,Nayuchi,2131,-14.98,35.87,oil and fats,Oil (vegetable),96,L,aggregate,Retail,MWK,6500.0,3.77,3,2025,400.0,2.632312061285275,True,Critical
2021-03-15,Southern Region,Machinga,Nayuchi,2131,-14.98,35.87,pulses and nuts,Pigeon peas,155,KG,aggregate,Retail,MWK,950.0,1.23,3,2021,89.99999999999999,1.5093051365664827,True,Moderate
2023-06-15,Southern Region,Machinga,Nayuchi,2131,-14.98,35.87,pulses and nuts,Pigeon peas,155,KG,aggregate,Retail,MWK,1200.0,1.18,6,2023,84.61538461538463,2.021133580409617,True,Severe
2023-11-15,Southern Region,Machinga,Nayuchi,2131,-14.98,35.87,pulses and nuts,Pigeon peas,155,KG,aggregate,Retail,MWK,1200.0,0.72,11,2023,33.33333333333333,1.6444794387243713,True,Moderate
2023-12-15,Southern Region,Machinga,Nayuchi,2131,-14.98,35.87,pulses and nuts,Pigeon peas,155,KG,aggregate,Retail,MWK,1500.0,0.9,12,2023,25.0,2.238179798158953,True,Moderate
2024-01-15,Southern Region,Machinga,Nayuchi,2131,-14.98,35.87,pulses and nuts,Pigeon peas,155,KG,aggregate,Retail,MWK,1876.47,1.13,1,2024,25.098,2.3502522376702335,True,Moderate
2024-05-15,Southern Region,Machinga,Nayuchi,2131,-14.98,35.87,pulses and nuts,Pigeon peas,155,KG,aggregate,Retail,MWK,2500.0,1.44,5,2024,25.0,2.108386043939335,True,Moderate
2025-01-15,Southern Region,Machinga,Nayuchi,2131,-14.98,35.87,pulses and nuts,Pigeon peas,155,KG,aggregate,Retail,MWK,3147.06,1.83,1,2025,24.945310173697276,2.0057142264822376,True,Moderate
2025-09-15,Southern Region,Machinga,Nayuchi,2131,-14.98,35.87,cereals and tubers,Rice,52,KG,aggregate,Retail,MWK,4000.0,2.31,9,2025,515.3846153846155,2.6651543677632192,True,Critical
2025-11-15,Southern Region,Machinga,Nayuchi,2131,-14.98,35.87,cereals and tubers,Sorghum,65,KG,aggregate,Retail,MWK,1865.63,1.08,11,2025,69.60272727272726,1.7597394449622878,True,Moderate
2025-11-15,Southern Region,Machinga,Nayuchi,2131,-14.98,35.87,pulses and nuts,Soybeans,248,KG,aggregate,Retail,MWK,2943.75,1.7,11,2025,50.150724548974004,1.8427324763704067,True,Moderate
2026-01-15,Southern Region,Machinga,Nayuchi,2131,-14.98,35.87,pulses and nuts,Soybeans,248,KG,aggregate,Retail,MWK,4000.0,2.31,1,2026,33.33333333333333,1.9422692487325746,True,Moderate
2025-03-15,Southern Region,Machinga,Nayuchi,2131,-14.98,35.87,miscellaneous food,Sugar,97,KG,aggregate,Retail,MWK,4000.0,2.32,3,2025,400.0,2.6648360041230688,True,Critical
2025-06-15,Southern Region,Machinga,Nayuchi,2131,-14.98,35.87,miscellaneous food,Sugar,97,KG,aggregate,Retail,MWK,5331.67,3.08,6,2025,33.13066189910208,1.946145039322112,True,Moderate
2025-07-15,Southern Region,Machinga,Nayuchi,2131,-14.98,35.87,cereals and tubers,Sweet potatoes,87,KG,aggregate,Retail,MWK,833.33,0.48,7,2025,47.54165117473135,1.721347216021104,True,Moderate
2025-08-15,Southern Region,Machinga,Nayuchi,2131,-14.98,35.87,cereals and tubers,Sweet potatoes,87,KG,aggregate,Retail,MWK,1111.11,0.64,8,2025,33.33373333493333,2.1041977348058905,True,Moderate
2021-01-15,Southern Region,Machinga,Nsanama,2132,-15.0,35.49,pulses and nuts,Beans,50,KG,aggregate,Retail,MWK,1600.0,2.1,1,2021,23.636138843383936,1.5749729967181985,True,Moderate
2023-01-15,Southern Region,Machinga,Nsanama,2132,-15.0,35.49,pulses and nuts,Beans,50,KG,aggregate,Retail,MWK,2175.0,2.16,1,2023,35.9375,2.0545884908251635,True,Moderate
2024-05-15,Southern Region,Machinga,Nsanama,2132,-15.0,35.49,pulses and nuts,Beans,50,KG,aggregate,Retail,MWK,4000.0,2.31,5,2024,45.45454545454546,2.308420784120742,True,Severe
2025-09-15,Southern Region,Machinga,Nsanama,2132,-15.0,35.49,pulses and nuts,Beans,50,KG,aggregate,Retail,MWK,6933.33,4.0,9,2025,32.76595011317025,1.666740133209868,True,Moderate
2025-03-15,Southern Region,Machinga,Nsanama,2132,-15.0,35.49,cereals and tubers,Cassava,68,KG,aggregate,Retail,MWK,4000.0,2.32,3,2025,2566.666666666667,2.4684908523977787,True,Severe
2023-01-15,Southern Region,Machinga,Nsanama,2132,-15.0,35.49,pulses and nuts,Cowpeas,218,KG,aggregate,Retail,MWK,1328.13,1.32,1,2023,40.372034032658675,2.5479531178594255,True,Severe
2023-11-15,Southern Region,Machinga,Nsanama,2132,-15.0,35.49,pulses and nuts,Cowpeas,218,KG,aggregate,Retail,MWK,1350.0,0.81,11,2023,22.72727272727273,1.6344163478993663,True,Moderate
2023-12-15,Southern Region,Machinga,Nsanama,2132,-15.0,35.49,pulses and nuts,Cowpeas,218,KG,aggregate,Retail,MWK,1750.0,1.05,12,2023,29.629629629629626,2.378772416090002,True,Moderate
2024-09-15,Southern Region,Machinga,Nsanama,2132,-15.0,35.49,pulses and nuts,Cowpeas,218,KG,aggregate,Retail,MWK,2500.0,1.45,9,2024,21.145160977689926,2.089167103037894,True,Moderate
2025-02-15,Southern Region,Machinga,Nsanama,2132,-15.0,35.49,pulses and nuts,Cowpeas,218,KG,aggregate,Retail,MWK,3777.78,2.19,2,2025,25.926000000000005,1.7014633224565232,True,Moderate
2026-01-15,Southern Region,Machinga,Nsanama,2132,-15.0,35.49,vegetables and fruits,Exotic vegetables,1335,KG,aggregate,Retail,MWK,2500.0,1.44,1,2026,101.7479441884487,1.623723959914397,True,Moderate
2026-01-15,Southern Region,Machinga,Nsanama,2132,-15.0,35.49,vegetables and fruits,Local vegetables,1333,KG,aggregate,Retail,MWK,800.0,0.46,1,2026,60.00000000000001,1.568400127641507,True,Moderate
2022-01-15,Southern Region,Machinga,Nsanama,2132,-15.0,35.49,cereals and tubers,Maize,51,KG,aggregate,Retail,MWK,232.5,0.29,1,2022,45.3125,2.1217121017515987,True,Severe
2022-08-15,Southern Region,Machinga,Nsanama,2132,-15.0,35.49,cereals and tubers,Maize,51,KG,aggregate,Retail,MWK,350.0,0.34,8,2022,50.53763440860215,2.826953183854684,True,Severe
2025-09-15,Southern Region,Machinga,Nsanama,2132,-15.0,35.49,cereals and tubers,Maize,51,KG,aggregate,Retail,MWK,1480.0,0.85,9,2025,316.9014084507042,3.1169857604191855,True,Critical
2023-01-15,Southern Region,Machinga,Nsanama,2132,-15.0,35.49,cereals and tubers,Maize (new harvest),1229,KG,aggregate,Retail,MWK,534.37,0.53,1,2023,345.3083333333334,2.382230142609059,True,Severe
2023-07-15,Southern Region,Machinga,Nsanama,2132,-15.0,35.49,cereals and tubers,Maize (new harvest),1229,KG,aggregate,Retail,MWK,728.12,0.7,7,2023,45.623999999999995,1.5949747693234448,True,Moderate
2025-01-15,Southern Region,Machinga,Nsanama,2132,-15.0,35.49,cereals and tubers,Maize (new harvest),1229,KG,aggregate,Retail,MWK,1300.0,0.76,1,2025,22.714443489998782,2.3558657202864643,True,Moderate
2025-02-15,Southern Region,Machinga,Nsanama,2132,-15.0,35.49,cereals and tubers,Maize (new harvest),1229,KG,aggregate,Retail,MWK,1628.57,0.95,2,2025,25.274615384615373,2.4523419146640504,True,Moderate
2021-04-15,Southern Region,Machinga,Nsanama,2132,-15.0,35.49,cereals and tubers,Millet,73,KG,aggregate,Retail,MWK,975.0,1.26,4,2021,34.48275862068966,1.8450596480104142,True,Moderate
2025-10-15,Southern Region,Machinga,Nsanama,2132,-15.0,35.49,cereals and tubers,Millet,73,KG,aggregate,Retail,MWK,3078.95,1.78,10,2025,339.84999999999997,2.4598292560045936,True,Severe
2026-01-15,Southern Region,Machinga,Nsanama,2132,-15.0,35.49,cereals and tubers,Millet,73,KG,aggregate,Retail,MWK,4000.0,2.31,1,2026,31.147540983606547,1.7373515103385608,True,Moderate
2026-03-15,Southern Region,Machinga,Nsanama,2132,-15.0,35.49,cereals and tubers,Millet,73,KG,aggregate,Retail,MWK,6000.0,3.46,3,2026,100.0,2.1602338174270916,True,Severe
2025-04-15,Southern Region,Machinga,Nsanama,2132,-15.0,35.49,oil and fats,Oil (vegetable),96,L,aggregate,Retail,MWK,7781.25,4.53,4,2025,476.3888888888889,2.4720261912593102,True,Severe
2023-02-15,Southern Region,Machinga,Nsanama,2132,-15.0,35.49,pulses and nuts,Pigeon peas,155,KG,aggregate,Retail,MWK,1000.0,0.98,2,2023,21.212121212121215,1.777949366227752,True,Moderate
2023-10-15,Southern Region,Machinga,Nsanama,2132,-15.0,35.49,pulses and nuts,Pigeon peas,155,KG,aggregate,Retail,MWK,1050.0,0.91,10,2023,75.0,1.7127352503994118,True,Moderate
2023-11-15,Southern Region,Machinga,Nsanama,2132,-15.0,35.49,pulses and nuts,Pigeon peas,155,KG,aggregate,Retail,MWK,1350.0,0.81,11,2023,28.57142857142858,2.4188980533295097,True,Moderate
2024-01-15,Southern Region,Machinga,Nsanama,2132,-15.0,35.49,pulses and nuts,Pigeon peas,155,KG,aggregate,Retail,MWK,2955.0,1.77,1,2024,97.0,2.892319152320891,True,Critical
2024-10-15,Southern Region,Machinga,Nsanama,2132,-15.0,35.49,pulses and nuts,Pigeon peas,155,KG,aggregate,Retail,MWK,3000.0,1.73,10,2024,36.36363636363635,1.6942492094003172,True,Moderate
2025-03-15,Southern Region,Machinga,Nsanama,2132,-15.0,35.49,cereals and tubers,Rice,52,KG,aggregate,Retail,MWK,5000.0,2.9,3,2025,809.0909090909091,2.4748492124022516,True,Severe
2025-08-15,Southern Region,Machinga,Nsanama,2132,-15.0,35.49,cereals and tubers,Sorghum,65,KG,aggregate,Retail,MWK,1200.0,0.69,8,2025,166.66666666666666,2.229843869506893,True,Severe
2025-11-15,Southern Region,Machinga,Nsanama,2132,-15.0,35.49,cereals and tubers,Sorghum,65,KG,aggregate,Retail,MWK,2575.0,1.49,11,2025,148.35075807260526,2.4400509049721677,True,Severe
2025-12-15,Southern Region,Machinga,Nsanama,2132,-15.0,35.49,cereals and tubers,Sorghum,65,KG,aggregate,Retail,MWK,3483.33,2.01,12,2025,35.274951456310674,2.22218895888169,True,Moderate
2026-02-15,Southern Region,Machinga,Nsanama,2132,-15.0,35.49,cereals and tubers,Sorghum,65,KG,aggregate,Retail,MWK,3000.0,1.73,2,2026,200.0,1.5667998715915512,True,Moderate
2025-10-15,Southern Region,Machinga,Nsanama,2132,-15.0,35.49,pulses and nuts,Soybeans,248,KG,aggregate,Retail,MWK,4000.0,2.31,10,2025,45.45454545454546,2.1146398127576527,True,Severe
2025-04-15,Southern Region,Machinga,Nsanama,2132,-15.0,35.49,miscellaneous food,Sugar,97,KG,aggregate,Retail,MWK,3606.94,2.1,4,2025,350.8675,2.473413462408361,True,Severe
2025-06-15,Southern Region,Machinga,Nsanama,2132,-15.0,35.49,miscellaneous food,Sugar,97,KG,aggregate,Retail,MWK,5308.33,3.06,6,2025,29.777865790451585,1.9680046602260768,True,Moderate
2025-03-15,Southern Region,Machinga,Nsanama,2132,-15.0,35.49,cereals and tubers,Sweet potatoes,87,KG,aggregate,Retail,MWK,555.56,0.32,3,2025,85.18666666666665,2.1684375651185412,True,Severe
2025-04-15,Southern Region,Machinga,Nsanama,2132,-15.0,35.49,cereals and tubers,Sweet potatoes,87,KG,aggregate,Retail,MWK,677.08,0.39,4,2025,21.873425012599924,2.0540719943062387,True,Moderate
2025-08-15,Southern Region,Machinga,Nsanama,2132,-15.0,35.49,cereals and tubers,Sweet potatoes,87,KG,aggregate,Retail,MWK,833.33,0.48,8,2025,49.9982000143999,1.9492978554635245,True,Moderate
2023-07-15,Southern Region,Machinga,Nserema,2133,-14.72,35.55,pulses and nuts,Beans,50,KG,aggregate,Retail,MWK,2350.0,2.26,7,2023,28.767123287671236,1.5749393647523426,True,Moderate
2024-01-15,Southern Region,Machinga,Nserema,2133,-14.72,35.55,pulses and nuts,Beans,50,KG,aggregate,Retail,MWK,2794.12,1.68,1,2024,45.149090909090894,1.9315432064251405,True,Moderate
2024-05-15,Southern Region,Machinga,Nserema,2133,-14.72,35.55,pulses and nuts,Beans,50,KG,aggregate,Retail,MWK,4000.0,2.31,5,2024,67.83240256280078,2.3324604202610266,True,Severe
2025-04-15,Southern Region,Machinga,Nserema,2133,-14.72,35.55,pulses and nuts,Beans,50,KG,aggregate,Retail,MWK,6000.0,3.49,4,2025,50.0,1.699528630105927,True,Moderate
2023-08-15,Southern Region,Machinga,Nserema,2133,-14.72,35.55,pulses and nuts,Cowpeas,218,KG,aggregate,Retail,MWK,1420.0,1.32,8,2023,64.63768115942028,1.9239950112943387,True,Moderate
2024-09-15,Southern Region,Machinga,Nserema,2133,-14.72,35.55,pulses and nuts,Cowpeas,218,KG,aggregate,Retail,MWK,2050.0,1.19,9,2024,28.125,1.5640095970662353,True,Moderate
2025-01-15,Southern Region,Machinga,Nserema,2133,-14.72,35.55,pulses and nuts,Cowpeas,218,KG,aggregate,Retail,MWK,3000.0,1.75,1,2025,28.000000000000004,2.159730118912584,True,Moderate
2025-02-15,Southern Region,Machinga,Nserema,2133,-14.72,35.55,pulses and nuts,Cowpeas,218,KG,aggregate,Retail,MWK,3777.78,2.19,2,2025,25.926000000000005,2.3413337078022396,True,Moderate
2025-10-15,Southern Region,Machinga,Nserema,2133,-14.72,35.55,pulses and nuts,Cowpeas,218,KG,aggregate,Retail,MWK,4864.52,2.81,10,2025,40.23841441441442,1.9497060910002202,True,Moderate
2026-01-15,Southern Region,Machinga,Nserema,2133,-14.72,35.55,vegetables and fruits,Exotic vegetables,1335,KG,aggregate,Retail,MWK,1200.0,0.69,1,2026,220.00000000000003,1.7882386245377309,True,Moderate
2022-01-15,Southern Region,Machinga,Nserema,2133,-14.72,35.55,cereals and tubers,Maize,51,KG,aggregate,Retail,MWK,225.0,0.28,1,2022,40.625,2.38536821744135,True,Severe
2022-08-15,Southern Region,Machinga,Nserema,2133,-14.72,35.55,cereals and tubers,Maize,51,KG,aggregate,Retail,MWK,355.0,0.35,8,2022,57.77777777777777,2.8919862055241063,True,Severe
2025-03-15,Southern Region,Machinga,Nserema,2133,-14.72,35.55,cereals and tubers,Maize,51,KG,aggregate,Retail,MWK,1500.0,0.87,3,2025,328.57142857142856,3.1103576979998473,True,Critical
2025-09-15,Southern Region,Machinga,Nserema,2133,-14.72,35.55,cereals and tubers,Maize,51,KG,aggregate,Retail,MWK,1482.61,0.86,9,2025,20.46198721125798,1.7742586286509037,True,Moderate
2023-01-15,Southern Region,Machinga,Nserema,2133,-14.72,35.55,cereals and tubers,Maize (new harvest),1229,KG,aggregate,Retail,MWK,537.5,0.53,1,2023,168.75,1.5,True,Moderate
2025-01-15,Southern Region,Machinga,Nserema,2133,-14.72,35.55,cereals and tubers,Maize (new harvest),1229,KG,aggregate,Retail,MWK,1300.0,0.76,1,2025,20.231213872832377,2.3014778210737235,True,Moderate
2025-02-15,Southern Region,Machinga,Nserema,2133,-14.72,35.55,cereals and tubers,Maize (new harvest),1229,KG,aggregate,Retail,MWK,1611.11,0.94,2,2025,23.93153846153846,2.4222894910008694,True,Moderate
2025-08-15,Southern Region,Machinga,Nserema,2133,-14.72,35.55,cereals and tubers,Maize flour,76,KG,aggregate,Retail,MWK,4212.5,2.43,8,2025,110.62500000000001,2.0214154999216394,True,Severe
2025-04-15,Southern Region,Machinga,Nserema,2133,-14.72,35.55,cereals and tubers,Millet,73,KG,aggregate,Retail,MWK,2000.0,1.16,4,2025,122.22222222222223,1.5,True,Moderate
2025-10-15,Southern Region,Machinga,Nserema,2133,-14.72,35.55,cereals and tubers,Millet,73,KG,aggregate,Retail,MWK,3421.05,1.97,10,2025,71.05250000000001,1.616334522787476,True,Moderate
2025-11-15,Southern Region,Machinga,Nserema,2133,-14.72,35.55,cereals and tubers,Millet,73,KG,aggregate,Retail,MWK,6000.0,3.46,11,2025,75.38475029596177,1.783575540883653,True,Moderate
2023-10-15,Southern Region,Machinga,Nserema,2133,-14.72,35.55,pulses and nuts,Pigeon peas,155,KG,aggregate,Retail,MWK,1155.56,1.01,10,2023,44.445,2.0117419183398764,True,Severe
2023-11-15,Southern Region,Machinga,Nserema,2133,-14.72,35.55,pulses and nuts,Pigeon peas,155,KG,aggregate,Retail,MWK,1566.67,0.94,11,2023,35.57669008965352,2.2166247605156246,True,Moderate
2024-01-15,Southern Region,Machinga,Nserema,2133,-14.72,35.55,pulses and nuts,Pigeon peas,155,KG,aggregate,Retail,MWK,1844.12,1.11,1,2024,53.67666666666666,2.075273010325938,True,Severe
2024-02-15,Southern Region,Machinga,Nserema,2133,-14.72,35.55,pulses and nuts,Pigeon peas,155,KG,aggregate,Retail,MWK,2272.73,1.36,2,2024,23.2419799145392,2.176711730379433,True,Moderate
2025-11-15,Southern Region,Machinga,Nserema,2133,-14.72,35.55,cereals and tubers,Sorghum,65,KG,aggregate,Retail,MWK,6837.5,3.94,11,2025,754.6875,2.0409709212963745,True,Severe
2025-10-15,Southern Region,Machinga,Nserema,2133,-14.72,35.55,pulses and nuts,Soybeans,248,KG,aggregate,Retail,MWK,8368.42,4.83,10,2025,248.68416666666667,2.0362919212857324,True,Severe
2025-03-15,Southern Region,Machinga,Nserema,2133,-14.72,35.55,miscellaneous food,Sugar,97,KG,aggregate,Retail,MWK,3500.0,2.03,3,2025,311.7647058823529,1.5,True,Moderate
2025-07-15,Southern Region,Machinga,Nserema,2133,-14.72,35.55,cereals and tubers,Sweet potatoes,87,KG,aggregate,Retail,MWK,833.33,0.48,7,2025,49.9982000143999,1.510237329217061,True,Moderate
2025-12-15,Southern Region,Machinga,Nserema,2133,-14.72,35.55,cereals and tubers,Sweet potatoes,87,KG,aggregate,Retail,MWK,1111.0,0.64,12,2025,88.0851207909394,1.9240931302865163,True,Moderate
2026-01-15,Southern Region,Machinga,Nserema,2133,-14.72,35.55,vegetables and fruits,Tomatoes,114,KG,aggregate,Retail,MWK,3000.0,1.73,1,2026,100.0,1.5309242832934291,True,Moderate
2024-01-15,Southern Region,Machinga,Ntaja,813,-14.87,35.53,pulses and nuts,Beans,50,KG,aggregate,Retail,MWK,2676.47,1.61,1,2024,33.82349999999998,1.8631840718233783,True,Moderate
2024-05-15,Southern Region,Machinga,Ntaja,813,-14.87,35.53,pulses and nuts,Beans,50,KG,aggregate,Retail,MWK,4000.0,2.31,5,2024,46.93889546032284,2.1820674000223366,True,Severe
2024-09-15,Southern Region,Machinga,Ntaja,813,-14.87,35.53,pulses and nuts,Cowpeas,218,KG,aggregate,Retail,MWK,2175.0,1.26,9,2024,27.941176470588225,1.647581378522,True,Moderate
2024-12-15,Southern Region,Machinga,Ntaja,813,-14.87,35.53,pulses and nuts,Cowpeas,218,KG,aggregate,Retail,MWK,2409.37,1.39,12,2024,20.4685,1.6170835247873143,True,Moderate
2025-01-15,Southern Region,Machinga,Ntaja,813,-14.87,35.53,pulses and nuts,Cowpeas,218,KG,aggregate,Retail,MWK,2970.59,1.73,1,2025,23.29322603004107,2.2433191497033684,True,Moderate
2025-02-15,Southern Region,Machinga,Ntaja,813,-14.87,35.53,pulses and nuts,Cowpeas,218,KG,aggregate,Retail,MWK,3755.56,2.18,2,2025,26.42471697541564,2.513272303165968,True,Moderate
2026-03-15,Southern Region,Machinga,Ntaja,813,-14.87,35.53,"meat, fish and eggs","Fish (small, dry)",1334,KG,aggregate,Retail,MWK,16000.0,9.23,3,2026,100.0,1.997250857807048,True,Moderate
2025-02-15,Southern Region,Machinga,Ntaja,813,-14.87,35.53,cereals and tubers,Maize (new harvest),1229,KG,aggregate,Retail,MWK,1678.57,0.97,2,2025,34.2856,2.092798473021447,True,Moderate
2023-12-15,Southern Region,Machinga,Ntaja,813,-14.87,35.53,pulses and nuts,Pigeon peas,155,KG,aggregate,Retail,MWK,2300.0,1.38,12,2023,43.75,1.5361331842340882,True,Moderate
2025-01-15,Southern Region,Machinga,Ntaja,813,-14.87,35.53,pulses and nuts,Pigeon peas,155,KG,aggregate,Retail,MWK,3000.0,1.75,1,2025,28.000000000000004,1.673876735176331,True,Moderate
2026-02-15,Southern Region,Machinga,Ntaja,813,-14.87,35.53,cereals and tubers,Rice,52,KG,aggregate,Retail,MWK,4500.0,2.6,2,2026,40.625,1.7754870447343245,True,Moderate
2025-08-15,Southern Region,Machinga,Ntaja,813,-14.87,35.53,pulses and nuts,Soybeans,248,KG,aggregate,Retail,MWK,2500.0,1.44,8,2025,25.0,1.5861025565647315,True,Moderate
2025-11-15,Southern Region,Machinga,Ntaja,813,-14.87,35.53,pulses and nuts,Soybeans,248,KG,aggregate,Retail,MWK,2631.25,1.52,11,2025,46.18055555555556,1.5455294854528558,True,Moderate
2024-09-15,Southern Region,Mangochi,Chiponde,9643,-14.37,35.6,pulses and nuts,Beans,50,KG,aggregate,Retail,MWK,4000.0,2.32,9,2024,33.33333333333333,2.0350672925236273,True,Moderate
2025-04-15,Southern Region,Mangochi,Chiponde,9643,-14.37,35.6,pulses and nuts,Beans,50,KG,aggregate,Retail,MWK,5500.0,3.2,4,2025,22.222222222222232,1.6235775634544025,True,Moderate
2025-07-15,Southern Region,Mangochi,Chiponde,9643,-14.37,35.6,pulses and nuts,Beans,50,KG,aggregate,Retail,MWK,6500.0,3.75,7,2025,30.000000000000004,2.1133211383528665,True,Moderate
2023-12-15,Southern Region,Mangochi,Chiponde,9643,-14.37,35.6,pulses and nuts,Cowpeas,218,KG,aggregate,Retail,MWK,4000.0,2.4,12,2023,300.0,1.7820034977304844,True,Moderate
2026-02-15,Southern Region,Mangochi,Chiponde,9643,-14.37,35.6,pulses and nuts,Cowpeas,218,KG,aggregate,Retail,MWK,4625.0,2.67,2,2026,34.62456483519043,2.1095385927319508,True,Moderate
2026-01-15,Southern Region,Mangochi,Chiponde,9643,-14.37,35.6,vegetables and fruits,Exotic vegetables,1335,KG,aggregate,Retail,MWK,2010.0,1.16,1,2026,103.03030303030303,1.6570676347495958,True,Moderate
2024-01-15,Southern Region,Mangochi,Chiponde,9643,-14.37,35.6,cereals and tubers,Maize (new harvest),1229,KG,aggregate,Retail,MWK,970.0,0.58,1,2024,21.249999999999993,1.8984774512338578,True,Moderate
2025-01-15,Southern Region,Mangochi,Chiponde,9643,-14.37,35.6,cereals and tubers,Maize (new harvest),1229,KG,aggregate,Retail,MWK,1333.82,0.78,1,2025,27.706713645589964,2.3431545293576757,True,Moderate
2025-02-15,Southern Region,Mangochi,Chiponde,9643,-14.37,35.6,cereals and tubers,Maize (new harvest),1229,KG,aggregate,Retail,MWK,1601.85,0.93,2,2025,20.094915355895093,2.30349915317065,True,Moderate
2024-02-15,Southern Region,Mangochi,Chiponde,9643,-14.37,35.6,pulses and nuts,Pigeon peas,155,KG,aggregate,Retail,MWK,2000.0,1.2,2,2024,33.33333333333333,1.8829796587179626,True,Moderate
2024-10-15,Southern Region,Mangochi,Chiponde,9643,-14.37,35.6,pulses and nuts,Pigeon peas,155,KG,aggregate,Retail,MWK,3000.0,1.73,10,2024,50.0,2.1290267367503737,True,Severe
2025-10-15,Southern Region,Mangochi,Chiponde,9643,-14.37,35.6,pulses and nuts,Soybeans,248,KG,aggregate,Retail,MWK,4000.0,2.31,10,2025,60.00000000000001,2.184645782334295,True,Severe
2025-11-15,Southern Region,Mangochi,Chiponde,9643,-14.37,35.6,cereals and tubers,Sweet potatoes,87,KG,aggregate,Retail,MWK,1876.83,1.08,11,2025,102.68142548596111,2.176482043368706,True,Severe
2023-01-15,Southern Region,Mangochi,Makanjira,3628,-13.71,35.04,pulses and nuts,Beans,50,KG,aggregate,Retail,MWK,1600.0,1.59,1,2023,48.837209302325576,2.3878280926201825,True,Severe
2023-07-15,Southern Region,Mangochi,Makanjira,3628,-13.71,35.04,pulses and nuts,Beans,50,KG,aggregate,Retail,MWK,1655.56,1.59,7,2023,28.587184466019423,1.8717800870274675,True,Moderate
2023-09-15,Southern Region,Mangochi,Makanjira,3628,-13.71,35.04,pulses and nuts,Beans,50,KG,aggregate,Retail,MWK,2000.0,1.83,9,2023,37.93103448275863,2.0418288747651365,True,Moderate
2023-11-15,Southern Region,Mangochi,Makanjira,3628,-13.71,35.04,pulses and nuts,Beans,50,KG,aggregate,Retail,MWK,2250.0,1.35,11,2023,55.172413793103445,1.9943320266568778,True,Moderate
2024-09-15,Southern Region,Mangochi,Makanjira,3628,-13.71,35.04,pulses and nuts,Beans,50,KG,aggregate,Retail,MWK,3800.0,2.2,9,2024,35.71428571428572,2.1456359787509225,True,Moderate
2025-02-15,Southern Region,Mangochi,Makanjira,3628,-13.71,35.04,pulses and nuts,Beans,50,KG,aggregate,Retail,MWK,3941.67,2.29,2,2025,64.23625,1.8852864326091725,True,Moderate
2025-04-15,Southern Region,Mangochi,Makanjira,3628,-13.71,35.04,pulses and nuts,Beans,50,KG,aggregate,Retail,MWK,5666.67,3.3,4,2025,26.865651592797324,2.313650335181389,True,Moderate
2025-09-15,Southern Region,Mangochi,Makanjira,3628,-13.71,35.04,pulses and nuts,Beans,50,KG,aggregate,Retail,MWK,6456.52,3.72,9,2025,29.1304,1.9187952035637945,True,Moderate
2025-06-15,Southern Region,Mangochi,Makanjira,3628,-13.71,35.04,cereals and tubers,Cassava,68,KG,aggregate,Retail,MWK,2400.0,1.38,6,2025,1900.0,2.267779137813548,True,Severe
2023-11-15,Southern Region,Mangochi,Makanjira,3628,-13.71,35.04,pulses and nuts,Cowpeas,218,KG,aggregate,Retail,MWK,1250.0,0.75,11,2023,72.41379310344827,1.720387033089985,True,Moderate
2025-06-15,Southern Region,Mangochi,Makanjira,3628,-13.71,35.04,pulses and nuts,Cowpeas,218,KG,aggregate,Retail,MWK,3500.0,2.02,6,2025,125.80645161290325,2.252738380322572,True,Severe
2025-08-15,Southern Region,Mangochi,Makanjira,3628,-13.71,35.04,pulses and nuts,Cowpeas,218,KG,aggregate,Retail,MWK,4161.29,2.4,8,2025,26.47067762406088,1.7506073569922436,True,Moderate
2020-12-15,Southern Region,Mangochi,Makanjira,3628,-13.71,35.04,cereals and tubers,Maize,51,KG,aggregate,Retail,MWK,430.0,0.57,12,2020,244.0,1.571963562137236,True,Moderate
2025-04-15,Southern Region,Mangochi,Makanjira,3628,-13.71,35.04,cereals and tubers,Maize,51,KG,aggregate,Retail,MWK,1400.0,0.82,4,2025,366.6666666666667,3.065214257738479,True,Critical
2023-01-15,Southern Region,Mangochi,Makanjira,3628,-13.71,35.04,cereals and tubers,Maize (new harvest),1229,KG,aggregate,Retail,MWK,420.0,0.42,1,2023,205.45454545454547,2.1665291741405124,True,Severe
2023-08-15,Southern Region,Mangochi,Makanjira,3628,-13.71,35.04,cereals and tubers,Maize (new harvest),1229,KG,aggregate,Retail,MWK,600.0,0.56,8,2023,26.761456066592014,1.678476602273056,True,Moderate
2023-09-15,Southern Region,Mangochi,Makanjira,3628,-13.71,35.04,cereals and tubers,Maize (new harvest),1229,KG,aggregate,Retail,MWK,750.0,0.68,9,2023,25.0,1.9181977295647095,True,Moderate
2023-12-15,Southern Region,Mangochi,Makanjira,3628,-13.71,35.04,cereals and tubers,Maize (new harvest),1229,KG,aggregate,Retail,MWK,1000.0,0.6,12,2023,21.95121951219512,1.8337703335889692,True,Moderate
2024-01-15,Southern Region,Mangochi,Makanjira,3628,-13.71,35.04,cereals and tubers,Maize (new harvest),1229,KG,aggregate,Retail,MWK,1205.88,0.72,1,2024,20.588000000000008,1.9929632813496834,True,Moderate
2025-02-15,Southern Region,Mangochi,Makanjira,3628,-13.71,35.04,cereals and tubers,Maize (new harvest),1229,KG,aggregate,Retail,MWK,1741.67,1.01,2,2025,81.42395833333333,2.466826727838972,True,Severe
2025-04-15,Southern Region,Mangochi,Makanjira,3628,-13.71,35.04,oil and fats,Oil (vegetable),96,L,aggregate,Retail,MWK,8933.33,5.2,4,2025,644.4441666666667,2.267761816396909,True,Severe
2025-09-15,Southern Region,Mangochi,Makanjira,3628,-13.71,35.04,pulses and nuts,Pigeon peas,155,KG,aggregate,Retail,MWK,3800.0,2.19,9,2025,153.33333333333331,2.7080836048865593,True,Critical
2025-04-15,Southern Region,Mangochi,Makanjira,3628,-13.71,35.04,cereals and tubers,Rice,52,KG,aggregate,Retail,MWK,5000.0,2.91,4,2025,614.2857142857143,2.267568802904934,True,Severe
2025-04-15,Southern Region,Mangochi,Makanjira,3628,-13.71,35.04,miscellaneous food,Sugar,97,KG,aggregate,Retail,MWK,3833.33,2.23,4,2025,325.9255555555556,2.2673285534218075,True,Severe
2025-06-15,Southern Region,Mangochi,Makanjira,3628,-13.71,35.04,miscellaneous food,Sugar,97,KG,aggregate,Retail,MWK,5466.67,3.15,6,2025,21.98358577969779,1.7607183199268266,True,Moderate
2025-04-15,Southern Region,Mangochi,Makanjira,3628,-13.71,35.04,cereals and tubers,Sweet potatoes,87,KG,aggregate,Retail,MWK,833.33,0.49,4,2025,233.332,2.2568576442171313,True,Severe
2025-10-15,Southern Region,Mangochi,Makanjira,3628,-13.71,35.04,cereals and tubers,Sweet potatoes,87,KG,aggregate,Retail,MWK,1111.0,0.64,10,2025,33.3733493397359,1.7839388756742445,True,Moderate
2023-01-15,Southern Region,Mangochi,Mangochi Boma,787,-14.48,35.26,pulses and nuts,Beans,50,KG,aggregate,Retail,MWK,1544.44,1.53,1,2023,64.01074686461288,2.2131461307136906,True,Severe
2023-11-15,Southern Region,Mangochi,Mangochi Boma,787,-14.48,35.26,pulses and nuts,Beans,50,KG,aggregate,Retail,MWK,2225.0,1.33,11,2023,21.91780821917808,1.916391141070287,True,Moderate
2025-02-15,Southern Region,Mangochi,Mangochi Boma,787,-14.48,35.26,pulses and nuts,Beans,50,KG,aggregate,Retail,MWK,4975.0,2.89,2,2025,24.374999999999993,2.071309452277185,True,Moderate
2025-04-15,Southern Region,Mangochi,Mangochi Boma,787,-14.48,35.26,cereals and tubers,Cassava,68,KG,aggregate,Retail,MWK,2000.0,1.16,4,2025,400.0,2.2523549271864898,True,Severe
2025-05-15,Southern Region,Mangochi,Mangochi Boma,787,-14.48,35.26,cereals and tubers,Cassava,68,KG,aggregate,Retail,MWK,2800.0,1.62,5,2025,39.99999999999999,1.9774921135675743,True,Moderate
2023-01-15,Southern Region,Mangochi,Mangochi Boma,787,-14.48,35.26,pulses and nuts,Cowpeas,218,KG,aggregate,Retail,MWK,1200.0,1.19,1,2023,100.0,2.1988822210371177,True,Severe
2025-02-15,Southern Region,Mangochi,Mangochi Boma,787,-14.48,35.26,pulses and nuts,Cowpeas,218,KG,aggregate,Retail,MWK,3000.0,1.74,2,2025,50.0,2.262294482360333,True,Severe
2026-02-15,Southern Region,Mangochi,Mangochi Boma,787,-14.48,35.26,vegetables and fruits,Exotic vegetables,1335,KG,aggregate,Retail,MWK,2010.0,1.16,2,2026,294.11764705882354,1.7767108299894498,True,Moderate
2026-02-15,Southern Region,Mangochi,Mangochi Boma,787,-14.48,35.26,vegetables and fruits,Local vegetables,1333,KG,aggregate,Retail,MWK,1200.0,0.69,2,2026,700.0,1.780030414329334,True,Moderate
2022-01-15,Southern Region,Mangochi,Mangochi Boma,787,-14.48,35.26,cereals and tubers,Maize,51,KG,aggregate,Retail,MWK,220.0,0.27,1,2022,22.222222222222232,2.3545412669122054,True,Moderate
2022-09-15,Southern Region,Mangochi,Mangochi Boma,787,-14.48,35.26,cereals and tubers,Maize,51,KG,aggregate,Retail,MWK,347.5,0.34,9,2022,57.95454545454546,2.9851931956457314,True,Severe
2025-04-15,Southern Region,Mangochi,Mangochi Boma,787,-14.48,35.26,cereals and tubers,Maize,51,KG,aggregate,Retail,MWK,1205.88,0.7,4,2025,247.01582733812955,3.1263949501768433,True,Critical
2025-09-15,Southern Region,Mangochi,Mangochi Boma,787,-14.48,35.26,cereals and tubers,Maize,51,KG,aggregate,Retail,MWK,1400.0,0.81,9,2025,39.99999999999999,2.043991720716932,True,Moderate
2023-01-15,Southern Region,Mangochi,Mangochi Boma,787,-14.48,35.26,cereals and tubers,Maize (new harvest),1229,KG,aggregate,Retail,MWK,405.0,0.4,1,2023,140.0,2.2164039153254445,True,Severe
2023-04-15,Southern Region,Mangochi,Mangochi Boma,787,-14.48,35.26,cereals and tubers,Maize (new harvest),1229,KG,aggregate,Retail,MWK,780.0,0.77,4,2023,92.59259259259258,2.3182983208988905,True,Severe
2025-02-15,Southern Region,Mangochi,Mangochi Boma,787,-14.48,35.26,cereals and tubers,Maize (new harvest),1229,KG,aggregate,Retail,MWK,1662.5,0.96,2,2025,96.7455621301775,2.9977483009007417,True,Critical
2025-11-15,Southern Region,Mangochi,Mangochi Boma,787,-14.48,35.26,cereals and tubers,Millet,73,KG,aggregate,Retail,MWK,3000.0,1.73,11,2025,548.6486486486486,2.265536113661171,True,Severe
2025-04-15,Southern Region,Mangochi,Mangochi Boma,787,-14.48,35.26,oil and fats,Oil (vegetable),96,L,aggregate,Retail,MWK,8588.24,5.0,4,2025,660.5798949670997,2.267436120683533,True,Severe
2025-10-15,Southern Region,Mangochi,Mangochi Boma,787,-14.48,35.26,oil and fats,Oil (vegetable),96,L,aggregate,Retail,MWK,12000.0,6.92,10,2025,71.42857142857142,1.682757299291635,True,Moderate
2023-01-15,Southern Region,Mangochi,Mangochi Boma,787,-14.48,35.26,pulses and nuts,Pigeon peas,155,KG,aggregate,Retail,MWK,1000.0,0.99,1,2023,71.42955102600585,2.177458166030563,True,Severe
2024-09-15,Southern Region,Mangochi,Mangochi Boma,787,-14.48,35.26,pulses and nuts,Pigeon peas,155,KG,aggregate,Retail,MWK,2350.0,1.36,9,2024,38.23529411764706,2.5913637286414235,True,Moderate
2025-02-15,Southern Region,Mangochi,Mangochi Boma,787,-14.48,35.26,pulses and nuts,Pigeon peas,155,KG,aggregate,Retail,MWK,3000.0,1.74,2,2025,50.0,2.32228283736699,True,Severe
2025-04-15,Southern Region,Mangochi,Mangochi Boma,787,-14.48,35.26,cereals and tubers,Rice,52,KG,aggregate,Retail,MWK,5000.0,2.91,4,2025,561.1570247933885,2.4746237702595155,True,Severe
2025-11-15,Southern Region,Mangochi,Mangochi Boma,787,-14.48,35.26,cereals and tubers,Sorghum,65,KG,aggregate,Retail,MWK,3000.0,1.73,11,2025,471.42857142857144,2.248899013494607,True,Severe
2025-04-15,Southern Region,Mangochi,Mangochi Boma,787,-14.48,35.26,miscellaneous food,Sugar,97,KG,aggregate,Retail,MWK,3676.47,2.14,4,2025,311.3532867132867,2.2671634830705,True,Severe
2025-05-15,Southern Region,Mangochi,Mangochi Boma,787,-14.48,35.26,miscellaneous food,Sugar,97,KG,aggregate,Retail,MWK,4525.0,2.61,5,2025,23.080019692803155,1.8815108935960383,True,Moderate
2025-04-15,Southern Region,Mangochi,Mangochi Boma,787,-14.48,35.26,cereals and tubers,Sweet potatoes,87,KG,aggregate,Retail,MWK,916.67,0.53,4,2025,195.2999162425101,2.251243997777502,True,Severe
2025-10-15,Southern Region,Mangochi,Mangochi Boma,787,-14.48,35.26,cereals and tubers,Sweet potatoes,87,KG,aggregate,Retail,MWK,1111.0,0.64,10,2025,33.3733493397359,1.6751395933220268,True,Moderate
2026-03-15,Southern Region,Mangochi,Mangochi Boma,787,-14.48,35.26,vegetables and fruits,Tomatoes,114,KG,aggregate,Retail,MWK,3000.0,1.73,3,2026,66.66666666666667,1.6446419560587584,True,Moderate
2024-05-15,Southern Region,Mangochi,Monkey Bay,793,-14.09,34.91,pulses and nuts,Beans,50,KG,aggregate,Retail,MWK,4000.0,2.31,5,2024,41.5929203539823,2.0235057961614755,True,Severe
2024-09-15,Southern Region,Mangochi,Monkey Bay,793,-14.09,34.91,pulses and nuts,Cowpeas,218,KG,aggregate,Retail,MWK,2475.0,1.43,9,2024,54.6875,2.072896398343832,True,Severe
2024-12-15,Southern Region,Mangochi,Monkey Bay,793,-14.09,34.91,pulses and nuts,Cowpeas,218,KG,aggregate,Retail,MWK,3000.0,1.73,12,2024,33.33333333333333,1.753346712274632,True,Moderate
2026-01-15,Southern Region,Mangochi,Monkey Bay,793,-14.09,34.91,vegetables and fruits,Exotic vegetables,1335,KG,aggregate,Retail,MWK,1340.0,0.77,1,2026,112.6984126984127,1.6854087510330886,True,Moderate
2026-02-15,Southern Region,Mangochi,Monkey Bay,793,-14.09,34.91,vegetables and fruits,Exotic vegetables,1335,KG,aggregate,Retail,MWK,3350.0,1.93,2,2026,150.0,1.920809739617378,True,Moderate
2025-10-15,Southern Region,Mangochi,Monkey Bay,793,-14.09,34.91,pulses and nuts,Groundnuts (shelled),119,KG,aggregate,Retail,MWK,9000.0,5.19,10,2025,28.57142857142858,1.628455853661296,True,Moderate
2026-01-15,Southern Region,Mangochi,Monkey Bay,793,-14.09,34.91,pulses and nuts,Groundnuts (shelled),119,KG,aggregate,Retail,MWK,12000.0,6.92,1,2026,33.33333333333333,2.1410671687443985,True,Moderate
2025-01-15,Southern Region,Mangochi,Monkey Bay,793,-14.09,34.91,cereals and tubers,Maize (new harvest),1229,KG,aggregate,Retail,MWK,1529.17,0.89,1,2025,45.63523809523811,2.596020416586407,True,Severe
2024-09-15,Southern Region,Mangochi,Monkey Bay,793,-14.09,34.91,pulses and nuts,Pigeon peas,155,KG,aggregate,Retail,MWK,2475.0,1.43,9,2024,23.750000000000004,1.6772462229661667,True,Moderate
2024-12-15,Southern Region,Mangochi,Monkey Bay,793,-14.09,34.91,pulses and nuts,Pigeon peas,155,KG,aggregate,Retail,MWK,3000.0,1.73,12,2024,33.33333333333333,1.75893720089231,True,Moderate
2025-03-15,Southern Region,Mangochi,Monkey Bay,793,-14.09,34.91,pulses and nuts,Pigeon peas,155,KG,aggregate,Retail,MWK,4500.0,2.61,3,2025,32.78684170923223,2.2493625983985157,True,Moderate
2026-01-15,Southern Region,Mangochi,Monkey Bay,793,-14.09,34.91,pulses and nuts,Soybeans,248,KG,aggregate,Retail,MWK,3750.0,2.16,1,2026,127.2727272727273,1.8643670415338056,True,Moderate
2023-06-15,Central Region,Mchinji,Mchinji Boma,789,-13.8,32.9,pulses and nuts,Beans,50,KG,aggregate,Retail,MWK,1615.62,1.59,6,2023,36.91694915254236,2.2858557388898357,True,Moderate
2024-01-15,Central Region,Mchinji,Mchinji Boma,789,-13.8,32.9,pulses and nuts,Beans,50,KG,aggregate,Retail,MWK,2752.94,1.65,1,2024,25.13363636363637,1.9626725038371293,True,Moderate
2024-06-15,Central Region,Mchinji,Mchinji Boma,789,-13.8,32.9,pulses and nuts,Beans,50,KG,aggregate,Retail,MWK,3750.0,2.16,6,2024,25.0,1.9696344075565615,True,Moderate
2025-02-15,Central Region,Mchinji,Mchinji Boma,789,-13.8,32.9,pulses and nuts,Beans,50,KG,aggregate,Retail,MWK,4671.05,2.71,2,2025,33.458571428571425,1.9670036498574885,True,Moderate
2025-06-15,Central Region,Mchinji,Mchinji Boma,789,-13.8,32.9,cereals and tubers,Cassava,68,KG,aggregate,Retail,MWK,2000.0,1.15,6,2025,1233.3333333333335,2.2670210390043626,True,Severe
2023-08-15,Central Region,Mchinji,Mchinji Boma,789,-13.8,32.9,pulses and nuts,Cowpeas,218,KG,aggregate,Retail,MWK,1325.0,1.23,8,2023,21.683549302500694,1.6921977403329704,True,Moderate
2023-12-15,Central Region,Mchinji,Mchinji Boma,789,-13.8,32.9,pulses and nuts,Cowpeas,218,KG,aggregate,Retail,MWK,1650.0,0.99,12,2023,32.00000000000001,1.7706869666431782,True,Moderate
2024-02-15,Central Region,Mchinji,Mchinji Boma,789,-13.8,32.9,pulses and nuts,Cowpeas,218,KG,aggregate,Retail,MWK,2372.73,1.42,2,2024,34.90465198257924,2.1932459894256904,True,Moderate
2025-02-15,Central Region,Mchinji,Mchinji Boma,789,-13.8,32.9,pulses and nuts,Cowpeas,218,KG,aggregate,Retail,MWK,3815.79,2.21,2,2025,52.6316,2.314149086514213,True,Severe
2026-01-15,Central Region,Mchinji,Mchinji Boma,789,-13.8,32.9,vegetables and fruits,Exotic vegetables,1335,KG,aggregate,Retail,MWK,1000.0,0.58,1,2026,70.2127659574468,1.6079766647585931,True,Moderate
2026-01-15,Central Region,Mchinji,Mchinji Boma,789,-13.8,32.9,vegetables and fruits,Local vegetables,1333,KG,aggregate,Retail,MWK,800.0,0.46,1,2026,113.33333333333333,1.6853468748806435,True,Moderate
2026-03-15,Central Region,Mchinji,Mchinji Boma,789,-13.8,32.9,vegetables and fruits,Local vegetables,1333,KG,aggregate,Retail,MWK,6000.0,3.46,3,2026,900.0,2.2527377782196836,True,Severe
2022-01-15,Central Region,Mchinji,Mchinji Boma,789,-13.8,32.9,cereals and tubers,Maize,51,KG,aggregate,Retail,MWK,200.0,0.25,1,2022,48.14814814814814,2.063587192984453,True,Severe
2022-09-15,Central Region,Mchinji,Mchinji Boma,789,-13.8,32.9,cereals and tubers,Maize,51,KG,aggregate,Retail,MWK,284.0,0.28,9,2022,41.99999999999999,2.594901403453939,True,Severe
2025-04-15,Central Region,Mchinji,Mchinji Boma,789,-13.8,32.9,cereals and tubers,Maize,51,KG,aggregate,Retail,MWK,820.59,0.48,4,2025,188.94014084507043,3.0649440343522376,True,Critical
2025-09-15,Central Region,Mchinji,Mchinji Boma,789,-13.8,32.9,cereals and tubers,Maize,51,KG,aggregate,Retail,MWK,1172.83,0.68,9,2025,59.27399641479709,2.3012778460309327,True,Severe
2023-04-15,Central Region,Mchinji,Mchinji Boma,789,-13.8,32.9,cereals and tubers,Maize (new harvest),1229,KG,aggregate,Retail,MWK,535.0,0.53,4,2023,282.14285714285717,2.242660147956883,True,Severe
2025-02-15,Central Region,Mchinji,Mchinji Boma,789,-13.8,32.9,cereals and tubers,Maize (new harvest),1229,KG,aggregate,Retail,MWK,1275.0,0.74,2,2025,70.0,2.549820560940986,True,Critical
2025-04-15,Central Region,Mchinji,Mchinji Boma,789,-13.8,32.9,oil and fats,Oil (vegetable),96,L,aggregate,Retail,MWK,8825.0,5.14,4,2025,635.4166666666667,2.267320801067935,True,Severe
2023-11-15,Central Region,Mchinji,Mchinji Boma,789,-13.8,32.9,pulses and nuts,Pigeon peas,155,KG,aggregate,Retail,MWK,1600.0,0.96,11,2023,220.00000000000003,1.788854381999832,True,Moderate
2024-02-15,Central Region,Mchinji,Mchinji Boma,789,-13.8,32.9,pulses and nuts,Pigeon peas,155,KG,aggregate,Retail,MWK,2500.0,1.5,2,2024,66.66666666666667,1.8951577867421,True,Moderate
2025-10-15,Central Region,Mchinji,Mchinji Boma,789,-13.8,32.9,pulses and nuts,Pigeon peas,155,KG,aggregate,Retail,MWK,4000.0,2.31,10,2025,60.00000000000001,2.169385190013876,True,Severe
2025-04-15,Central Region,Mchinji,Mchinji Boma,789,-13.8,32.9,cereals and tubers,Rice,52,KG,aggregate,Retail,MWK,5000.0,2.91,4,2025,669.2307692307693,2.2656676439545755,True,Severe
2025-10-15,Central Region,Mchinji,Mchinji Boma,789,-13.8,32.9,pulses and nuts,Soybeans,248,KG,aggregate,Retail,MWK,4525.0,2.61,10,2025,50.83333333333333,1.8931341649245088,True,Moderate
2026-03-15,Central Region,Mchinji,Mchinji Boma,789,-13.8,32.9,pulses and nuts,Soybeans,248,KG,aggregate,Retail,MWK,4500.0,2.6,3,2026,50.0,1.8065130213758664,True,Moderate
2025-04-15,Central Region,Mchinji,Mchinji Boma,789,-13.8,32.9,miscellaneous food,Sugar,97,KG,aggregate,Retail,MWK,3500.0,2.04,4,2025,288.88888888888886,2.265493925968531,True,Severe
2025-05-15,Central Region,Mchinji,Mchinji Boma,789,-13.8,32.9,miscellaneous food,Sugar,97,KG,aggregate,Retail,MWK,4264.52,2.46,5,2025,21.843428571428582,1.8728587579898273,True,Moderate
2025-06-15,Central Region,Mchinji,Mchinji Boma,789,-13.8,32.9,miscellaneous food,Sugar,97,KG,aggregate,Retail,MWK,5166.67,2.98,6,2025,21.15478412576326,1.7781774791536964,True,Moderate
2025-04-15,Central Region,Mchinji,Mchinji Boma,789,-13.8,32.9,cereals and tubers,Sweet potatoes,87,KG,aggregate,Retail,MWK,833.33,0.49,4,2025,177.7766666666667,2.2578185416735828,True,Severe
2025-09-15,Central Region,Mchinji,Mchinji Boma,789,-13.8,32.9,cereals and tubers,Sweet potatoes,87,KG,aggregate,Retail,MWK,1111.0,0.64,9,2025,99.97840017279864,2.358106555907763,True,Severe
2025-11-15,Central Region,Mchinji,Mchinji Boma,789,-13.8,32.9,cereals and tubers,Sweet potatoes,87,KG,aggregate,Retail,MWK,1111.0,0.64,11,2025,59.91363799928031,1.7302544601101273,True,Moderate
2024-01-15,Central Region,Mchinji,Mkanda,792,-13.52,32.95,pulses and nuts,Beans,50,KG,aggregate,Retail,MWK,2944.12,1.77,1,2024,33.82363636363637,2.132618694611827,True,Moderate
2024-06-15,Central Region,Mchinji,Mkanda,792,-13.52,32.95,pulses and nuts,Beans,50,KG,aggregate,Retail,MWK,3500.0,2.02,6,2024,59.09090909090908,1.632833889060315,True,Moderate
2025-02-15,Central Region,Mchinji,Mkanda,792,-13.52,32.95,pulses and nuts,Beans,50,KG,aggregate,Retail,MWK,5368.42,3.12,2,2025,34.21050000000001,2.0420255946909998,True,Moderate
2024-01-15,Central Region,Mchinji,Mkanda,792,-13.52,32.95,pulses and nuts,Cowpeas,218,KG,aggregate,Retail,MWK,1676.47,1.01,1,2024,41.176421052631575,2.441612678963236,True,Severe
2024-02-15,Central Region,Mchinji,Mkanda,792,-13.52,32.95,pulses and nuts,Cowpeas,218,KG,aggregate,Retail,MWK,2500.0,1.5,2,2024,49.12285934135414,2.7376094648463334,True,Severe
2025-06-15,Central Region,Mchinji,Mkanda,792,-13.52,32.95,pulses and nuts,Cowpeas,218,KG,aggregate,Retail,MWK,3818.18,2.2,6,2025,22.181759999999983,1.6261273898472617,True,Moderate
2026-01-15,Central Region,Mchinji,Mkanda,792,-13.52,32.95,vegetables and fruits,Exotic vegetables,1335,KG,aggregate,Retail,MWK,2000.0,1.15,1,2026,220.00000000000003,1.75,True,Moderate
2025-02-15,Central Region,Mchinji,Mkanda,792,-13.52,32.95,cereals and tubers,Maize (new harvest),1229,KG,aggregate,Retail,MWK,1302.63,0.76,2,2025,88.78695652173914,2.621932416480378,True,Critical
2022-05-15,Central Region,Mchinji,Waliranji,2116,-13.98,33.28,pulses and nuts,Beans,50,KG,aggregate,Retail,MWK,6100.0,7.54,5,2022,838.4615384615385,3.006155643131807,True,Critical
2024-01-15,Central Region,Mchinji,Waliranji,2116,-13.98,33.28,pulses and nuts,Beans,50,KG,aggregate,Retail,MWK,2608.82,1.57,1,2024,30.441000000000006,2.1748413018634665,True,Moderate
2024-10-15,Central Region,Mchinji,Waliranji,2116,-13.98,33.28,pulses and nuts,Beans,50,KG,aggregate,Retail,MWK,5000.0,2.88,10,2024,21.212121212121215,2.0062620365022292,True,Moderate
2025-04-15,Central Region,Mchinji,Waliranji,2116,-13.98,33.28,pulses and nuts,Beans,50,KG,aggregate,Retail,MWK,6583.33,3.83,4,2025,42.77104645085457,2.0594182838159623,True,Severe
2025-09-15,Central Region,Mchinji,Waliranji,2116,-13.98,33.28,pulses and nuts,Beans,50,KG,aggregate,Retail,MWK,7456.52,4.3,9,2025,24.275333333333336,1.9577105698854167,True,Moderate
2025-05-15,Central Region,Mchinji,Waliranji,2116,-13.98,33.28,cereals and tubers,Cassava,68,KG,aggregate,Retail,MWK,2400.0,1.38,5,2025,1233.3333333333335,2.267497988617353,True,Severe
2023-01-15,Central Region,Mchinji,Waliranji,2116,-13.98,33.28,pulses and nuts,Cowpeas,218,KG,aggregate,Retail,MWK,1000.0,0.99,1,2023,42.85714285714286,2.270328499715157,True,Severe
2023-08-15,Central Region,Mchinji,Waliranji,2116,-13.98,33.28,pulses and nuts,Cowpeas,218,KG,aggregate,Retail,MWK,1225.0,1.14,8,2023,22.500000000000007,1.5654947852197414,True,Moderate
2024-09-15,Central Region,Mchinji,Waliranji,2116,-13.98,33.28,pulses and nuts,Cowpeas,218,KG,aggregate,Retail,MWK,2412.5,1.4,9,2024,49.50670533700205,2.5244231277847646,True,Severe
2025-03-15,Central Region,Mchinji,Waliranji,2116,-13.98,33.28,pulses and nuts,Cowpeas,218,KG,aggregate,Retail,MWK,3777.78,2.19,3,2025,50.95239807722276,2.1766066094207788,True,Severe
2025-10-15,Central Region,Mchinji,Waliranji,2116,-13.98,33.28,pulses and nuts,Cowpeas,218,KG,aggregate,Retail,MWK,4083.33,2.36,10,2025,21.96945484089694,1.7099204413263425,True,Moderate
2026-01-15,Central Region,Mchinji,Waliranji,2116,-13.98,33.28,vegetables and fruits,Exotic vegetables,1335,KG,aggregate,Retail,MWK,1000.0,0.58,1,2026,60.00000000000001,1.5488824325833053,True,Moderate
2026-01-15,Central Region,Mchinji,Waliranji,2116,-13.98,33.28,vegetables and fruits,Local vegetables,1333,KG,aggregate,Retail,MWK,1000.0,0.58,1,2026,110.52631578947367,1.68341942789568,True,Moderate
2022-01-15,Central Region,Mchinji,Waliranji,2116,-13.98,33.28,cereals and tubers,Maize,51,KG,aggregate,Retail,MWK,200.0,0.25,1,2022,42.85714285714286,1.839728945039629,True,Moderate
2022-09-15,Central Region,Mchinji,Waliranji,2116,-13.98,33.28,cereals and tubers,Maize,51,KG,aggregate,Retail,MWK,272.5,0.27,9,2022,36.25000000000001,2.527971540415068,True,Moderate
2025-04-15,Central Region,Mchinji,Waliranji,2116,-13.98,33.28,cereals and tubers,Maize,51,KG,aggregate,Retail,MWK,941.67,0.55,4,2025,245.5669724770642,3.1034228588953185,True,Critical
2025-09-15,Central Region,Mchinji,Waliranji,2116,-13.98,33.28,cereals and tubers,Maize,51,KG,aggregate,Retail,MWK,1200.0,0.69,9,2025,63.637107441397454,2.223759931005671,True,Severe
2023-01-15,Central Region,Mchinji,Waliranji,2116,-13.98,33.28,cereals and tubers,Maize (new harvest),1229,KG,aggregate,Retail,MWK,455.0,0.45,1,2023,237.037037037037,2.21678033498358,True,Severe
2025-02-15,Central Region,Mchinji,Waliranji,2116,-13.98,33.28,cereals and tubers,Maize (new harvest),1229,KG,aggregate,Retail,MWK,1307.89,0.76,2,2025,80.39862068965517,2.6307759698735707,True,Critical
2025-10-15,Central Region,Mchinji,Waliranji,2116,-13.98,33.28,cereals and tubers,Millet,73,KG,aggregate,Retail,MWK,3000.0,1.73,10,2025,400.0,1.788854381999832,True,Moderate
2025-04-15,Central Region,Mchinji,Waliranji,2116,-13.98,33.28,oil and fats,Oil (vegetable),96,L,aggregate,Retail,MWK,7933.33,4.62,4,2025,561.1108333333333,2.2665318224297293,True,Severe
2023-11-15,Central Region,Mchinji,Waliranji,2116,-13.98,33.28,pulses and nuts,Pigeon peas,155,KG,aggregate,Retail,MWK,1225.0,0.73,11,2023,104.16666666666666,1.7473582544988355,True,Moderate
2024-02-15,Central Region,Mchinji,Waliranji,2116,-13.98,33.28,pulses and nuts,Pigeon peas,155,KG,aggregate,Retail,MWK,2250.0,1.35,2,2024,47.54098360655738,1.8652462822033422,True,Moderate
2025-05-15,Central Region,Mchinji,Waliranji,2116,-13.98,33.28,cereals and tubers,Rice,52,KG,aggregate,Retail,MWK,3361.54,1.94,5,2025,363.6606896551724,2.2669231670423806,True,Severe
2025-04-15,Central Region,Mchinji,Waliranji,2116,-13.98,33.28,miscellaneous food,Sugar,97,KG,aggregate,Retail,MWK,3533.33,2.06,4,2025,341.66625,2.2677415541290316,True,Severe
2025-05-15,Central Region,Mchinji,Waliranji,2116,-13.98,33.28,miscellaneous food,Sugar,97,KG,aggregate,Retail,MWK,4351.85,2.51,5,2025,23.16568223177571,1.8805766340471128,True,Moderate
2025-05-15,Central Region,Mchinji,Waliranji,2116,-13.98,33.28,cereals and tubers,Sweet potatoes,87,KG,aggregate,Retail,MWK,555.56,0.32,5,2025,85.18666666666665,2.2677868380553634,True,Severe
2025-10-15,Central Region,Mchinji,Waliranji,2116,-13.98,33.28,cereals and tubers,Sweet potatoes,87,KG,aggregate,Retail,MWK,694.75,0.4,10,2025,24.955035971223015,1.695847218555469,True,Moderate
2025-12-15,Central Region,Mchinji,Waliranji,2116,-13.98,33.28,cereals and tubers,Sweet potatoes,87,KG,aggregate,Retail,MWK,1111.0,0.64,12,2025,59.91363799928031,2.5316090816869137,True,Severe
2026-03-15,Central Region,Mchinji,Waliranji,2116,-13.98,33.28,cereals and tubers,Sweet potatoes,87,KG,aggregate,Retail,MWK,1111.0,0.64,3,2026,33.3733493397359,1.7585609626342895,True,Moderate
2021-01-15,Southern Region,Mulanje,Chinakanaka,2121,-15.99,35.4,pulses and nuts,Beans,50,KG,aggregate,Retail,MWK,1110.0,1.45,1,2021,23.33333333333334,2.227768844929053,True,Moderate
2023-01-15,Southern Region,Mulanje,Chinakanaka,2121,-15.99,35.4,pulses and nuts,Beans,50,KG,aggregate,Retail,MWK,1650.0,1.64,1,2023,37.5,2.3401562511629197,True,Moderate
2023-05-15,Southern Region,Mulanje,Chinakanaka,2121,-15.99,35.4,pulses and nuts,Beans,50,KG,aggregate,Retail,MWK,1800.0,1.77,5,2023,24.13793103448276,1.9571227414358923,True,Moderate
2024-01-15,Southern Region,Mulanje,Chinakanaka,2121,-15.99,35.4,pulses and nuts,Beans,50,KG,aggregate,Retail,MWK,2752.94,1.65,1,2024,22.352888888888888,2.4283007545338258,True,Moderate
2024-05-15,Southern Region,Mulanje,Chinakanaka,2121,-15.99,35.4,pulses and nuts,Beans,50,KG,aggregate,Retail,MWK,3500.0,2.02,5,2024,34.32812907781822,2.072385374614003,True,Moderate
2024-09-15,Southern Region,Mulanje,Chinakanaka,2121,-15.99,35.4,pulses and nuts,Beans,50,KG,aggregate,Retail,MWK,3750.0,2.17,9,2024,20.967741935483875,1.6912526542729713,True,Moderate
2025-09-15,Southern Region,Mulanje,Chinakanaka,2121,-15.99,35.4,cereals and tubers,Cassava,68,KG,aggregate,Retail,MWK,2000.0,1.15,9,2025,700.0,2.2668816998103787,True,Severe
2025-10-15,Southern Region,Mulanje,Chinakanaka,2121,-15.99,35.4,cereals and tubers,Cassava,68,KG,aggregate,Retail,MWK,3166.67,1.83,10,2025,58.333499999999994,2.0695432234079933,True,Severe
2023-01-15,Southern Region,Mulanje,Chinakanaka,2121,-15.99,35.4,pulses and nuts,Cowpeas,218,KG,aggregate,Retail,MWK,950.0,0.94,1,2023,35.71428571428572,2.3728762214630814,True,Moderate
2023-08-15,Southern Region,Mulanje,Chinakanaka,2121,-15.99,35.4,pulses and nuts,Cowpeas,218,KG,aggregate,Retail,MWK,1100.0,1.02,8,2023,26.922588759274003,1.803739618006976,True,Moderate
2023-12-15,Southern Region,Mulanje,Chinakanaka,2121,-15.99,35.4,pulses and nuts,Cowpeas,218,KG,aggregate,Retail,MWK,1525.0,0.91,12,2023,52.49999999999999,2.1329432336942613,True,Severe
2024-09-15,Southern Region,Mulanje,Chinakanaka,2121,-15.99,35.4,pulses and nuts,Cowpeas,218,KG,aggregate,Retail,MWK,2450.0,1.42,9,2024,32.10751934431533,2.3679224357557906,True,Moderate
2025-02-15,Southern Region,Mulanje,Chinakanaka,2121,-15.99,35.4,pulses and nuts,Cowpeas,218,KG,aggregate,Retail,MWK,3315.79,1.92,2,2025,70.04051282051282,2.1798317747302467,True,Severe
2026-02-15,Southern Region,Mulanje,Chinakanaka,2121,-15.99,35.4,vegetables and fruits,Exotic vegetables,1335,KG,aggregate,Retail,MWK,1340.0,0.77,2,2026,123.33333333333334,1.8914060823103147,True,Moderate
2026-02-15,Southern Region,Mulanje,Chinakanaka,2121,-15.99,35.4,vegetables and fruits,Local vegetables,1333,KG,aggregate,Retail,MWK,800.0,0.46,2,2026,100.0,1.5846899243342114,True,Moderate
2022-09-15,Southern Region,Mulanje,Chinakanaka,2121,-15.99,35.4,cereals and tubers,Maize,51,KG,aggregate,Retail,MWK,351.5,0.35,9,2022,57.97752808988763,2.8290183647859264,True,Severe
2025-04-15,Southern Region,Mulanje,Chinakanaka,2121,-15.99,35.4,cereals and tubers,Maize,51,KG,aggregate,Retail,MWK,935.0,0.54,4,2025,166.0028449502134,3.06811543281179,True,Critical
2025-09-15,Southern Region,Mulanje,Chinakanaka,2121,-15.99,35.4,cereals and tubers,Maize,51,KG,aggregate,Retail,MWK,1356.52,0.78,9,2025,50.72444444444444,2.291439731671929,True,Severe
2023-01-15,Southern Region,Mulanje,Chinakanaka,2121,-15.99,35.4,cereals and tubers,Maize (new harvest),1229,KG,aggregate,Retail,MWK,530.0,0.53,1,2023,278.57142857142856,2.2230132679958197,True,Severe
2023-04-15,Southern Region,Mulanje,Chinakanaka,2121,-15.99,35.4,cereals and tubers,Maize (new harvest),1229,KG,aggregate,Retail,MWK,650.0,0.64,4,2023,22.64150943396226,1.9040879157796602,True,Moderate
2025-02-15,Southern Region,Mulanje,Chinakanaka,2121,-15.99,35.4,cereals and tubers,Maize (new harvest),1229,KG,aggregate,Retail,MWK,1380.26,0.8,2,2025,57.74399999999999,2.5120374224974014,True,Severe
2025-03-15,Southern Region,Mulanje,Chinakanaka,2121,-15.99,35.4,cereals and tubers,Maize (new harvest),1229,KG,aggregate,Retail,MWK,1772.22,1.03,3,2025,28.397548288003716,2.4797051662580167,True,Moderate
2025-05-15,Southern Region,Mulanje,Chinakanaka,2121,-15.99,35.4,cereals and tubers,Millet,73,KG,aggregate,Retail,MWK,4000.0,2.31,5,2025,700.0,2.0405524794236647,True,Severe
2025-04-15,Southern Region,Mulanje,Chinakanaka,2121,-15.99,35.4,oil and fats,Oil (vegetable),96,L,aggregate,Retail,MWK,7195.0,4.19,4,2025,413.92857142857144,2.2663434618362293,True,Severe
2023-01-15,Southern Region,Mulanje,Chinakanaka,2121,-15.99,35.4,pulses and nuts,Pigeon peas,155,KG,aggregate,Retail,MWK,900.0,0.89,1,2023,80.0,2.022052089326074,True,Severe
2023-09-15,Southern Region,Mulanje,Chinakanaka,2121,-15.99,35.4,pulses and nuts,Pigeon peas,155,KG,aggregate,Retail,MWK,1300.0,1.19,9,2023,44.44444444444444,2.090287195912538,True,Severe
2023-11-15,Southern Region,Mulanje,Chinakanaka,2121,-15.99,35.4,pulses and nuts,Pigeon peas,155,KG,aggregate,Retail,MWK,1450.0,0.87,11,2023,23.404255319148938,1.8391924137947144,True,Moderate
2024-01-15,Southern Region,Mulanje,Chinakanaka,2121,-15.99,35.4,pulses and nuts,Pigeon peas,155,KG,aggregate,Retail,MWK,1752.94,1.05,1,2024,23.01333333333333,1.910237219985858,True,Moderate
2025-02-15,Southern Region,Mulanje,Chinakanaka,2121,-15.99,35.4,pulses and nuts,Pigeon peas,155,KG,aggregate,Retail,MWK,2189.47,1.27,2,2025,130.47052631578944,1.7327647540723021,True,Moderate
2025-03-15,Southern Region,Mulanje,Chinakanaka,2121,-15.99,35.4,pulses and nuts,Pigeon peas,155,KG,aggregate,Retail,MWK,3000.0,1.74,3,2025,37.01946133082436,2.385279770820277,True,Moderate
2025-04-15,Southern Region,Mulanje,Chinakanaka,2121,-15.99,35.4,cereals and tubers,Rice,52,KG,aggregate,Retail,MWK,5000.0,2.91,4,2025,733.3333333333334,2.265067044646496,True,Severe
2025-12-15,Southern Region,Mulanje,Chinakanaka,2121,-15.99,35.4,pulses and nuts,Soybeans,248,KG,aggregate,Retail,MWK,4000.0,2.31,12,2025,33.33333333333333,1.7705821631005965,True,Moderate
2025-04-15,Southern Region,Mulanje,Chinakanaka,2121,-15.99,35.4,miscellaneous food,Sugar,97,KG,aggregate,Retail,MWK,3435.0,2.0,4,2025,304.11764705882354,2.2671449533136427,True,Severe
2025-06-15,Southern Region,Mulanje,Chinakanaka,2121,-15.99,35.4,miscellaneous food,Sugar,97,KG,aggregate,Retail,MWK,4968.33,2.87,6,2025,23.51103023432721,1.789298119644783,True,Moderate
2025-04-15,Southern Region,Mulanje,Chinakanaka,2121,-15.99,35.4,cereals and tubers,Sweet potatoes,87,KG,aggregate,Retail,MWK,1111.11,0.65,4,2025,270.36999999999995,2.2024687372601197,True,Severe
2026-03-15,Southern Region,Mulanje,Chinakanaka,2121,-15.99,35.4,cereals and tubers,Sweet potatoes,87,KG,aggregate,Retail,MWK,2778.0,1.6,3,2026,399.64028776978415,3.0261227841195986,True,Critical
2023-01-15,Southern Region,Mulanje,Chitakale,2123,-16.01,35.49,pulses and nuts,Beans,50,KG,aggregate,Retail,MWK,2300.0,2.29,1,2023,84.00000000000001,2.9393535416695196,True,Critical
2024-09-15,Southern Region,Mulanje,Chitakale,2123,-16.01,35.49,pulses and nuts,Beans,50,KG,aggregate,Retail,MWK,4000.0,2.32,9,2024,90.47619047619047,2.1476004083729467,True,Severe
2025-03-15,Southern Region,Mulanje,Chitakale,2123,-16.01,35.49,pulses and nuts,Beans,50,KG,aggregate,Retail,MWK,5388.89,3.13,3,2025,20.174791100327603,1.8819611341641134,True,Moderate
2025-05-15,Southern Region,Mulanje,Chitakale,2123,-16.01,35.49,pulses and nuts,Beans,50,KG,aggregate,Retail,MWK,6409.09,3.7,5,2025,26.080541692158498,1.9464161929872896,True,Moderate
2025-08-15,Southern Region,Mulanje,Chitakale,2123,-16.01,35.49,cereals and tubers,Cassava,68,KG,aggregate,Retail,MWK,2000.0,1.15,8,2025,900.0,2.2668538400119465,True,Severe
2025-09-15,Southern Region,Mulanje,Chitakale,2123,-16.01,35.49,cereals and tubers,Cassava,68,KG,aggregate,Retail,MWK,3000.0,1.73,9,2025,50.0,2.023987062516895,True,Severe
2022-02-15,Southern Region,Mulanje,Chitakale,2123,-16.01,35.49,pulses and nuts,Cowpeas,218,KG,aggregate,Retail,MWK,800.0,1.01,2,2022,33.33333333333333,2.2918125799569826,True,Moderate
2023-01-15,Southern Region,Mulanje,Chitakale,2123,-16.01,35.49,pulses and nuts,Cowpeas,218,KG,aggregate,Retail,MWK,850.0,0.84,1,2023,21.42857142857142,1.9292242189409075,True,Moderate
2023-09-15,Southern Region,Mulanje,Chitakale,2123,-16.01,35.49,pulses and nuts,Cowpeas,218,KG,aggregate,Retail,MWK,1200.0,1.1,9,2023,26.315789473684205,1.9883190648924736,True,Moderate
2023-11-15,Southern Region,Mulanje,Chitakale,2123,-16.01,35.49,pulses and nuts,Cowpeas,218,KG,aggregate,Retail,MWK,1377.0,0.83,11,2023,37.7,2.0681659400275856,True,Moderate
2024-02-15,Southern Region,Mulanje,Chitakale,2123,-16.01,35.49,pulses and nuts,Cowpeas,218,KG,aggregate,Retail,MWK,2000.0,1.2,2,2024,24.31471513283028,2.210206131490946,True,Moderate
2025-02-15,Southern Region,Mulanje,Chitakale,2123,-16.01,35.49,pulses and nuts,Cowpeas,218,KG,aggregate,Retail,MWK,2871.05,1.67,2,2025,30.50227272727273,2.07562877046446,True,Moderate
2026-01-15,Southern Region,Mulanje,Chitakale,2123,-16.01,35.49,vegetables and fruits,Exotic vegetables,1335,KG,aggregate,Retail,MWK,1000.0,0.58,1,2026,75.43859649122805,1.6025013742473768,True,Moderate
2026-02-15,Southern Region,Mulanje,Chitakale,2123,-16.01,35.49,vegetables and fruits,Exotic vegetables,1335,KG,aggregate,Retail,MWK,1340.0,0.77,2,2026,34.00000000000001,1.5567801400917038,True,Moderate
2026-03-15,Southern Region,Mulanje,Chitakale,2123,-16.01,35.49,"meat, fish and eggs","Fish (small, dry)",1334,KG,aggregate,Retail,MWK,16000.0,9.23,3,2026,100.0,1.8620279647803621,True,Moderate
2025-09-15,Southern Region,Mulanje,Chitakale,2123,-16.01,35.49,pulses and nuts,Groundnuts (shelled),119,KG,aggregate,Retail,MWK,8000.0,4.61,9,2025,45.45454545454546,1.6664102366833555,True,Moderate
2026-01-15,Southern Region,Mulanje,Chitakale,2123,-16.01,35.49,vegetables and fruits,Local vegetables,1333,KG,aggregate,Retail,MWK,670.0,0.39,1,2026,98.51851851851852,1.648408042401168,True,Moderate
2022-09-15,Southern Region,Mulanje,Chitakale,2123,-16.01,35.49,cereals and tubers,Maize,51,KG,aggregate,Retail,MWK,355.0,0.35,9,2022,77.49999999999999,3.037351795891765,True,Critical
2025-04-15,Southern Region,Mulanje,Chitakale,2123,-16.01,35.49,cereals and tubers,Maize,51,KG,aggregate,Retail,MWK,1204.17,0.7,4,2025,239.20281690140848,3.121786791297516,True,Critical
2025-09-15,Southern Region,Mulanje,Chitakale,2123,-16.01,35.49,cereals and tubers,Maize,51,KG,aggregate,Retail,MWK,1410.0,0.81,9,2025,40.99999999999999,2.0544839615928083,True,Severe
2023-01-15,Southern Region,Mulanje,Chitakale,2123,-16.01,35.49,cereals and tubers,Maize (new harvest),1229,KG,aggregate,Retail,MWK,505.0,0.5,1,2023,206.06060606060606,2.2513946840669283,True,Severe
2023-04-15,Southern Region,Mulanje,Chitakale,2123,-16.01,35.49,cereals and tubers,Maize (new harvest),1229,KG,aggregate,Retail,MWK,637.5,0.63,4,2023,26.237623762376238,1.9559415486038931,True,Moderate
2025-02-15,Southern Region,Mulanje,Chitakale,2123,-16.01,35.49,cereals and tubers,Maize (new harvest),1229,KG,aggregate,Retail,MWK,1418.42,0.82,2,2025,57.602222222222224,2.60643092759071,True,Severe
2025-10-15,Southern Region,Mulanje,Chitakale,2123,-16.01,35.49,cereals and tubers,Millet,73,KG,aggregate,Retail,MWK,1000.0,0.58,10,2025,100.0,2.041241452319315,True,Severe
2025-12-15,Southern Region,Mulanje,Chitakale,2123,-16.01,35.49,cereals and tubers,Millet,73,KG,aggregate,Retail,MWK,2500.0,1.44,12,2025,150.0,2.1962941985733444,True,Severe
2025-04-15,Southern Region,Mulanje,Chitakale,2123,-16.01,35.49,oil and fats,Oil (vegetable),96,L,aggregate,Retail,MWK,8375.0,4.88,4,2025,544.2307692307693,2.2664710433220403,True,Severe
2023-01-15,Southern Region,Mulanje,Chitakale,2123,-16.01,35.49,pulses and nuts,Pigeon peas,155,KG,aggregate,Retail,MWK,800.0,0.79,1,2023,60.00000000000001,2.1727623005036727,True,Severe
2023-09-15,Southern Region,Mulanje,Chitakale,2123,-16.01,35.49,pulses and nuts,Pigeon peas,155,KG,aggregate,Retail,MWK,1200.0,1.1,9,2023,37.142857142857146,2.026168521585407,True,Moderate
2023-11-15,Southern Region,Mulanje,Chitakale,2123,-16.01,35.49,pulses and nuts,Pigeon peas,155,KG,aggregate,Retail,MWK,1475.0,0.88,11,2023,38.28081787244413,2.06087157471976,True,Moderate
2024-02-15,Southern Region,Mulanje,Chitakale,2123,-16.01,35.49,pulses and nuts,Pigeon peas,155,KG,aggregate,Retail,MWK,2000.0,1.2,2,2024,25.925552813176857,2.0218346645375873,True,Moderate
2025-02-15,Southern Region,Mulanje,Chitakale,2123,-16.01,35.49,pulses and nuts,Pigeon peas,155,KG,aggregate,Retail,MWK,2431.58,1.41,2,2025,121.05272727272727,2.210058434528738,True,Severe
2025-03-15,Southern Region,Mulanje,Chitakale,2123,-16.01,35.49,pulses and nuts,Pigeon peas,155,KG,aggregate,Retail,MWK,2955.56,1.71,3,2025,21.548951710410513,2.2618300331469534,True,Moderate
2025-04-15,Southern Region,Mulanje,Chitakale,2123,-16.01,35.49,cereals and tubers,Rice,52,KG,aggregate,Retail,MWK,4500.0,2.62,4,2025,542.8571428571429,2.2633317286158148,True,Severe
2025-10-15,Southern Region,Mulanje,Chitakale,2123,-16.01,35.49,pulses and nuts,Soybeans,248,KG,aggregate,Retail,MWK,4000.0,2.31,10,2025,33.33333333333333,2.0,True,Moderate
2025-12-15,Southern Region,Mulanje,Chitakale,2123,-16.01,35.49,pulses and nuts,Soybeans,248,KG,aggregate,Retail,MWK,4041.67,2.33,12,2025,24.359076923076927,1.6189482833020614,True,Moderate
2025-04-15,Southern Region,Mulanje,Chitakale,2123,-16.01,35.49,miscellaneous food,Sugar,97,KG,aggregate,Retail,MWK,3652.94,2.13,4,2025,305.8822222222222,2.2672669898324567,True,Severe
2025-06-15,Southern Region,Mulanje,Chitakale,2123,-16.01,35.49,miscellaneous food,Sugar,97,KG,aggregate,Retail,MWK,5301.72,3.06,6,2025,34.017189079878676,1.8564220494075283,True,Moderate
2025-04-15,Southern Region,Mulanje,Chitakale,2123,-16.01,35.49,cereals and tubers,Sweet potatoes,87,KG,aggregate,Retail,MWK,916.67,0.53,4,2025,205.55666666666664,2.0221084984901556,True,Severe
2025-09-15,Southern Region,Mulanje,Chitakale,2123,-16.01,35.49,cereals and tubers,Sweet potatoes,87,KG,aggregate,Retail,MWK,1111.0,0.64,9,2025,59.98502390415297,1.9999912858912294,True,Moderate
2025-11-15,Southern Region,Mulanje,Chitakale,2123,-16.01,35.49,cereals and tubers,Sweet potatoes,87,KG,aggregate,Retail,MWK,1111.0,0.64,11,2025,41.12416640203238,1.6129686265172016,True,Moderate
2023-01-15,Southern Region,Mulanje,Limbuli,2126,-16.07,35.71,pulses and nuts,Beans,50,KG,aggregate,Retail,MWK,1500.0,1.49,1,2023,50.0,2.4917006286177523,True,Severe
2023-05-15,Southern Region,Mulanje,Limbuli,2126,-16.07,35.71,pulses and nuts,Beans,50,KG,aggregate,Retail,MWK,1650.0,1.63,5,2023,24.52830188679245,2.1727552560677226,True,Moderate
2024-06-15,Southern Region,Mulanje,Limbuli,2126,-16.07,35.71,pulses and nuts,Beans,50,KG,aggregate,Retail,MWK,3700.0,2.14,6,2024,23.33333333333334,1.5814541534993187,True,Moderate
2025-02-15,Southern Region,Mulanje,Limbuli,2126,-16.07,35.71,pulses and nuts,Beans,50,KG,aggregate,Retail,MWK,4447.37,2.58,2,2025,30.804999999999993,1.6328054979301632,True,Moderate
2025-05-15,Southern Region,Mulanje,Limbuli,2126,-16.07,35.71,cereals and tubers,Cassava,68,KG,aggregate,Retail,MWK,2000.0,1.15,5,2025,1233.3333333333335,1.5,True,Moderate
2020-12-15,Southern Region,Mulanje,Limbuli,2126,-16.07,35.71,pulses and nuts,Cowpeas,218,KG,aggregate,Retail,MWK,723.53,0.96,12,2020,20.739257405089685,1.757907048675442,True,Moderate
2023-06-15,Southern Region,Mulanje,Limbuli,2126,-16.07,35.71,pulses and nuts,Cowpeas,218,KG,aggregate,Retail,MWK,1050.0,1.03,6,2023,39.99999999999999,2.738070310402503,True,Moderate
2023-10-15,Southern Region,Mulanje,Limbuli,2126,-16.07,35.71,pulses and nuts,Cowpeas,218,KG,aggregate,Retail,MWK,1150.0,1.0,10,2023,27.777777777777768,2.101881355775832,True,Moderate
2023-11-15,Southern Region,Mulanje,Limbuli,2126,-16.07,35.71,pulses and nuts,Cowpeas,218,KG,aggregate,Retail,MWK,1450.0,0.87,11,2023,26.086956521739136,2.3597948587548836,True,Moderate
2024-09-15,Southern Region,Mulanje,Limbuli,2126,-16.07,35.71,pulses and nuts,Cowpeas,218,KG,aggregate,Retail,MWK,2350.0,1.36,9,2024,56.666666666666664,1.7725797873786353,True,Moderate
2025-03-15,Southern Region,Mulanje,Limbuli,2126,-16.07,35.71,pulses and nuts,Cowpeas,218,KG,aggregate,Retail,MWK,3500.0,2.03,3,2025,23.376714936337617,2.165068087456555,True,Moderate
2026-01-15,Southern Region,Mulanje,Limbuli,2126,-16.07,35.71,vegetables and fruits,Exotic vegetables,1335,KG,aggregate,Retail,MWK,1170.0,0.67,1,2026,111.19133574007219,1.6966617607002479,True,Moderate
2022-01-15,Southern Region,Mulanje,Limbuli,2126,-16.07,35.71,cereals and tubers,Maize,51,KG,aggregate,Retail,MWK,225.0,0.28,1,2022,32.35294117647059,2.2832787300292834,True,Moderate
2022-09-15,Southern Region,Mulanje,Limbuli,2126,-16.07,35.71,cereals and tubers,Maize,51,KG,aggregate,Retail,MWK,356.5,0.35,9,2022,58.44444444444446,2.91307563784032,True,Severe
2025-04-15,Southern Region,Mulanje,Limbuli,2126,-16.07,35.71,cereals and tubers,Maize,51,KG,aggregate,Retail,MWK,913.33,0.53,4,2025,156.19354838709677,3.0591667847786876,True,Critical
2025-09-15,Southern Region,Mulanje,Limbuli,2126,-16.07,35.71,cereals and tubers,Maize,51,KG,aggregate,Retail,MWK,1395.65,0.81,9,2025,52.80895185748853,2.652705615427868,True,Severe
2023-01-15,Southern Region,Mulanje,Limbuli,2126,-16.07,35.71,cereals and tubers,Maize (new harvest),1229,KG,aggregate,Retail,MWK,520.0,0.52,1,2023,173.6842105263158,2.2651370134262083,True,Severe
2023-04-15,Southern Region,Mulanje,Limbuli,2126,-16.07,35.71,cereals and tubers,Maize (new harvest),1229,KG,aggregate,Retail,MWK,645.0,0.64,4,2023,24.03846153846154,1.937388780131873,True,Moderate
2023-07-15,Southern Region,Mulanje,Limbuli,2126,-16.07,35.71,cereals and tubers,Maize (new harvest),1229,KG,aggregate,Retail,MWK,659.44,0.64,7,2023,31.888000000000005,1.5323904913013409,True,Moderate
2025-02-15,Southern Region,Mulanje,Limbuli,2126,-16.07,35.71,cereals and tubers,Maize (new harvest),1229,KG,aggregate,Retail,MWK,1352.63,0.79,2,2025,50.29222222222223,2.5272344761665804,True,Severe
2025-04-15,Southern Region,Mulanje,Limbuli,2126,-16.07,35.71,oil and fats,Oil (vegetable),96,L,aggregate,Retail,MWK,7983.33,4.65,4,2025,526.1435294117647,2.266609768221212,True,Severe
2023-04-15,Southern Region,Mulanje,Limbuli,2126,-16.07,35.71,pulses and nuts,Pigeon peas,155,KG,aggregate,Retail,MWK,800.0,0.79,4,2023,60.00000000000001,2.3216815243371505,True,Severe
2023-09-15,Southern Region,Mulanje,Limbuli,2126,-16.07,35.71,pulses and nuts,Pigeon peas,155,KG,aggregate,Retail,MWK,1475.0,1.35,9,2023,73.52941176470588,2.8286131879661,True,Critical
2024-02-15,Southern Region,Mulanje,Limbuli,2126,-16.07,35.71,pulses and nuts,Pigeon peas,155,KG,aggregate,Retail,MWK,2116.67,1.27,2,2024,20.749711912558322,1.901141161783819,True,Moderate
2025-03-15,Southern Region,Mulanje,Limbuli,2126,-16.07,35.71,pulses and nuts,Pigeon peas,155,KG,aggregate,Retail,MWK,2611.11,1.52,3,2025,20.269454872066504,2.129820099074017,True,Moderate
2025-04-15,Southern Region,Mulanje,Limbuli,2126,-16.07,35.71,cereals and tubers,Rice,52,KG,aggregate,Retail,MWK,4500.0,2.62,4,2025,566.6666666666667,2.2667588373051193,True,Severe
2025-12-15,Southern Region,Mulanje,Limbuli,2126,-16.07,35.71,cereals and tubers,Sorghum,65,KG,aggregate,Retail,MWK,1760.0,1.02,12,2025,46.66666666666666,1.5735985282902964,True,Moderate
2025-04-15,Southern Region,Mulanje,Limbuli,2126,-16.07,35.71,miscellaneous food,Sugar,97,KG,aggregate,Retail,MWK,3650.0,2.13,4,2025,284.2105263157895,2.265157141591612,True,Severe
2025-05-15,Southern Region,Mulanje,Limbuli,2126,-16.07,35.71,miscellaneous food,Sugar,97,KG,aggregate,Retail,MWK,4800.0,2.77,5,2025,31.506849315068486,1.9567755784468697,True,Moderate
2025-06-15,Southern Region,Mulanje,Limbuli,2126,-16.07,35.71,miscellaneous food,Sugar,97,KG,aggregate,Retail,MWK,5775.0,3.33,6,2025,20.3125,1.8058655945632858,True,Moderate
2025-04-15,Southern Region,Mulanje,Limbuli,2126,-16.07,35.71,cereals and tubers,Sweet potatoes,87,KG,aggregate,Retail,MWK,1111.11,0.65,4,2025,217.45999999999998,2.2232149501087664,True,Severe
2025-09-15,Southern Region,Mulanje,Limbuli,2126,-16.07,35.71,cereals and tubers,Sweet potatoes,87,KG,aggregate,Retail,MWK,1111.0,0.64,9,2025,99.97840017279864,2.013129504272679,True,Severe
2026-02-15,Southern Region,Mulanje,Limbuli,2126,-16.07,35.71,vegetables and fruits,Tomatoes,114,KG,aggregate,Retail,MWK,3000.0,1.73,2,2026,42.85714285714286,1.588202672138908,True,Moderate
2023-01-15,Southern Region,Mulanje,Mulanje Boma,2130,-16.03,35.5,pulses and nuts,Beans,50,KG,aggregate,Retail,MWK,2000.0,1.99,1,2023,110.52631578947367,2.045117048741706,True,Severe
2024-01-15,Southern Region,Mulanje,Mulanje Boma,2130,-16.03,35.5,pulses and nuts,Beans,50,KG,aggregate,Retail,MWK,2797.06,1.68,1,2024,24.313777777777766,2.08286638177971,True,Moderate
2024-09-15,Southern Region,Mulanje,Mulanje Boma,2130,-16.03,35.5,pulses and nuts,Beans,50,KG,aggregate,Retail,MWK,4000.0,2.32,9,2024,60.00000000000001,2.4064102652005053,True,Severe
2025-05-15,Southern Region,Mulanje,Mulanje Boma,2130,-16.03,35.5,cereals and tubers,Cassava,68,KG,aggregate,Retail,MWK,2800.0,1.62,5,2025,1300.0,1.7876387145933719,True,Moderate
2023-01-15,Southern Region,Mulanje,Mulanje Boma,2130,-16.03,35.5,pulses and nuts,Cowpeas,218,KG,aggregate,Retail,MWK,950.0,0.94,1,2023,35.71428571428572,1.5617905791432853,True,Moderate
2023-10-15,Southern Region,Mulanje,Mulanje Boma,2130,-16.03,35.5,pulses and nuts,Cowpeas,218,KG,aggregate,Retail,MWK,1350.0,1.18,10,2023,50.0,2.0672203064098116,True,Severe
2024-09-15,Southern Region,Mulanje,Mulanje Boma,2130,-16.03,35.5,pulses and nuts,Cowpeas,218,KG,aggregate,Retail,MWK,2250.0,1.3,9,2024,87.5,1.9713804486489328,True,Moderate
2025-02-15,Southern Region,Mulanje,Mulanje Boma,2130,-16.03,35.5,pulses and nuts,Cowpeas,218,KG,aggregate,Retail,MWK,2671.05,1.55,2,2025,33.55250000000001,1.7870968982429614,True,Moderate
2025-03-15,Southern Region,Mulanje,Mulanje Boma,2130,-16.03,35.5,pulses and nuts,Cowpeas,218,KG,aggregate,Retail,MWK,3500.0,2.03,3,2025,31.034611856760442,2.2340613759588597,True,Moderate
2026-01-15,Southern Region,Mulanje,Mulanje Boma,2130,-16.03,35.5,vegetables and fruits,Exotic vegetables,1335,KG,aggregate,Retail,MWK,800.0,0.46,1,2026,128.57142857142856,1.7552078641596656,True,Moderate
2026-02-15,Southern Region,Mulanje,Mulanje Boma,2130,-16.03,35.5,vegetables and fruits,Exotic vegetables,1335,KG,aggregate,Retail,MWK,2010.0,1.16,2,2026,151.25000000000003,1.9452926790763037,True,Moderate
2026-02-15,Southern Region,Mulanje,Mulanje Boma,2130,-16.03,35.5,vegetables and fruits,Local vegetables,1333,KG,aggregate,Retail,MWK,1200.0,0.69,2,2026,200.0,1.9719030864819498,True,Moderate
2022-01-15,Southern Region,Mulanje,Mulanje Boma,2130,-16.03,35.5,cereals and tubers,Maize,51,KG,aggregate,Retail,MWK,220.0,0.27,1,2022,37.5,2.604492508989052,True,Moderate
2022-09-15,Southern Region,Mulanje,Mulanje Boma,2130,-16.03,35.5,cereals and tubers,Maize,51,KG,aggregate,Retail,MWK,370.0,0.36,9,2022,68.18181818181819,3.0097965338946278,True,Critical
2025-04-15,Southern Region,Mulanje,Mulanje Boma,2130,-16.03,35.5,cereals and tubers,Maize,51,KG,aggregate,Retail,MWK,1233.33,0.72,4,2025,233.3324324324324,3.1125613516915167,True,Critical
2025-09-15,Southern Region,Mulanje,Mulanje Boma,2130,-16.03,35.5,cereals and tubers,Maize,51,KG,aggregate,Retail,MWK,1480.43,0.85,9,2025,48.04300000000001,2.1050606399453407,True,Severe
2023-01-15,Southern Region,Mulanje,Mulanje Boma,2130,-16.03,35.5,cereals and tubers,Maize (new harvest),1229,KG,aggregate,Retail,MWK,520.0,0.52,1,2023,215.15151515151513,2.24336551124493,True,Severe
2023-04-15,Southern Region,Mulanje,Mulanje Boma,2130,-16.03,35.5,cereals and tubers,Maize (new harvest),1229,KG,aggregate,Retail,MWK,625.0,0.62,4,2023,20.192307692307686,1.8877866176697966,True,Moderate
2023-07-15,Southern Region,Mulanje,Mulanje Boma,2130,-16.03,35.5,cereals and tubers,Maize (new harvest),1229,KG,aggregate,Retail,MWK,685.0,0.66,7,2023,32.04819277108433,1.5975397226210668,True,Moderate
2023-11-15,Southern Region,Mulanje,Mulanje Boma,2130,-16.03,35.5,cereals and tubers,Maize (new harvest),1229,KG,aggregate,Retail,MWK,1412.5,0.85,11,2023,74.38271604938271,2.329694690329607,True,Severe
2025-02-15,Southern Region,Mulanje,Mulanje Boma,2130,-16.03,35.5,cereals and tubers,Maize (new harvest),1229,KG,aggregate,Retail,MWK,1325.0,0.77,2,2025,39.47368421052631,1.6646273156467026,True,Moderate
2025-03-15,Southern Region,Mulanje,Mulanje Boma,2130,-16.03,35.5,cereals and tubers,Maize (new harvest),1229,KG,aggregate,Retail,MWK,1733.33,1.01,3,2025,30.817358490566036,2.5087956042226107,True,Moderate
2025-04-15,Southern Region,Mulanje,Mulanje Boma,2130,-16.03,35.5,cereals and tubers,Millet,73,KG,aggregate,Retail,MWK,2500.0,1.46,4,2025,488.2352941176471,2.0315800214160604,True,Severe
2025-04-15,Southern Region,Mulanje,Mulanje Boma,2130,-16.03,35.5,oil and fats,Oil (vegetable),96,L,aggregate,Retail,MWK,8766.67,5.11,4,2025,470.189918699187,2.2640708937756573,True,Severe
2023-01-15,Southern Region,Mulanje,Mulanje Boma,2130,-16.03,35.5,pulses and nuts,Pigeon peas,155,KG,aggregate,Retail,MWK,850.0,0.84,1,2023,41.66666666666667,1.8142395112546397,True,Moderate
2023-08-15,Southern Region,Mulanje,Mulanje Boma,2130,-16.03,35.5,pulses and nuts,Pigeon peas,155,KG,aggregate,Retail,MWK,1000.0,0.93,8,2023,26.760384844528385,1.6894542928782914,True,Moderate
2023-09-15,Southern Region,Mulanje,Mulanje Boma,2130,-16.03,35.5,pulses and nuts,Pigeon peas,155,KG,aggregate,Retail,MWK,1550.0,1.42,9,2023,55.00000000000001,2.599568860274934,True,Severe
2023-11-15,Southern Region,Mulanje,Mulanje Boma,2130,-16.03,35.5,pulses and nuts,Pigeon peas,155,KG,aggregate,Retail,MWK,1550.0,0.93,11,2023,44.18604651162789,1.8952119957337892,True,Moderate
2025-02-15,Southern Region,Mulanje,Mulanje Boma,2130,-16.03,35.5,pulses and nuts,Pigeon peas,155,KG,aggregate,Retail,MWK,2447.37,1.42,2,2025,48.32545454545454,2.0480031481186045,True,Severe
2025-03-15,Southern Region,Mulanje,Mulanje Boma,2130,-16.03,35.5,pulses and nuts,Pigeon peas,155,KG,aggregate,Retail,MWK,3000.0,1.74,3,2025,22.580566077054144,2.3078096932770404,True,Moderate
2025-04-15,Southern Region,Mulanje,Mulanje Boma,2130,-16.03,35.5,cereals and tubers,Rice,52,KG,aggregate,Retail,MWK,5000.0,2.91,4,2025,733.3333333333334,2.2673616139142365,True,Severe
2025-04-15,Southern Region,Mulanje,Mulanje Boma,2130,-16.03,35.5,cereals and tubers,Sorghum,65,KG,aggregate,Retail,MWK,2800.0,1.63,4,2025,600.0,1.5,True,Moderate
2025-04-15,Southern Region,Mulanje,Mulanje Boma,2130,-16.03,35.5,miscellaneous food,Sugar,97,KG,aggregate,Retail,MWK,3500.0,2.04,4,2025,311.7647058823529,2.2665553062479598,True,Severe
2025-05-15,Southern Region,Mulanje,Mulanje Boma,2130,-16.03,35.5,miscellaneous food,Sugar,97,KG,aggregate,Retail,MWK,4366.67,2.52,5,2025,24.761999999999993,1.9034921561508018,True,Moderate
2025-06-15,Southern Region,Mulanje,Mulanje Boma,2130,-16.03,35.5,miscellaneous food,Sugar,97,KG,aggregate,Retail,MWK,5241.38,3.02,6,2025,20.031511426327153,1.7816980051199895,True,Moderate
2025-04-15,Southern Region,Mulanje,Mulanje Boma,2130,-16.03,35.5,cereals and tubers,Sweet potatoes,87,KG,aggregate,Retail,MWK,833.33,0.49,4,2025,316.6650000000001,2.255710919942035,True,Severe
2025-08-15,Southern Region,Mulanje,Mulanje Boma,2130,-16.03,35.5,cereals and tubers,Sweet potatoes,87,KG,aggregate,Retail,MWK,833.33,0.48,8,2025,49.9982000143999,1.6424345062002441,True,Moderate
2025-09-15,Southern Region,Mulanje,Mulanje Boma,2130,-16.03,35.5,cereals and tubers,Sweet potatoes,87,KG,aggregate,Retail,MWK,1111.0,0.64,9,2025,33.32053328213311,2.047597533978483,True,Moderate
2025-11-15,Southern Region,Mulanje,Mulanje Boma,2130,-16.03,35.5,cereals and tubers,Sweet potatoes,87,KG,aggregate,Retail,MWK,1111.0,0.64,11,2025,41.12416640203238,1.5191275798624269,True,Moderate
2026-01-15,Southern Region,Mulanje,Mulanje Boma,2130,-16.03,35.5,vegetables and fruits,Tomatoes,114,KG,aggregate,Retail,MWK,2400.0,1.38,1,2026,33.33333333333333,1.5541190143254529,True,Moderate
2026-02-15,Southern Region,Mulanje,Mulanje Boma,2130,-16.03,35.5,vegetables and fruits,Tomatoes,114,KG,aggregate,Retail,MWK,3000.0,1.73,2,2026,25.0,1.6644186153001985,True,Moderate
2021-08-15,Southern Region,Mulanje,Muloza,797,-16.08,35.73,pulses and nuts,Beans,50,KG,aggregate,Retail,MWK,1200.0,1.49,8,2021,22.03431198071857,1.7660795670945066,True,Moderate
2023-01-15,Southern Region,Mulanje,Muloza,797,-16.08,35.73,pulses and nuts,Beans,50,KG,aggregate,Retail,MWK,1600.0,1.59,1,2023,52.38095238095237,2.5433522451322674,True,Severe
2024-02-15,Southern Region,Mulanje,Muloza,797,-16.08,35.73,pulses and nuts,Beans,50,KG,aggregate,Retail,MWK,3281.82,1.97,2,2024,23.609039548022604,2.4456009273840467,True,Moderate
2025-03-15,Southern Region,Mulanje,Muloza,797,-16.08,35.73,pulses and nuts,Beans,50,KG,aggregate,Retail,MWK,6366.67,3.69,3,2025,54.09770596236791,2.511894576262604,True,Severe
2025-09-15,Southern Region,Mulanje,Muloza,797,-16.08,35.73,pulses and nuts,Beans,50,KG,aggregate,Retail,MWK,6407.61,3.7,9,2025,42.391333333333336,1.9357505665276162,True,Moderate
2025-09-15,Southern Region,Mulanje,Muloza,797,-16.08,35.73,cereals and tubers,Cassava,68,KG,aggregate,Retail,MWK,2800.0,1.62,9,2025,2700.0,2.2671746672146633,True,Severe
2022-03-15,Southern Region,Mulanje,Muloza,797,-16.08,35.73,pulses and nuts,Cowpeas,218,KG,aggregate,Retail,MWK,725.0,0.92,3,2022,31.818181818181813,1.784179794507378,True,Moderate
2023-04-15,Southern Region,Mulanje,Muloza,797,-16.08,35.73,pulses and nuts,Cowpeas,218,KG,aggregate,Retail,MWK,1175.0,1.16,4,2023,67.85714285714286,2.936068873186228,True,Critical
2023-11-15,Southern Region,Mulanje,Muloza,797,-16.08,35.73,pulses and nuts,Cowpeas,218,KG,aggregate,Retail,MWK,1525.0,0.91,11,2023,41.86046511627908,2.0688618569157082,True,Severe
2024-09-15,Southern Region,Mulanje,Muloza,797,-16.08,35.73,pulses and nuts,Cowpeas,218,KG,aggregate,Retail,MWK,2087.5,1.21,9,2024,160.9375,1.5407042632728887,True,Moderate
2024-10-15,Southern Region,Mulanje,Muloza,797,-16.08,35.73,pulses and nuts,Cowpeas,218,KG,aggregate,Retail,MWK,2700.0,1.56,10,2024,29.34131736526946,2.0075422294989296,True,Moderate
2025-02-15,Southern Region,Mulanje,Muloza,797,-16.08,35.73,pulses and nuts,Cowpeas,218,KG,aggregate,Retail,MWK,2708.33,1.57,2,2025,35.416500000000006,1.5194886846608457,True,Moderate
2025-03-15,Southern Region,Mulanje,Muloza,797,-16.08,35.73,pulses and nuts,Cowpeas,218,KG,aggregate,Retail,MWK,3388.89,1.97,3,2025,25.12840015803097,1.9126896194176826,True,Moderate
2025-09-15,Southern Region,Mulanje,Muloza,797,-16.08,35.73,pulses and nuts,Groundnuts (shelled),119,KG,aggregate,Retail,MWK,7000.0,4.04,9,2025,27.27272727272727,1.8257418583505536,True,Moderate
2026-01-15,Southern Region,Mulanje,Muloza,797,-16.08,35.73,vegetables and fruits,Local vegetables,1333,KG,aggregate,Retail,MWK,800.0,0.46,1,2026,88.23529411764706,1.6505865235505865,True,Moderate
2022-09-15,Southern Region,Mulanje,Muloza,797,-16.08,35.73,cereals and tubers,Maize,51,KG,aggregate,Retail,MWK,361.5,0.36,9,2022,64.31818181818181,2.849107383187032,True,Critical
2025-04-15,Southern Region,Mulanje,Muloza,797,-16.08,35.73,cereals and tubers,Maize,51,KG,aggregate,Retail,MWK,893.75,0.52,4,2025,147.23374827109268,3.054033691311052,True,Critical
2025-09-15,Southern Region,Mulanje,Muloza,797,-16.08,35.73,cereals and tubers,Maize,51,KG,aggregate,Retail,MWK,1348.04,0.78,9,2025,47.54607941858937,2.3146385778382195,True,Severe
2023-01-15,Southern Region,Mulanje,Muloza,797,-16.08,35.73,cereals and tubers,Maize (new harvest),1229,KG,aggregate,Retail,MWK,500.0,0.5,1,2023,170.27027027027026,2.2569506108013364,True,Severe
2023-04-15,Southern Region,Mulanje,Muloza,797,-16.08,35.73,cereals and tubers,Maize (new harvest),1229,KG,aggregate,Retail,MWK,675.0,0.67,4,2023,35.00000000000001,2.0431939248272104,True,Moderate
2023-07-15,Southern Region,Mulanje,Muloza,797,-16.08,35.73,cereals and tubers,Maize (new harvest),1229,KG,aggregate,Retail,MWK,686.11,0.66,7,2023,35.527901234567906,1.5958653388439559,True,Moderate
2025-02-15,Southern Region,Mulanje,Muloza,797,-16.08,35.73,cereals and tubers,Maize (new harvest),1229,KG,aggregate,Retail,MWK,1397.37,0.81,2,2025,33.08285714285712,2.2291639899232436,True,Moderate
2025-04-15,Southern Region,Mulanje,Muloza,797,-16.08,35.73,oil and fats,Oil (vegetable),96,L,aggregate,Retail,MWK,8000.0,4.66,4,2025,700.0,2.266500897923756,True,Severe
2023-04-15,Southern Region,Mulanje,Muloza,797,-16.08,35.73,pulses and nuts,Pigeon peas,155,KG,aggregate,Retail,MWK,1100.0,1.08,4,2023,57.14285714285714,2.2330718435528816,True,Severe
2023-09-15,Southern Region,Mulanje,Muloza,797,-16.08,35.73,pulses and nuts,Pigeon peas,155,KG,aggregate,Retail,MWK,1600.0,1.46,9,2023,88.23529411764706,2.589871150344467,True,Critical
2024-02-15,Southern Region,Mulanje,Muloza,797,-16.08,35.73,pulses and nuts,Pigeon peas,155,KG,aggregate,Retail,MWK,2318.18,1.39,2,2024,24.63333333333333,2.0154832597962744,True,Moderate
2025-02-15,Southern Region,Mulanje,Muloza,797,-16.08,35.73,pulses and nuts,Pigeon peas,155,KG,aggregate,Retail,MWK,2447.37,1.42,2,2025,74.81214285714286,1.7559171421300452,True,Moderate
2025-04-15,Southern Region,Mulanje,Muloza,797,-16.08,35.73,cereals and tubers,Rice,52,KG,aggregate,Retail,MWK,4500.0,2.62,4,2025,520.6896551724138,2.2674256913818422,True,Severe
2025-10-15,Southern Region,Mulanje,Muloza,797,-16.08,35.73,cereals and tubers,Sorghum,65,KG,aggregate,Retail,MWK,1300.0,0.75,10,2025,160.0,2.1287756795090003,True,Severe
2025-12-15,Southern Region,Mulanje,Muloza,797,-16.08,35.73,pulses and nuts,Soybeans,248,KG,aggregate,Retail,MWK,3625.0,2.09,12,2025,34.25925925925925,1.7185082495865103,True,Moderate
2025-04-15,Southern Region,Mulanje,Muloza,797,-16.08,35.73,miscellaneous food,Sugar,97,KG,aggregate,Retail,MWK,3220.83,1.88,4,2025,257.87,2.2663825446595576,True,Severe
2025-05-15,Southern Region,Mulanje,Muloza,797,-16.08,35.73,miscellaneous food,Sugar,97,KG,aggregate,Retail,MWK,3950.0,2.28,5,2025,22.639195486877604,1.8884341363378638,True,Moderate
2025-06-15,Southern Region,Mulanje,Muloza,797,-16.08,35.73,miscellaneous food,Sugar,97,KG,aggregate,Retail,MWK,5079.31,2.93,6,2025,28.590126582278486,1.8768993254904558,True,Moderate
2025-04-15,Southern Region,Mulanje,Muloza,797,-16.08,35.73,cereals and tubers,Sweet potatoes,87,KG,aggregate,Retail,MWK,916.67,0.53,4,2025,129.16749999999996,2.169149765130671,True,Severe
2025-08-15,Southern Region,Mulanje,Muloza,797,-16.08,35.73,cereals and tubers,Sweet potatoes,87,KG,aggregate,Retail,MWK,1111.11,0.64,8,2025,99.9982000143999,1.8886495659883369,True,Moderate
2025-10-15,Southern Region,Mulanje,Muloza,797,-16.08,35.73,cereals and tubers,Sweet potatoes,87,KG,aggregate,Retail,MWK,1111.0,0.64,10,2025,33.3733493397359,1.5019077125314646,True,Moderate
2023-01-15,Southern Region,Mwanza,Mwanza Boma,799,-15.6,34.52,pulses and nuts,Beans,50,KG,aggregate,Retail,MWK,1900.0,1.89,1,2023,111.11111111111111,2.2478059477960652,True,Severe
2024-01-15,Southern Region,Mwanza,Mwanza Boma,799,-15.6,34.52,pulses and nuts,Beans,50,KG,aggregate,Retail,MWK,2775.0,1.66,1,2024,23.33333333333334,1.9930899356506133,True,Moderate
2024-02-15,Southern Region,Mwanza,Mwanza Boma,799,-15.6,34.52,pulses and nuts,Beans,50,KG,aggregate,Retail,MWK,3500.0,2.1,2,2024,26.126126126126124,2.574856714583784,True,Moderate
2025-08-15,Southern Region,Mwanza,Mwanza Boma,799,-15.6,34.52,cereals and tubers,Cassava,68,KG,aggregate,Retail,MWK,2800.0,1.62,8,2025,1766.6666666666667,2.2671669943130346,True,Severe
2023-01-15,Southern Region,Mwanza,Mwanza Boma,799,-15.6,34.52,pulses and nuts,Cowpeas,218,KG,aggregate,Retail,MWK,1400.0,1.39,1,2023,211.11111111111111,2.0153999728499183,True,Severe
2024-02-15,Southern Region,Mwanza,Mwanza Boma,799,-15.6,34.52,pulses and nuts,Cowpeas,218,KG,aggregate,Retail,MWK,2225.0,1.33,2,2024,30.88235294117647,1.8455538485803826,True,Moderate
2024-09-15,Southern Region,Mwanza,Mwanza Boma,799,-15.6,34.52,pulses and nuts,Cowpeas,218,KG,aggregate,Retail,MWK,2412.5,1.4,9,2024,20.625000000000004,1.8123002460950681,True,Moderate
2025-02-15,Southern Region,Mwanza,Mwanza Boma,799,-15.6,34.52,pulses and nuts,Cowpeas,218,KG,aggregate,Retail,MWK,3815.79,2.21,2,2025,52.6316,2.510199340968078,True,Severe
2025-05-15,Southern Region,Mwanza,Mwanza Boma,799,-15.6,34.52,pulses and nuts,Cowpeas,218,KG,aggregate,Retail,MWK,5490.0,3.17,5,2025,28.546441792344822,2.1482904212484413,True,Moderate
2026-01-15,Southern Region,Mwanza,Mwanza Boma,799,-15.6,34.52,vegetables and fruits,Exotic vegetables,1335,KG,aggregate,Retail,MWK,1170.0,0.67,1,2026,56.00000000000001,1.5369164161230247,True,Moderate
2022-09-15,Southern Region,Mwanza,Mwanza Boma,799,-15.6,34.52,cereals and tubers,Maize,51,KG,aggregate,Retail,MWK,365.0,0.36,9,2022,82.5,3.0570793604419375,True,Critical
2025-04-15,Southern Region,Mwanza,Mwanza Boma,799,-15.6,34.52,cereals and tubers,Maize,51,KG,aggregate,Retail,MWK,1139.58,0.66,4,2025,212.21369863013697,3.101944885510101,True,Critical
2025-09-15,Southern Region,Mwanza,Mwanza Boma,799,-15.6,34.52,cereals and tubers,Maize,51,KG,aggregate,Retail,MWK,1424.64,0.82,9,2025,55.159119126968584,2.172311811345749,True,Severe
2023-01-15,Southern Region,Mwanza,Mwanza Boma,799,-15.6,34.52,cereals and tubers,Maize (new harvest),1229,KG,aggregate,Retail,MWK,520.0,0.52,1,2023,220.00000000000003,2.2560262874608465,True,Severe
2023-04-15,Southern Region,Mwanza,Mwanza Boma,799,-15.6,34.52,cereals and tubers,Maize (new harvest),1229,KG,aggregate,Retail,MWK,672.5,0.66,4,2023,29.326923076923084,1.9749920955175921,True,Moderate
2025-02-15,Southern Region,Mwanza,Mwanza Boma,799,-15.6,34.52,cereals and tubers,Maize (new harvest),1229,KG,aggregate,Retail,MWK,1468.42,0.85,2,2025,63.15777777777778,2.524272354683298,True,Critical
2025-03-15,Southern Region,Mwanza,Mwanza Boma,799,-15.6,34.52,cereals and tubers,Maize (new harvest),1229,KG,aggregate,Retail,MWK,1877.78,1.09,3,2025,27.877582707944583,2.4679026614520923,True,Moderate
2025-11-15,Southern Region,Mwanza,Mwanza Boma,799,-15.6,34.52,cereals and tubers,Millet,73,KG,aggregate,Retail,MWK,5166.67,2.98,11,2025,35.07633986928105,1.6009748373729624,True,Moderate
2025-04-15,Southern Region,Mwanza,Mwanza Boma,799,-15.6,34.52,oil and fats,Oil (vegetable),96,L,aggregate,Retail,MWK,8208.33,4.78,4,2025,584.0275,2.265656382549622,True,Severe
2023-12-15,Southern Region,Mwanza,Mwanza Boma,799,-15.6,34.52,pulses and nuts,Pigeon peas,155,KG,aggregate,Retail,MWK,1450.0,0.87,12,2023,31.818181818181813,2.0447827769490394,True,Moderate
2024-01-15,Southern Region,Mwanza,Mwanza Boma,799,-15.6,34.52,pulses and nuts,Pigeon peas,155,KG,aggregate,Retail,MWK,2400.0,1.44,1,2024,65.51724137931035,2.646445758751635,True,Critical
2024-02-15,Southern Region,Mwanza,Mwanza Boma,799,-15.6,34.52,pulses and nuts,Pigeon peas,155,KG,aggregate,Retail,MWK,2950.0,1.77,2,2024,22.916666666666675,2.3784353531910156,True,Moderate
2024-11-15,Southern Region,Mwanza,Mwanza Boma,799,-15.6,34.52,pulses and nuts,Pigeon peas,155,KG,aggregate,Retail,MWK,3000.0,1.73,11,2024,50.0,1.6541201268744266,True,Moderate
2025-04-15,Southern Region,Mwanza,Mwanza Boma,799,-15.6,34.52,cereals and tubers,Rice,52,KG,aggregate,Retail,MWK,4650.0,2.71,4,2025,615.3846153846155,2.2661553007919757,True,Severe
2025-10-15,Southern Region,Mwanza,Mwanza Boma,799,-15.6,34.52,pulses and nuts,Soybeans,248,KG,aggregate,Retail,MWK,4416.67,2.55,10,2025,47.222333333333346,2.041241452319316,True,Severe
2025-04-15,Southern Region,Mwanza,Mwanza Boma,799,-15.6,34.52,miscellaneous food,Sugar,97,KG,aggregate,Retail,MWK,3683.33,2.15,4,2025,360.41625,2.2673586072303515,True,Severe
2025-06-15,Southern Region,Mwanza,Mwanza Boma,799,-15.6,34.52,miscellaneous food,Sugar,97,KG,aggregate,Retail,MWK,5333.33,3.08,6,2025,25.776592332654147,1.7926340478440865,True,Moderate
2025-04-15,Southern Region,Mwanza,Mwanza Boma,799,-15.6,34.52,cereals and tubers,Sweet potatoes,87,KG,aggregate,Retail,MWK,916.67,0.53,4,2025,205.55666666666664,2.2589958048258327,True,Severe
2025-12-15,Southern Region,Mwanza,Mwanza Boma,799,-15.6,34.52,cereals and tubers,Sweet potatoes,87,KG,aggregate,Retail,MWK,1111.0,0.64,12,2025,27.967380412121766,1.8680308630715943,True,Moderate
2023-01-15,Northern Region,Mzimba,Euthini,2227,-11.45,33.42,pulses and nuts,Beans,50,KG,aggregate,Retail,MWK,1600.0,1.59,1,2023,146.15384615384616,1.710400981130448,True,Moderate
2024-01-15,Northern Region,Mzimba,Euthini,2227,-11.45,33.42,pulses and nuts,Beans,50,KG,aggregate,Retail,MWK,2411.76,1.45,1,2024,20.588000000000008,2.3251146198089847,True,Moderate
2024-06-15,Northern Region,Mzimba,Euthini,2227,-11.45,33.42,pulses and nuts,Beans,50,KG,aggregate,Retail,MWK,3000.0,1.73,6,2024,41.176470588235304,2.1453504332923283,True,Severe
2025-01-15,Northern Region,Mzimba,Euthini,2227,-11.45,33.42,pulses and nuts,Beans,50,KG,aggregate,Retail,MWK,4500.0,2.62,1,2025,50.0,2.3337003178934235,True,Severe
2025-03-15,Northern Region,Mzimba,Euthini,2227,-11.45,33.42,cereals and tubers,Cassava,68,KG,aggregate,Retail,MWK,2200.0,1.28,3,2025,1000.0,1.7888543819998317,True,Moderate
2025-02-15,Northern Region,Mzimba,Euthini,2227,-11.45,33.42,pulses and nuts,Cowpeas,218,KG,aggregate,Retail,MWK,3131.58,1.82,2,2025,108.772,2.360229007879807,True,Severe
2025-10-15,Northern Region,Mzimba,Euthini,2227,-11.45,33.42,pulses and nuts,Groundnuts (shelled),119,KG,aggregate,Retail,MWK,6750.0,3.89,10,2025,22.72727272727273,1.529478574782148,True,Moderate
2022-09-15,Northern Region,Mzimba,Euthini,2227,-11.45,33.42,cereals and tubers,Maize,51,KG,aggregate,Retail,MWK,244.0,0.24,9,2022,62.66666666666667,1.6244081470613152,True,Moderate
2025-09-15,Northern Region,Mzimba,Euthini,2227,-11.45,33.42,cereals and tubers,Maize,51,KG,aggregate,Retail,MWK,1128.26,0.65,9,2025,362.40163934426226,3.131895257419647,True,Critical
2023-01-15,Northern Region,Mzimba,Euthini,2227,-11.45,33.42,cereals and tubers,Maize (new harvest),1229,KG,aggregate,Retail,MWK,457.78,0.45,1,2023,226.98571428571427,2.2625220792562866,True,Severe
2025-01-15,Northern Region,Mzimba,Euthini,2227,-11.45,33.42,cereals and tubers,Maize (new harvest),1229,KG,aggregate,Retail,MWK,1200.0,0.7,1,2025,100.0,2.7841949927368104,True,Critical
2025-03-15,Northern Region,Mzimba,Euthini,2227,-11.45,33.42,cereals and tubers,Maize (new harvest),1229,KG,aggregate,Retail,MWK,1555.56,0.9,3,2025,22.383855867196424,2.1707018000076186,True,Moderate
2025-03-15,Northern Region,Mzimba,Euthini,2227,-11.45,33.42,oil and fats,Oil (vegetable),96,L,aggregate,Retail,MWK,9500.0,5.51,3,2025,900.0,2.267600013051842,True,Severe
2025-03-15,Northern Region,Mzimba,Euthini,2227,-11.45,33.42,cereals and tubers,Rice,52,KG,aggregate,Retail,MWK,4500.0,2.61,3,2025,650.0,2.266715692640823,True,Severe
2025-12-15,Northern Region,Mzimba,Euthini,2227,-11.45,33.42,pulses and nuts,Soybeans,248,KG,aggregate,Retail,MWK,3625.0,2.09,12,2025,20.833333333333325,1.6412920353768008,True,Moderate
2025-03-15,Northern Region,Mzimba,Euthini,2227,-11.45,33.42,miscellaneous food,Sugar,97,KG,aggregate,Retail,MWK,3900.0,2.26,3,2025,358.8235294117647,2.2677868380553634,True,Severe
2025-05-15,Northern Region,Mzimba,Euthini,2227,-11.45,33.42,miscellaneous food,Sugar,97,KG,aggregate,Retail,MWK,4609.68,2.66,5,2025,26.292602739726046,1.6608266750688137,True,Moderate
2025-03-15,Northern Region,Mzimba,Euthini,2227,-11.45,33.42,cereals and tubers,Sweet potatoes,87,KG,aggregate,Retail,MWK,972.22,0.56,3,2025,177.77714285714285,2.2320168223208894,True,Severe
2025-10-15,Northern Region,Mzimba,Euthini,2227,-11.45,33.42,cereals and tubers,Sweet potatoes,87,KG,aggregate,Retail,MWK,1481.67,0.85,10,2025,77.87154861944778,2.228744030766593,True,Severe
2021-01-15,Northern Region,Mzimba,Jenda,828,-12.35,33.55,pulses and nuts,Beans,50,KG,aggregate,Retail,MWK,870.0,1.14,1,2021,26.953552510615953,2.188701228754537,True,Moderate
2022-02-15,Northern Region,Mzimba,Jenda,828,-12.35,33.55,pulses and nuts,Beans,50,KG,aggregate,Retail,MWK,1000.0,1.27,2,2022,48.14814814814814,2.342618647103857,True,Severe
2023-01-15,Northern Region,Mzimba,Jenda,828,-12.35,33.55,pulses and nuts,Beans,50,KG,aggregate,Retail,MWK,1700.0,1.69,1,2023,100.0,2.963871139588518,True,Critical
2024-01-15,Northern Region,Mzimba,Jenda,828,-12.35,33.55,pulses and nuts,Beans,50,KG,aggregate,Retail,MWK,2155.88,1.29,1,2024,24.079424460431653,1.880002385915785,True,Moderate
2024-09-15,Northern Region,Mzimba,Jenda,828,-12.35,33.55,pulses and nuts,Beans,50,KG,aggregate,Retail,MWK,3018.75,1.75,9,2024,25.78125,2.1619935180555574,True,Moderate
2025-01-15,Northern Region,Mzimba,Jenda,828,-12.35,33.55,pulses and nuts,Beans,50,KG,aggregate,Retail,MWK,4900.0,2.85,1,2025,39.99999999999999,2.383401573649841,True,Moderate
2025-09-15,Northern Region,Mzimba,Jenda,828,-12.35,33.55,cereals and tubers,Cassava,68,KG,aggregate,Retail,MWK,2000.0,1.15,9,2025,900.0,2.2634226971643776,True,Severe
2023-01-15,Northern Region,Mzimba,Jenda,828,-12.35,33.55,pulses and nuts,Cowpeas,218,KG,aggregate,Retail,MWK,1200.0,1.19,1,2023,166.66666666666666,2.8658821595723785,True,Critical
2024-01-15,Northern Region,Mzimba,Jenda,828,-12.35,33.55,pulses and nuts,Cowpeas,218,KG,aggregate,Retail,MWK,1588.24,0.95,1,2024,50.686907020872866,1.6375180811472219,True,Moderate
2025-01-15,Northern Region,Mzimba,Jenda,828,-12.35,33.55,pulses and nuts,Cowpeas,218,KG,aggregate,Retail,MWK,3000.0,1.75,1,2025,50.0,2.362066738488735,True,Severe
2026-01-15,Northern Region,Mzimba,Jenda,828,-12.35,33.55,vegetables and fruits,Exotic vegetables,1335,KG,aggregate,Retail,MWK,1750.0,1.01,1,2026,84.21052631578947,1.624999916103439,True,Moderate
2026-01-15,Northern Region,Mzimba,Jenda,828,-12.35,33.55,vegetables and fruits,Local vegetables,1333,KG,aggregate,Retail,MWK,1100.0,0.63,1,2026,83.33333333333333,1.6240051711381223,True,Moderate
2022-09-15,Northern Region,Mzimba,Jenda,828,-12.35,33.55,cereals and tubers,Maize,51,KG,aggregate,Retail,MWK,270.0,0.27,9,2022,50.0,2.527228448471247,True,Severe
2025-05-15,Northern Region,Mzimba,Jenda,828,-12.35,33.55,cereals and tubers,Maize,51,KG,aggregate,Retail,MWK,550.0,0.32,5,2025,103.70370370370372,2.934129553703942,True,Critical
2025-09-15,Northern Region,Mzimba,Jenda,828,-12.35,33.55,cereals and tubers,Maize,51,KG,aggregate,Retail,MWK,1171.74,0.68,9,2025,113.04363636363637,2.907686429362861,True,Critical
2023-01-15,Northern Region,Mzimba,Jenda,828,-12.35,33.55,cereals and tubers,Maize (new harvest),1229,KG,aggregate,Retail,MWK,445.0,0.44,1,2023,196.66666666666669,2.25478363652192,True,Severe
2023-07-15,Northern Region,Mzimba,Jenda,828,-12.35,33.55,cereals and tubers,Maize (new harvest),1229,KG,aggregate,Retail,MWK,575.56,0.55,7,2023,28.887495521318506,1.5626608790136818,True,Moderate
2025-01-15,Northern Region,Mzimba,Jenda,828,-12.35,33.55,cereals and tubers,Maize (new harvest),1229,KG,aggregate,Retail,MWK,1100.0,0.64,1,2025,69.23076923076923,2.7404069378207554,True,Critical
2025-07-15,Northern Region,Mzimba,Jenda,828,-12.35,33.55,cereals and tubers,Millet,73,KG,aggregate,Retail,MWK,1500.0,0.87,7,2025,200.0,1.7888543819998317,True,Moderate
2025-10-15,Northern Region,Mzimba,Jenda,828,-12.35,33.55,cereals and tubers,Millet,73,KG,aggregate,Retail,MWK,2000.0,1.15,10,2025,33.33333333333333,1.6301020533704373,True,Moderate
2025-04-15,Northern Region,Mzimba,Jenda,828,-12.35,33.55,oil and fats,Oil (vegetable),96,L,aggregate,Retail,MWK,7800.0,4.54,4,2025,593.3333333333334,2.266592237843768,True,Severe
2023-04-15,Northern Region,Mzimba,Jenda,828,-12.35,33.55,pulses and nuts,Pigeon peas,155,KG,aggregate,Retail,MWK,900.0,0.89,4,2023,80.0,1.7888543819998317,True,Moderate
2023-12-15,Northern Region,Mzimba,Jenda,828,-12.35,33.55,pulses and nuts,Pigeon peas,155,KG,aggregate,Retail,MWK,1400.0,0.84,12,2023,55.55555555555556,1.8416971153611608,True,Moderate
2025-04-15,Northern Region,Mzimba,Jenda,828,-12.35,33.55,cereals and tubers,Rice,52,KG,aggregate,Retail,MWK,4500.0,2.62,4,2025,520.6896551724138,2.4735013731176068,True,Severe
2025-04-15,Northern Region,Mzimba,Jenda,828,-12.35,33.55,miscellaneous food,Sugar,97,KG,aggregate,Retail,MWK,3500.0,2.04,4,2025,311.7647058823529,2.2676606629813514,True,Severe
2025-05-15,Northern Region,Mzimba,Jenda,828,-12.35,33.55,miscellaneous food,Sugar,97,KG,aggregate,Retail,MWK,4350.0,2.51,5,2025,24.28571428571429,1.8953279204166578,True,Moderate
2025-06-15,Northern Region,Mzimba,Jenda,828,-12.35,33.55,miscellaneous food,Sugar,97,KG,aggregate,Retail,MWK,5250.0,3.03,6,2025,20.68965517241379,1.782155715805559,True,Moderate
2025-11-15,Northern Region,Mzimba,Jenda,828,-12.35,33.55,miscellaneous food,Sugar,97,KG,aggregate,Retail,MWK,6083.33,3.51,11,2025,36.87506187506189,1.549862724793502,True,Moderate
2025-04-15,Northern Region,Mzimba,Jenda,828,-12.35,33.55,cereals and tubers,Sweet potatoes,87,KG,aggregate,Retail,MWK,555.56,0.32,4,2025,85.18666666666665,2.102677433975841,True,Severe
2025-08-15,Northern Region,Mzimba,Jenda,828,-12.35,33.55,cereals and tubers,Sweet potatoes,87,KG,aggregate,Retail,MWK,694.44,0.4,8,2025,24.998200014399895,1.6283197349661822,True,Moderate
2025-10-15,Northern Region,Mzimba,Jenda,828,-12.35,33.55,cereals and tubers,Sweet potatoes,87,KG,aggregate,Retail,MWK,1111.0,0.64,10,2025,33.3733493397359,2.204266532590427,True,Moderate
2025-12-15,Northern Region,Mzimba,Jenda,828,-12.35,33.55,cereals and tubers,Sweet potatoes,87,KG,aggregate,Retail,MWK,1111.0,0.64,12,2025,99.82014388489209,1.7587011753227266,True,Moderate
2023-01-15,Northern Region,Mzimba,Manyamula,2228,-11.94,33.45,pulses and nuts,Beans,50,KG,aggregate,Retail,MWK,1677.78,1.67,1,2023,97.38588235294117,1.710473379197085,True,Moderate
2024-01-15,Northern Region,Mzimba,Manyamula,2228,-11.94,33.45,pulses and nuts,Beans,50,KG,aggregate,Retail,MWK,2450.0,1.47,1,2024,22.500000000000007,2.4256366086275585,True,Moderate
2024-11-15,Northern Region,Mzimba,Manyamula,2228,-11.94,33.45,pulses and nuts,Beans,50,KG,aggregate,Retail,MWK,3500.0,2.02,11,2024,39.99999999999999,2.176855865892467,True,Moderate
2025-09-15,Northern Region,Mzimba,Manyamula,2228,-11.94,33.45,pulses and nuts,Beans,50,KG,aggregate,Retail,MWK,5740.74,3.31,9,2025,27.571999999999996,1.5651967736921362,True,Moderate
2025-09-15,Northern Region,Mzimba,Manyamula,2228,-11.94,33.45,pulses and nuts,Cowpeas,218,KG,aggregate,Retail,MWK,3000.0,1.73,9,2025,71.42857142857142,2.1528120374875974,True,Severe
2025-09-15,Northern Region,Mzimba,Manyamula,2228,-11.94,33.45,pulses and nuts,Groundnuts (shelled),119,KG,aggregate,Retail,MWK,7000.0,4.04,9,2025,39.99999999999999,1.7092313592223374,True,Moderate
2026-01-15,Northern Region,Mzimba,Manyamula,2228,-11.94,33.45,pulses and nuts,Groundnuts (shelled),119,KG,aggregate,Retail,MWK,10000.0,5.77,1,2026,25.0,1.8181703794226154,True,Moderate
2022-09-15,Northern Region,Mzimba,Manyamula,2228,-11.94,33.45,cereals and tubers,Maize,51,KG,aggregate,Retail,MWK,300.0,0.3,9,2022,76.47058823529412,2.922844866037911,True,Critical
2025-04-15,Northern Region,Mzimba,Manyamula,2228,-11.94,33.45,cereals and tubers,Maize,51,KG,aggregate,Retail,MWK,833.33,0.49,4,2025,177.7766666666667,3.057554279213667,True,Critical
2025-09-15,Northern Region,Mzimba,Manyamula,2228,-11.94,33.45,cereals and tubers,Maize,51,KG,aggregate,Retail,MWK,1094.81,0.63,9,2025,82.46833333333332,2.292401977633462,True,Severe
2023-12-15,Northern Region,Mzimba,Manyamula,2228,-11.94,33.45,cereals and tubers,Maize (new harvest),1229,KG,aggregate,Retail,MWK,780.0,0.47,12,2023,23.809523809523814,2.149865577266129,True,Moderate
2025-01-15,Northern Region,Mzimba,Manyamula,2228,-11.94,33.45,cereals and tubers,Maize (new harvest),1229,KG,aggregate,Retail,MWK,1000.0,0.58,1,2025,66.66666666666667,2.094516879586376,True,Severe
2025-03-15,Northern Region,Mzimba,Manyamula,2228,-11.94,33.45,cereals and tubers,Maize (new harvest),1229,KG,aggregate,Retail,MWK,1444.44,0.84,3,2025,22.79311751904245,2.2386347333920846,True,Moderate
2026-01-15,Northern Region,Mzimba,Manyamula,2228,-11.94,33.45,pulses and nuts,Soybeans,248,KG,aggregate,Retail,MWK,4500.0,2.6,1,2026,38.46153846153846,1.5853449815372616,True,Moderate
2025-10-15,Northern Region,Mzimba,Manyamula,2228,-11.94,33.45,cereals and tubers,Sweet potatoes,87,KG,aggregate,Retail,MWK,1111.0,0.64,10,2025,99.82014388489209,2.3487157201421853,True,Severe
2022-04-15,Northern Region,Mzimba,Mzimba,800,-11.9,33.6,cereals and tubers,Maize,51,KG,actual,Retail,MWK,186.0,0.23,4,2022,23.178807947019877,2.538159235495273,True,Moderate
2020-10-15,Northern Region,Mzimba,Mzuzu,801,-11.45,33.92,cereals and tubers,Cassava,68,KG,actual,Retail,MWK,406.25,0.55,10,2020,22.11434411446436,1.847310517956898,True,Moderate
2020-11-15,Northern Region,Mzimba,Mzuzu,801,-11.45,33.92,cereals and tubers,Cassava,68,KG,"actual,aggregate",Retail,MWK,515.62,0.69,11,2020,26.92184615384616,2.4747618115114514,True,Moderate
2022-04-15,Northern Region,Mzimba,Mzuzu,801,-11.45,33.92,cereals and tubers,Rice,52,KG,actual,Retail,MWK,987.5,1.23,4,2022,24.05778894472361,2.874790027967142,True,Moderate
2023-12-15,Northern Region,Mzuzu City,Vigwagwa,3735,-11.44,34.01,pulses and nuts,Beans,50,KG,aggregate,Retail,MWK,2362.5,1.42,12,2023,35.00000000000001,1.946192634355442,True,Moderate
2024-01-15,Northern Region,Mzuzu City,Vigwagwa,3735,-11.44,34.01,pulses and nuts,Beans,50,KG,aggregate,Retail,MWK,3088.24,1.85,1,2024,30.719153439153434,2.440132569049205,True,Moderate
2024-09-15,Northern Region,Mzuzu City,Vigwagwa,3735,-11.44,34.01,pulses and nuts,Beans,50,KG,aggregate,Retail,MWK,3500.0,2.03,9,2024,118.75,1.7167625326899778,True,Moderate
2025-01-15,Northern Region,Mzuzu City,Vigwagwa,3735,-11.44,34.01,pulses and nuts,Beans,50,KG,aggregate,Retail,MWK,4350.0,2.53,1,2025,24.28571428571429,1.859779963094444,True,Moderate
2025-03-15,Northern Region,Mzuzu City,Vigwagwa,3735,-11.44,34.01,pulses and nuts,Beans,50,KG,aggregate,Retail,MWK,6000.0,3.48,3,2025,20.762737449732516,2.038870247335693,True,Moderate
2024-09-15,Northern Region,Mzuzu City,Vigwagwa,3735,-11.44,34.01,pulses and nuts,Cowpeas,218,KG,aggregate,Retail,MWK,2430.0,1.41,9,2024,34.65961042919288,2.6046949012562846,True,Moderate
2026-02-15,Northern Region,Mzuzu City,Vigwagwa,3735,-11.44,34.01,vegetables and fruits,Exotic vegetables,1335,KG,aggregate,Retail,MWK,3350.0,1.93,2,2026,235.0,1.9484723248071114,True,Moderate
2026-02-15,Northern Region,Mzuzu City,Vigwagwa,3735,-11.44,34.01,pulses and nuts,Groundnuts (shelled),119,KG,aggregate,Retail,MWK,7500.0,4.33,2,2026,25.0,1.8876266180704158,True,Moderate
2026-01-15,Northern Region,Mzuzu City,Vigwagwa,3735,-11.44,34.01,vegetables and fruits,Local vegetables,1333,KG,aggregate,Retail,MWK,1000.0,0.58,1,2026,122.22222222222223,1.7151653818398593,True,Moderate
2025-01-15,Northern Region,Mzuzu City,Vigwagwa,3735,-11.44,34.01,cereals and tubers,Maize (new harvest),1229,KG,aggregate,Retail,MWK,1050.0,0.61,1,2025,39.99999999999999,2.092281149588616,True,Moderate
2025-02-15,Northern Region,Mzuzu City,Vigwagwa,3735,-11.44,34.01,cereals and tubers,Maize (new harvest),1229,KG,aggregate,Retail,MWK,1297.37,0.75,2,2025,23.55904761904761,2.3443794276568806,True,Moderate
2026-03-15,Northern Region,Mzuzu City,Vigwagwa,3735,-11.44,34.01,pulses and nuts,Pigeon peas,155,KG,aggregate,Retail,MWK,3750.0,2.16,3,2026,96.42866496603095,1.7062370663455633,True,Moderate
2025-11-15,Northern Region,Mzuzu City,Vigwagwa,3735,-11.44,34.01,pulses and nuts,Soybeans,248,KG,aggregate,Retail,MWK,23625.0,13.63,11,2025,600.0,2.471987817810139,True,Severe
2025-11-15,Northern Region,Mzuzu City,Vigwagwa,3735,-11.44,34.01,miscellaneous food,Sugar,97,KG,aggregate,Retail,MWK,5433.33,3.13,11,2025,25.94353399318512,1.8623238838767653,True,Moderate
2025-10-15,Northern Region,Mzuzu City,Vigwagwa,3735,-11.44,34.01,cereals and tubers,Sweet potatoes,87,KG,aggregate,Retail,MWK,1111.0,0.64,10,2025,33.3733493397359,1.60054009877148,True,Moderate
2023-04-15,Southern Region,Neno,Neno Boma,805,-15.4,34.65,pulses and nuts,Beans,50,KG,aggregate,Retail,MWK,1525.0,1.5,4,2023,52.49999999999999,2.0136822439306448,True,Severe
2024-01-15,Southern Region,Neno,Neno Boma,805,-15.4,34.65,pulses and nuts,Beans,50,KG,aggregate,Retail,MWK,3000.0,1.8,1,2024,41.176470588235304,2.2437793703251794,True,Severe
2024-05-15,Southern Region,Neno,Neno Boma,805,-15.4,34.65,pulses and nuts,Beans,50,KG,aggregate,Retail,MWK,3900.0,2.25,5,2024,61.009322026900946,2.312211069235089,True,Severe
2025-02-15,Southern Region,Neno,Neno Boma,805,-15.4,34.65,pulses and nuts,Beans,50,KG,aggregate,Retail,MWK,5263.16,3.05,2,2025,31.579,1.8455319481725627,True,Moderate
2025-05-15,Southern Region,Neno,Neno Boma,805,-15.4,34.65,cereals and tubers,Cassava,68,KG,aggregate,Retail,MWK,2000.0,1.15,5,2025,1566.6666666666667,2.2648014751771575,True,Severe
2023-01-15,Southern Region,Neno,Neno Boma,805,-15.4,34.65,pulses and nuts,Cowpeas,218,KG,aggregate,Retail,MWK,1200.0,1.19,1,2023,71.42857142857142,2.205564947953429,True,Severe
2024-09-15,Southern Region,Neno,Neno Boma,805,-15.4,34.65,pulses and nuts,Cowpeas,218,KG,aggregate,Retail,MWK,2337.5,1.35,9,2024,26.35135135135136,2.4694004098285585,True,Moderate
2024-11-15,Southern Region,Neno,Neno Boma,805,-15.4,34.65,pulses and nuts,Cowpeas,218,KG,aggregate,Retail,MWK,2500.0,1.44,11,2024,108.33333333333334,2.0370397615415694,True,Severe
2025-02-15,Southern Region,Neno,Neno Boma,805,-15.4,34.65,pulses and nuts,Cowpeas,218,KG,aggregate,Retail,MWK,4000.0,2.32,2,2025,60.00000000000001,2.541820818537344,True,Critical
2026-03-15,Southern Region,Neno,Neno Boma,805,-15.4,34.65,vegetables and fruits,Local vegetables,1333,KG,aggregate,Retail,MWK,800.0,0.46,3,2026,100.0,1.6285130624347315,True,Moderate
2022-09-15,Southern Region,Neno,Neno Boma,805,-15.4,34.65,cereals and tubers,Maize,51,KG,aggregate,Retail,MWK,363.5,0.36,9,2022,81.74999999999999,2.81165025440513,True,Critical
2025-04-15,Southern Region,Neno,Neno Boma,805,-15.4,34.65,cereals and tubers,Maize,51,KG,aggregate,Retail,MWK,925.0,0.54,4,2025,154.47042640990372,3.0419930733296456,True,Critical
2025-09-15,Southern Region,Neno,Neno Boma,805,-15.4,34.65,cereals and tubers,Maize,51,KG,aggregate,Retail,MWK,1391.3,0.8,9,2025,50.4108108108108,2.6251621080553735,True,Severe
2023-04-15,Southern Region,Neno,Neno Boma,805,-15.4,34.65,cereals and tubers,Maize (new harvest),1229,KG,aggregate,Retail,MWK,700.0,0.69,4,2023,459.99999999999994,2.255401824931622,True,Severe
2023-08-15,Southern Region,Neno,Neno Boma,805,-15.4,34.65,cereals and tubers,Maize (new harvest),1229,KG,aggregate,Retail,MWK,687.5,0.64,8,2023,20.146097654748175,1.5025504705758066,True,Moderate
2024-09-15,Southern Region,Neno,Neno Boma,805,-15.4,34.65,cereals and tubers,Maize (new harvest),1229,KG,aggregate,Retail,MWK,961.25,0.56,9,2024,67.17391304347827,1.813183957759661,True,Moderate
2025-02-15,Southern Region,Neno,Neno Boma,805,-15.4,34.65,cereals and tubers,Maize (new harvest),1229,KG,aggregate,Retail,MWK,1568.42,0.91,2,2025,76.22696629213483,2.7634527464248837,True,Critical
2025-04-15,Southern Region,Neno,Neno Boma,805,-15.4,34.65,cereals and tubers,Millet,73,KG,aggregate,Retail,MWK,2500.0,1.46,4,2025,400.0,1.7888543819998317,True,Moderate
2025-04-15,Southern Region,Neno,Neno Boma,805,-15.4,34.65,oil and fats,Oil (vegetable),96,L,aggregate,Retail,MWK,8500.0,4.95,4,2025,608.3333333333333,2.2665740893853386,True,Severe
2021-04-15,Southern Region,Neno,Neno Boma,805,-15.4,34.65,pulses and nuts,Pigeon peas,155,KG,aggregate,Retail,MWK,700.0,0.9,4,2021,21.739130434782616,1.6178464493238873,True,Moderate
2023-01-15,Southern Region,Neno,Neno Boma,805,-15.4,34.65,pulses and nuts,Pigeon peas,155,KG,aggregate,Retail,MWK,900.0,0.89,1,2023,28.57142857142858,1.9237477532121414,True,Moderate
2024-01-15,Southern Region,Neno,Neno Boma,805,-15.4,34.65,pulses and nuts,Pigeon peas,155,KG,aggregate,Retail,MWK,2000.0,1.2,1,2024,66.66666666666667,2.4945836943771096,True,Severe
2024-10-15,Southern Region,Neno,Neno Boma,805,-15.4,34.65,pulses and nuts,Pigeon peas,155,KG,aggregate,Retail,MWK,2500.0,1.44,10,2024,83.48623853211011,2.132027851306645,True,Severe
2025-02-15,Southern Region,Neno,Neno Boma,805,-15.4,34.65,pulses and nuts,Pigeon peas,155,KG,aggregate,Retail,MWK,3500.0,2.03,2,2025,191.66666666666666,2.460762061633748,True,Severe
2025-04-15,Southern Region,Neno,Neno Boma,805,-15.4,34.65,cereals and tubers,Rice,52,KG,aggregate,Retail,MWK,5700.0,3.32,4,2025,714.2857142857142,2.4744061421518295,True,Severe
2025-04-15,Southern Region,Neno,Neno Boma,805,-15.4,34.65,miscellaneous food,Sugar,97,KG,aggregate,Retail,MWK,3620.83,2.11,4,2025,325.98,2.26765761799128,True,Severe
2025-05-15,Southern Region,Neno,Neno Boma,805,-15.4,34.65,miscellaneous food,Sugar,97,KG,aggregate,Retail,MWK,4500.0,2.6,5,2025,24.2808969214241,1.8916912365028935,True,Moderate
2025-04-15,Southern Region,Neno,Neno Boma,805,-15.4,34.65,cereals and tubers,Sweet potatoes,87,KG,aggregate,Retail,MWK,833.33,0.49,4,2025,177.7766666666667,2.220401411305145,True,Severe
2025-09-15,Southern Region,Neno,Neno Boma,805,-15.4,34.65,cereals and tubers,Sweet potatoes,87,KG,aggregate,Retail,MWK,1111.0,0.64,9,2025,59.98502390415297,2.0049031489322013,True,Severe
2024-02-15,Northern Region,Nkhata Bay,Chintheche,772,-11.83,34.17,pulses and nuts,Beans,50,KG,aggregate,Retail,MWK,2990.91,1.79,2,2024,39.68512689264798,2.6279849279144565,True,Moderate
2024-09-15,Northern Region,Nkhata Bay,Chintheche,772,-11.83,34.17,pulses and nuts,Beans,50,KG,aggregate,Retail,MWK,3912.5,2.27,9,2024,86.30952380952381,2.5213847185544647,True,Critical
2025-02-15,Northern Region,Nkhata Bay,Chintheche,772,-11.83,34.17,pulses and nuts,Beans,50,KG,aggregate,Retail,MWK,5336.84,3.1,2,2025,33.421000000000014,2.319049292454066,True,Moderate
2025-05-15,Northern Region,Nkhata Bay,Chintheche,772,-11.83,34.17,pulses and nuts,Beans,50,KG,aggregate,Retail,MWK,7500.0,4.33,5,2025,25.0,1.921140682234253,True,Moderate
2024-01-15,Northern Region,Nkhata Bay,Chintheche,772,-11.83,34.17,pulses and nuts,Cowpeas,218,KG,aggregate,Retail,MWK,1635.29,0.98,1,2024,25.791538461538455,2.0711758081164935,True,Moderate
2025-02-15,Northern Region,Nkhata Bay,Chintheche,772,-11.83,34.17,pulses and nuts,Cowpeas,218,KG,aggregate,Retail,MWK,3500.0,2.03,2,2025,87.80451160095298,2.505031362654457,True,Critical
2026-01-15,Northern Region,Nkhata Bay,Chintheche,772,-11.83,34.17,vegetables and fruits,Exotic vegetables,1335,KG,aggregate,Retail,MWK,2010.0,1.16,1,2026,155.2380952380952,1.7250608589004393,True,Moderate
2025-12-15,Northern Region,Nkhata Bay,Chintheche,772,-11.83,34.17,"meat, fish and eggs","Fish (small, dry)",1334,KG,aggregate,Retail,MWK,10000.0,5.77,12,2025,25.0,1.5,True,Moderate
2025-02-15,Northern Region,Nkhata Bay,Chintheche,772,-11.83,34.17,cereals and tubers,Maize (new harvest),1229,KG,aggregate,Retail,MWK,1371.05,0.8,2,2025,79.22222222222221,2.729561996146254,True,Critical
2025-12-15,Northern Region,Nkhata Bay,Chintheche,772,-11.83,34.17,cereals and tubers,Millet,73,KG,aggregate,Retail,MWK,7500.0,4.33,12,2025,56.25,1.5779374979595102,True,Moderate
2025-09-15,Northern Region,Nkhata Bay,Chintheche,772,-11.83,34.17,pulses and nuts,Pigeon peas,155,KG,aggregate,Retail,MWK,4500.0,2.6,9,2025,125.0,2.1362372056112626,True,Severe
2025-10-15,Northern Region,Nkhata Bay,Chintheche,772,-11.83,34.17,pulses and nuts,Soybeans,248,KG,aggregate,Retail,MWK,4500.0,2.6,10,2025,50.0,1.907777172539555,True,Moderate
2025-12-15,Northern Region,Nkhata Bay,Chintheche,772,-11.83,34.17,pulses and nuts,Soybeans,248,KG,aggregate,Retail,MWK,5200.0,3.0,12,2025,28.395061728395056,1.82332169235133,True,Moderate
2026-03-15,Northern Region,Nkhata Bay,Chintheche,772,-11.83,34.17,pulses and nuts,Soybeans,248,KG,aggregate,Retail,MWK,6000.0,3.46,3,2026,33.33333333333333,1.9247550319293238,True,Moderate
2025-11-15,Northern Region,Nkhata Bay,Chintheche,772,-11.83,34.17,miscellaneous food,Sugar,97,KG,aggregate,Retail,MWK,5125.0,2.96,11,2025,29.683799267191645,1.5586574234726804,True,Moderate
2023-12-15,Northern Region,Nkhata Bay,Mpamba,794,-11.55,34.19,pulses and nuts,Beans,50,KG,aggregate,Retail,MWK,2450.0,1.47,12,2023,28.947368421052634,2.2323194040051533,True,Moderate
2024-01-15,Northern Region,Nkhata Bay,Mpamba,794,-11.55,34.19,pulses and nuts,Beans,50,KG,aggregate,Retail,MWK,3000.0,1.8,1,2024,22.44897959183674,2.499104318378617,True,Moderate
2025-09-15,Northern Region,Nkhata Bay,Mpamba,794,-11.55,34.19,pulses and nuts,Beans,50,KG,aggregate,Retail,MWK,7336.96,4.23,9,2025,33.399272727272724,2.327534964695539,True,Moderate
2025-07-15,Northern Region,Nkhata Bay,Mpamba,794,-11.55,34.19,pulses and nuts,Cowpeas,218,KG,aggregate,Retail,MWK,3500.0,2.02,7,2025,88.7250276347362,2.171418195701319,True,Severe
2025-11-15,Northern Region,Nkhata Bay,Mpamba,794,-11.55,34.19,pulses and nuts,Cowpeas,218,KG,aggregate,Retail,MWK,6750.0,3.89,11,2025,92.85714285714286,2.310145136269665,True,Severe
2026-01-15,Northern Region,Nkhata Bay,Mpamba,794,-11.55,34.19,vegetables and fruits,Exotic vegetables,1335,KG,aggregate,Retail,MWK,2000.0,1.15,1,2026,178.26086956521738,1.6970648264682848,True,Moderate
2026-02-15,Northern Region,Nkhata Bay,Mpamba,794,-11.55,34.19,vegetables and fruits,Exotic vegetables,1335,KG,aggregate,Retail,MWK,2500.0,1.44,2,2026,25.0,1.5119305222759856,True,Moderate
2026-03-15,Northern Region,Nkhata Bay,Mpamba,794,-11.55,34.19,"meat, fish and eggs","Fish (small, dry)",1334,KG,aggregate,Retail,MWK,16000.0,9.23,3,2026,33.33333333333333,1.7213369884334766,True,Moderate
2025-01-15,Northern Region,Nkhata Bay,Mpamba,794,-11.55,34.19,cereals and tubers,Maize (new harvest),1229,KG,aggregate,Retail,MWK,1100.0,0.64,1,2025,43.790849673202615,2.46145874013884,True,Severe
2025-02-15,Northern Region,Nkhata Bay,Mpamba,794,-11.55,34.19,cereals and tubers,Maize (new harvest),1229,KG,aggregate,Retail,MWK,1323.42,0.77,2,2025,20.310909090909092,2.383910719413335,True,Moderate
2025-10-15,Northern Region,Nkhata Bay,Mpamba,794,-11.55,34.19,pulses and nuts,Soybeans,248,KG,aggregate,Retail,MWK,6750.0,3.89,10,2025,125.0,1.918806447200494,True,Moderate
2025-09-15,Northern Region,Nkhata Bay,Mpamba,794,-11.55,34.19,cereals and tubers,Sweet potatoes,87,KG,aggregate,Retail,MWK,1111.0,0.64,9,2025,33.32053328213311,1.5255321239568493,True,Moderate
2023-12-15,Northern Region,Nkhata Bay,Nkhatabay Boma,808,-11.61,34.3,pulses and nuts,Beans,50,KG,aggregate,Retail,MWK,2325.0,1.39,12,2023,20.779220779220786,2.132379968122278,True,Moderate
2024-02-15,Northern Region,Nkhata Bay,Nkhatabay Boma,808,-11.61,34.3,pulses and nuts,Beans,50,KG,aggregate,Retail,MWK,3000.0,1.8,2,2024,25.926081390223942,2.3353745748343466,True,Moderate
2024-06-15,Northern Region,Nkhata Bay,Nkhatabay Boma,808,-11.61,34.3,pulses and nuts,Beans,50,KG,aggregate,Retail,MWK,3500.0,2.02,6,2024,25.0,1.9341765818743883,True,Moderate
2025-02-15,Northern Region,Nkhata Bay,Nkhatabay Boma,808,-11.61,34.3,pulses and nuts,Beans,50,KG,aggregate,Retail,MWK,5447.37,3.16,2,2025,45.26319999999999,2.4090089358969853,True,Severe
2023-11-15,Northern Region,Nkhata Bay,Nkhatabay Boma,808,-11.61,34.3,pulses and nuts,Cowpeas,218,KG,aggregate,Retail,MWK,1500.0,0.9,11,2023,25.0,2.041241452319315,True,Moderate
2024-09-15,Northern Region,Nkhata Bay,Nkhatabay Boma,808,-11.61,34.3,pulses and nuts,Cowpeas,218,KG,aggregate,Retail,MWK,2500.0,1.45,9,2024,29.717164694100973,2.3205543163468074,True,Moderate
2025-12-15,Northern Region,Nkhata Bay,Nkhatabay Boma,808,-11.61,34.3,pulses and nuts,Cowpeas,218,KG,aggregate,Retail,MWK,4558.82,2.63,12,2025,30.25199999999999,1.9877291589705612,True,Moderate
2026-02-15,Northern Region,Nkhata Bay,Nkhatabay Boma,808,-11.61,34.3,pulses and nuts,Cowpeas,218,KG,aggregate,Retail,MWK,7500.0,4.33,2,2026,47.398997293754434,2.439283492286303,True,Severe
2026-02-15,Northern Region,Nkhata Bay,Nkhatabay Boma,808,-11.61,34.3,pulses and nuts,Groundnuts (shelled),119,KG,aggregate,Retail,MWK,9000.0,5.19,2,2026,50.0,2.3369359356287283,True,Severe
2024-01-15,Northern Region,Nkhata Bay,Nkhatabay Boma,808,-11.61,34.3,cereals and tubers,Maize (new harvest),1229,KG,aggregate,Retail,MWK,1664.71,1.0,1,2024,103.01341463414633,2.9999150695031327,True,Critical
2025-02-15,Northern Region,Nkhata Bay,Nkhatabay Boma,808,-11.61,34.3,cereals and tubers,Maize (new harvest),1229,KG,aggregate,Retail,MWK,1347.37,0.78,2,2025,69.48050314465408,1.5366434776883633,True,Moderate
2025-09-15,Northern Region,Nkhata Bay,Nkhatabay Boma,808,-11.61,34.3,pulses and nuts,Pigeon peas,155,KG,aggregate,Retail,MWK,3500.0,2.02,9,2025,94.44444444444444,1.734375166428645,True,Moderate
2026-02-15,Northern Region,Nkhata Bay,Nkhatabay Boma,808,-11.61,34.3,pulses and nuts,Pigeon peas,155,KG,aggregate,Retail,MWK,7022.73,4.05,2,2026,69.3423774915241,2.0426841897017636,True,Severe
2025-10-15,Northern Region,Nkhata Bay,Nkhatabay Boma,808,-11.61,34.3,pulses and nuts,Soybeans,248,KG,aggregate,Retail,MWK,4500.0,2.6,10,2025,50.0,1.8900988337554263,True,Moderate
2026-01-15,Northern Region,Nkhata Bay,Nkhatabay Boma,808,-11.61,34.3,pulses and nuts,Soybeans,248,KG,aggregate,Retail,MWK,6000.0,3.46,1,2026,33.33333333333333,1.8768178311075452,True,Moderate
2026-03-15,Northern Region,Nkhata Bay,Nkhatabay Boma,808,-11.61,34.3,cereals and tubers,Sweet potatoes,87,KG,aggregate,Retail,MWK,1389.0,0.8,3,2026,25.02250225022502,1.8804380937744587,True,Moderate
2026-01-15,Central Region,Nkhotakota,Dwangwa,775,-12.57,34.15,vegetables and fruits,Exotic vegetables,1335,KG,aggregate,Retail,MWK,2500.0,1.44,1,2026,108.33333333333334,1.6407990525359093,True,Moderate
2025-12-15,Central Region,Nkhotakota,Dwangwa,775,-12.57,34.15,"meat, fish and eggs","Fish (small, dry)",1334,KG,aggregate,Retail,MWK,12000.0,6.92,12,2025,50.0,1.5,True,Moderate
2026-01-15,Central Region,Nkhotakota,Dwangwa,775,-12.57,34.15,vegetables and fruits,Local vegetables,1333,KG,aggregate,Retail,MWK,1000.0,0.58,1,2026,66.66666666666667,1.5556349186104046,True,Moderate
2026-03-15,Central Region,Nkhotakota,Dwangwa,775,-12.57,34.15,pulses and nuts,Pigeon peas,155,KG,aggregate,Retail,MWK,2451.61,1.41,3,2026,22.580500000000004,2.267786838055364,True,Moderate
2023-02-15,Central Region,Nkhotakota,Nkhotakota Boma,810,-12.92,34.3,pulses and nuts,Beans,50,KG,aggregate,Retail,MWK,1300.0,1.28,2,2023,73.33333333333334,1.9419963600014687,True,Moderate
2024-09-15,Central Region,Nkhotakota,Nkhotakota Boma,810,-12.92,34.3,pulses and nuts,Beans,50,KG,aggregate,Retail,MWK,4000.0,2.32,9,2024,113.90374331550804,2.342320309622472,True,Severe
2025-02-15,Central Region,Nkhotakota,Nkhotakota Boma,810,-12.92,34.3,pulses and nuts,Beans,50,KG,aggregate,Retail,MWK,5631.58,3.27,2,2025,40.78949999999999,2.2520212150775043,True,Severe
2025-05-15,Central Region,Nkhotakota,Nkhotakota Boma,810,-12.92,34.3,cereals and tubers,Cassava,68,KG,aggregate,Retail,MWK,2400.0,1.38,5,2025,1746.153846153846,1.7888543819998317,True,Moderate
2023-06-15,Central Region,Nkhotakota,Nkhotakota Boma,810,-12.92,34.3,pulses and nuts,Cowpeas,218,KG,aggregate,Retail,MWK,1100.0,1.08,6,2023,37.5,1.903527787886844,True,Moderate
2023-12-15,Central Region,Nkhotakota,Nkhotakota Boma,810,-12.92,34.3,pulses and nuts,Cowpeas,218,KG,aggregate,Retail,MWK,1425.0,0.85,12,2023,21.27659574468086,1.5110099038257847,True,Moderate
2024-09-15,Central Region,Nkhotakota,Nkhotakota Boma,810,-12.92,34.3,pulses and nuts,Cowpeas,218,KG,aggregate,Retail,MWK,2500.0,1.45,9,2024,39.59383776962548,2.1887079277820067,True,Moderate
2025-02-15,Central Region,Nkhotakota,Nkhotakota Boma,810,-12.92,34.3,pulses and nuts,Cowpeas,218,KG,aggregate,Retail,MWK,3631.58,2.11,2,2025,45.26319999999999,2.25757978234968,True,Severe
2022-09-15,Central Region,Nkhotakota,Nkhotakota Boma,810,-12.92,34.3,cereals and tubers,Maize,51,KG,aggregate,Retail,MWK,307.5,0.3,9,2022,70.83333333333333,2.771552005376863,True,Critical
2025-04-15,Central Region,Nkhotakota,Nkhotakota Boma,810,-12.92,34.3,cereals and tubers,Maize,51,KG,aggregate,Retail,MWK,850.0,0.5,4,2025,176.42276422764226,3.0752318153700937,True,Critical
2025-09-15,Central Region,Nkhotakota,Nkhotakota Boma,810,-12.92,34.3,cereals and tubers,Maize,51,KG,aggregate,Retail,MWK,1233.33,0.71,9,2025,45.09764705882353,2.5969879104320945,True,Severe
2025-11-15,Central Region,Nkhotakota,Nkhotakota Boma,810,-12.92,34.3,cereals and tubers,Maize,51,KG,aggregate,Retail,MWK,1250.0,0.72,11,2025,25.0,1.671179455226004,True,Moderate
2023-01-15,Central Region,Nkhotakota,Nkhotakota Boma,810,-12.92,34.3,cereals and tubers,Maize (new harvest),1229,KG,aggregate,Retail,MWK,450.0,0.45,1,2023,181.25,2.207283785824445,True,Severe
2023-04-15,Central Region,Nkhotakota,Nkhotakota Boma,810,-12.92,34.3,cereals and tubers,Maize (new harvest),1229,KG,aggregate,Retail,MWK,595.0,0.59,4,2023,32.22222222222222,2.0003303548057003,True,Moderate
2025-02-15,Central Region,Nkhotakota,Nkhotakota Boma,810,-12.92,34.3,cereals and tubers,Maize (new harvest),1229,KG,aggregate,Retail,MWK,1352.63,0.79,2,2025,69.07875000000001,2.719214041782239,True,Critical
2025-03-15,Central Region,Nkhotakota,Nkhotakota Boma,810,-12.92,34.3,cereals and tubers,Maize (new harvest),1229,KG,aggregate,Retail,MWK,1655.56,0.96,3,2025,22.395629255598347,2.4553498801787,True,Moderate
2025-04-15,Central Region,Nkhotakota,Nkhotakota Boma,810,-12.92,34.3,oil and fats,Oil (vegetable),96,L,aggregate,Retail,MWK,8708.33,5.07,4,2025,625.6941666666667,2.2670181073328126,True,Severe
2025-12-15,Central Region,Nkhotakota,Nkhotakota Boma,810,-12.92,34.3,pulses and nuts,Pigeon peas,155,KG,aggregate,Retail,MWK,3600.0,2.08,12,2025,85.04716132514328,1.9551491486850974,True,Moderate
2025-04-15,Central Region,Nkhotakota,Nkhotakota Boma,810,-12.92,34.3,cereals and tubers,Rice,52,KG,aggregate,Retail,MWK,4200.0,2.45,4,2025,500.0,2.265943340770123,True,Severe
2026-03-15,Central Region,Nkhotakota,Nkhotakota Boma,810,-12.92,34.3,cereals and tubers,Rice,52,KG,aggregate,Retail,MWK,5000.0,2.88,3,2026,66.66666666666667,1.836206272551103,True,Moderate
2025-04-15,Central Region,Nkhotakota,Nkhotakota Boma,810,-12.92,34.3,miscellaneous food,Sugar,97,KG,aggregate,Retail,MWK,3733.33,2.17,4,2025,339.21529411764703,2.2677868380553634,True,Severe
2025-06-15,Central Region,Nkhotakota,Nkhotakota Boma,810,-12.92,34.3,miscellaneous food,Sugar,97,KG,aggregate,Retail,MWK,5086.67,2.93,6,2025,23.00071575730025,1.7416604232160833,True,Moderate
2025-04-15,Central Region,Nkhotakota,Nkhotakota Boma,810,-12.92,34.3,cereals and tubers,Sweet potatoes,87,KG,aggregate,Retail,MWK,1111.11,0.65,4,2025,270.36999999999995,2.2480905207929087,True,Severe
2025-09-15,Central Region,Nkhotakota,Nkhotakota Boma,810,-12.92,34.3,cereals and tubers,Sweet potatoes,87,KG,aggregate,Retail,MWK,1111.0,0.64,9,2025,33.32053328213311,1.5996311306456859,True,Moderate
2022-02-15,Southern Region,Nsanje,Bangula,764,-16.57,35.12,pulses and nuts,Beans,50,KG,aggregate,Retail,MWK,1293.75,1.64,2,2022,39.86486486486487,1.5122001939730345,True,Moderate
2023-06-15,Southern Region,Nsanje,Bangula,764,-16.57,35.12,pulses and nuts,Beans,50,KG,aggregate,Retail,MWK,1700.0,1.67,6,2023,62.874251497005986,1.5698407116046178,True,Moderate
2023-12-15,Southern Region,Nsanje,Bangula,764,-16.57,35.12,pulses and nuts,Beans,50,KG,aggregate,Retail,MWK,2450.0,1.47,12,2023,25.64102564102564,1.873965901183881,True,Moderate
2024-04-15,Southern Region,Nsanje,Bangula,764,-16.57,35.12,pulses and nuts,Beans,50,KG,aggregate,Retail,MWK,3000.0,1.72,4,2024,25.0,1.5131710351081378,True,Moderate
2024-05-15,Southern Region,Nsanje,Bangula,764,-16.57,35.12,pulses and nuts,Beans,50,KG,aggregate,Retail,MWK,4000.0,2.31,5,2024,33.33333333333333,2.3717875619653075,True,Moderate
2022-03-15,Southern Region,Nsanje,Bangula,764,-16.57,35.12,pulses and nuts,Cowpeas,218,KG,aggregate,Retail,MWK,763.0,0.96,3,2022,20.276810063527595,1.9480068297604656,True,Moderate
2023-06-15,Southern Region,Nsanje,Bangula,764,-16.57,35.12,pulses and nuts,Cowpeas,218,KG,aggregate,Retail,MWK,1200.0,1.18,6,2023,71.42857142857142,2.57111288620538,True,Critical
2023-11-15,Southern Region,Nsanje,Bangula,764,-16.57,35.12,pulses and nuts,Cowpeas,218,KG,aggregate,Retail,MWK,1450.0,0.87,11,2023,33.84656568174056,2.3730688907941495,True,Moderate
2025-08-15,Southern Region,Nsanje,Bangula,764,-16.57,35.12,pulses and nuts,Cowpeas,218,KG,aggregate,Retail,MWK,3500.0,2.02,8,2025,39.99999999999999,1.664250443986219,True,Moderate
2026-01-15,Southern Region,Nsanje,Bangula,764,-16.57,35.12,vegetables and fruits,Exotic vegetables,1335,KG,aggregate,Retail,MWK,1070.0,0.62,1,2026,108.78048780487805,1.6843757457754558,True,Moderate
2025-10-15,Southern Region,Nsanje,Bangula,764,-16.57,35.12,pulses and nuts,Groundnuts (shelled),119,KG,aggregate,Retail,MWK,7000.0,4.04,10,2025,27.27272727272727,1.5430334996209194,True,Moderate
2026-02-15,Southern Region,Nsanje,Bangula,764,-16.57,35.12,pulses and nuts,Groundnuts (shelled),119,KG,aggregate,Retail,MWK,9000.0,5.19,2,2026,38.46153846153846,1.956332932386132,True,Moderate
2026-02-15,Southern Region,Nsanje,Bangula,764,-16.57,35.12,vegetables and fruits,Local vegetables,1333,KG,aggregate,Retail,MWK,800.0,0.46,2,2026,33.33333333333333,1.5067788022438335,True,Moderate
2022-01-15,Southern Region,Nsanje,Bangula,764,-16.57,35.12,cereals and tubers,Maize,51,KG,aggregate,Retail,MWK,230.0,0.28,1,2022,35.29411764705883,1.789131853607735,True,Moderate
2022-08-15,Southern Region,Nsanje,Bangula,764,-16.57,35.12,cereals and tubers,Maize,51,KG,aggregate,Retail,MWK,360.0,0.35,8,2022,56.52173913043479,2.7340625546711883,True,Severe
2025-09-15,Southern Region,Nsanje,Bangula,764,-16.57,35.12,cereals and tubers,Maize,51,KG,aggregate,Retail,MWK,1533.33,0.88,9,2025,371.7938461538461,3.1232274638796875,True,Critical
2023-01-15,Southern Region,Nsanje,Bangula,764,-16.57,35.12,cereals and tubers,Maize (new harvest),1229,KG,aggregate,Retail,MWK,520.0,0.52,1,2023,333.3333333333333,2.201484789875332,True,Severe
2023-07-15,Southern Region,Nsanje,Bangula,764,-16.57,35.12,cereals and tubers,Maize (new harvest),1229,KG,aggregate,Retail,MWK,700.0,0.67,7,2023,39.99999999999999,1.627825158269559,True,Moderate
2025-01-15,Southern Region,Nsanje,Bangula,764,-16.57,35.12,cereals and tubers,Maize (new harvest),1229,KG,aggregate,Retail,MWK,1370.59,0.8,1,2025,21.83022222222222,2.105321511131554,True,Moderate
2025-02-15,Southern Region,Nsanje,Bangula,764,-16.57,35.12,cereals and tubers,Maize (new harvest),1229,KG,aggregate,Retail,MWK,1711.11,0.99,2,2025,24.844774877972252,2.3175548313326835,True,Moderate
2025-09-15,Southern Region,Nsanje,Bangula,764,-16.57,35.12,cereals and tubers,Millet,73,KG,aggregate,Retail,MWK,1600.0,0.92,9,2025,2185.714285714286,2.266941999694169,True,Severe
2025-10-15,Southern Region,Nsanje,Bangula,764,-16.57,35.12,cereals and tubers,Millet,73,KG,aggregate,Retail,MWK,2000.0,1.15,10,2025,25.0,1.855544964220651,True,Moderate
2026-02-15,Southern Region,Nsanje,Bangula,764,-16.57,35.12,cereals and tubers,Millet,73,KG,aggregate,Retail,MWK,3000.0,1.73,2,2026,50.0,1.9788044242694511,True,Moderate
2025-03-15,Southern Region,Nsanje,Bangula,764,-16.57,35.12,oil and fats,Oil (vegetable),96,L,aggregate,Retail,MWK,8000.0,4.64,3,2025,566.6666666666667,2.266856442609684,True,Severe
2023-08-15,Southern Region,Nsanje,Bangula,764,-16.57,35.12,pulses and nuts,Pigeon peas,155,KG,aggregate,Retail,MWK,940.0,0.88,8,2023,24.297520661157023,2.28820777463584,True,Moderate
2023-11-15,Southern Region,Nsanje,Bangula,764,-16.57,35.12,pulses and nuts,Pigeon peas,155,KG,aggregate,Retail,MWK,1400.0,0.84,11,2023,30.841121495327094,2.6029851680179745,True,Moderate
2025-05-15,Southern Region,Nsanje,Bangula,764,-16.57,35.12,cereals and tubers,Rice,52,KG,aggregate,Retail,MWK,4500.0,2.6,5,2025,650.0,2.2669345946915653,True,Severe
2025-09-15,Southern Region,Nsanje,Bangula,764,-16.57,35.12,cereals and tubers,Sorghum,65,KG,aggregate,Retail,MWK,1400.0,0.81,9,2025,1650.0,2.263080244299489,True,Severe
2026-03-15,Southern Region,Nsanje,Bangula,764,-16.57,35.12,pulses and nuts,Soybeans,248,KG,aggregate,Retail,MWK,4000.0,2.31,3,2026,33.33333333333333,1.932794423366576,True,Moderate
2025-03-15,Southern Region,Nsanje,Bangula,764,-16.57,35.12,miscellaneous food,Sugar,97,KG,aggregate,Retail,MWK,3500.0,2.03,3,2025,311.7647058823529,2.2677868380553634,True,Severe
2025-06-15,Southern Region,Nsanje,Bangula,764,-16.57,35.12,miscellaneous food,Sugar,97,KG,aggregate,Retail,MWK,4868.33,2.81,6,2025,33.37890410958904,1.7416579010376658,True,Moderate
2021-04-15,Southern Region,Nsanje,Bangula,764,-16.57,35.12,cereals and tubers,Sweet potatoes,87,KG,aggregate,Retail,MWK,500.0,0.64,4,2021,25.0,2.0412414523193148,True,Moderate
2025-04-15,Southern Region,Nsanje,Bangula,764,-16.57,35.12,cereals and tubers,Sweet potatoes,87,KG,aggregate,Retail,MWK,722.22,0.42,4,2025,44.443999999999996,2.1581985110412027,True,Severe
2025-07-15,Southern Region,Nsanje,Bangula,764,-16.57,35.12,cereals and tubers,Sweet potatoes,87,KG,aggregate,Retail,MWK,833.33,0.48,7,2025,49.9982000143999,1.861323196335937,True,Moderate
2025-08-15,Southern Region,Nsanje,Bangula,764,-16.57,35.12,cereals and tubers,Sweet potatoes,87,KG,aggregate,Retail,MWK,1111.11,0.64,8,2025,33.33373333493333,2.2604138885464136,True,Moderate
2026-03-15,Southern Region,Nsanje,Bangula,764,-16.57,35.12,vegetables and fruits,Tomatoes,114,KG,aggregate,Retail,MWK,4200.0,2.42,3,2026,133.33333333333334,2.151664112007693,True,Severe
2024-05-15,Southern Region,Nsanje,Makhanga,8505,-16.52,35.16,pulses and nuts,Beans,50,KG,aggregate,Retail,MWK,3850.0,2.22,5,2024,62.10526315789473,2.0781477728376965,True,Severe
2024-09-15,Southern Region,Nsanje,Makhanga,8505,-16.52,35.16,pulses and nuts,Beans,50,KG,aggregate,Retail,MWK,4500.0,2.61,9,2024,28.57142857142858,1.953654815485083,True,Moderate
2025-07-15,Southern Region,Nsanje,Makhanga,8505,-16.52,35.16,pulses and nuts,Beans,50,KG,aggregate,Retail,MWK,7500.0,4.33,7,2025,25.0,2.155405008786567,True,Moderate
2025-01-15,Southern Region,Nsanje,Makhanga,8505,-16.52,35.16,cereals and tubers,Maize (new harvest),1229,KG,aggregate,Retail,MWK,1458.82,0.85,1,2025,23.497989417989416,2.090430878965865,True,Moderate
2025-02-15,Southern Region,Nsanje,Makhanga,8505,-16.52,35.16,cereals and tubers,Maize (new harvest),1229,KG,aggregate,Retail,MWK,1911.11,1.11,2,2025,31.00382500925405,2.4414983952083706,True,Moderate
2026-03-15,Southern Region,Nsanje,Makhanga,8505,-16.52,35.16,oil and fats,Oil (vegetable),96,L,aggregate,Retail,MWK,8609.09,4.97,3,2026,43.48483333333333,1.7169124287081374,True,Moderate
2024-01-15,Southern Region,Nsanje,Makhanga,8505,-16.52,35.16,pulses and nuts,Pigeon peas,155,KG,aggregate,Retail,MWK,1785.0,1.07,1,2024,37.30769230769231,1.846757391182468,True,Moderate
2024-02-15,Southern Region,Nsanje,Makhanga,8505,-16.52,35.16,pulses and nuts,Pigeon peas,155,KG,aggregate,Retail,MWK,2418.18,1.45,2,2024,35.472268907563006,1.9370850031496225,True,Moderate
2026-02-15,Southern Region,Nsanje,Makhanga,8505,-16.52,35.16,pulses and nuts,Pigeon peas,155,KG,aggregate,Retail,MWK,3461.54,2.0,2,2026,57.74138276735749,2.1156714918499198,True,Severe
2025-08-15,Southern Region,Nsanje,Makhanga,8505,-16.52,35.16,pulses and nuts,Soybeans,248,KG,aggregate,Retail,MWK,2500.0,1.44,8,2025,25.0,1.5,True,Moderate
2026-01-15,Southern Region,Nsanje,Makhanga,8505,-16.52,35.16,miscellaneous food,Sugar,97,KG,aggregate,Retail,MWK,5388.89,3.11,1,2026,55.748265895953764,1.676475472308979,True,Moderate
2025-08-15,Southern Region,Nsanje,Makhanga,8505,-16.52,35.16,cereals and tubers,Sweet potatoes,87,KG,aggregate,Retail,MWK,1111.11,0.64,8,2025,99.9982000143999,1.688179645897118,True,Moderate
2023-06-15,Southern Region,Nsanje,Marka,2128,-17.12,35.23,pulses and nuts,Beans,50,KG,aggregate,Retail,MWK,1650.0,1.62,6,2023,41.176470588235304,1.6278754310824495,True,Moderate
2024-01-15,Southern Region,Nsanje,Marka,2128,-17.12,35.23,pulses and nuts,Beans,50,KG,aggregate,Retail,MWK,2794.12,1.68,1,2024,39.705999999999996,2.4680372897043843,True,Moderate
2024-05-15,Southern Region,Nsanje,Marka,2128,-17.12,35.23,pulses and nuts,Beans,50,KG,aggregate,Retail,MWK,3900.0,2.25,5,2024,25.806451612903224,2.0988519389292244,True,Moderate
2023-06-15,Southern Region,Nsanje,Marka,2128,-17.12,35.23,pulses and nuts,Cowpeas,218,KG,aggregate,Retail,MWK,1125.0,1.11,6,2023,60.71428571428572,2.1368436090405845,True,Severe
2023-10-15,Southern Region,Nsanje,Marka,2128,-17.12,35.23,pulses and nuts,Cowpeas,218,KG,aggregate,Retail,MWK,1083.33,0.94,10,2023,27.450588235294116,1.683358935985723,True,Moderate
2023-12-15,Southern Region,Nsanje,Marka,2128,-17.12,35.23,pulses and nuts,Cowpeas,218,KG,aggregate,Retail,MWK,1475.0,0.88,12,2023,22.916666666666675,2.162154820212637,True,Moderate
2024-12-15,Southern Region,Nsanje,Marka,2128,-17.12,35.23,pulses and nuts,Cowpeas,218,KG,aggregate,Retail,MWK,2781.25,1.61,12,2024,23.611111111111114,1.7819438379389578,True,Moderate
2026-02-15,Southern Region,Nsanje,Marka,2128,-17.12,35.23,vegetables and fruits,Local vegetables,1333,KG,aggregate,Retail,MWK,800.0,0.46,2,2026,100.0,1.7522678304802874,True,Moderate
2022-08-15,Southern Region,Nsanje,Marka,2128,-17.12,35.23,cereals and tubers,Maize,51,KG,aggregate,Retail,MWK,360.0,0.35,8,2022,50.0,2.7555878554272226,True,Severe
2025-09-15,Southern Region,Nsanje,Marka,2128,-17.12,35.23,cereals and tubers,Maize,51,KG,aggregate,Retail,MWK,1386.67,0.8,9,2025,285.18611111111113,3.1027499151157008,True,Critical
2023-01-15,Southern Region,Nsanje,Marka,2128,-17.12,35.23,cereals and tubers,Maize (new harvest),1229,KG,aggregate,Retail,MWK,530.0,0.53,1,2023,292.5925925925926,2.1839026263196306,True,Severe
2023-07-15,Southern Region,Nsanje,Marka,2128,-17.12,35.23,cereals and tubers,Maize (new harvest),1229,KG,aggregate,Retail,MWK,700.0,0.67,7,2023,39.99999999999999,1.8308708275136965,True,Moderate
2024-03-15,Southern Region,Nsanje,Marka,2128,-17.12,35.23,cereals and tubers,Maize (new harvest),1229,KG,aggregate,Retail,MWK,2620.0,1.57,3,2024,191.1111111111111,3.0123301464447,True,Critical
2025-03-15,Southern Region,Nsanje,Marka,2128,-17.12,35.23,oil and fats,Oil (vegetable),96,L,aggregate,Retail,MWK,7500.0,4.35,3,2025,525.0,2.2675976804123437,True,Severe
2023-09-15,Southern Region,Nsanje,Marka,2128,-17.12,35.23,pulses and nuts,Pigeon peas,155,KG,aggregate,Retail,MWK,1000.0,0.91,9,2023,66.66666666666667,2.0595391064919246,True,Severe
2023-12-15,Southern Region,Nsanje,Marka,2128,-17.12,35.23,pulses and nuts,Pigeon peas,155,KG,aggregate,Retail,MWK,1350.0,0.81,12,2023,24.13793103448276,2.1745653390804627,True,Moderate
2024-02-15,Southern Region,Nsanje,Marka,2128,-17.12,35.23,pulses and nuts,Pigeon peas,155,KG,aggregate,Retail,MWK,1854.55,1.11,2,2024,22.198794188383353,2.14307717295188,True,Moderate
2025-04-15,Southern Region,Nsanje,Marka,2128,-17.12,35.23,cereals and tubers,Rice,52,KG,aggregate,Retail,MWK,4000.0,2.33,4,2025,471.42857142857144,2.2660084888655705,True,Severe
2025-03-15,Southern Region,Nsanje,Marka,2128,-17.12,35.23,miscellaneous food,Sugar,97,KG,aggregate,Retail,MWK,3800.0,2.2,3,2025,300.0,2.267492889144226,True,Severe
2025-06-15,Southern Region,Nsanje,Marka,2128,-17.12,35.23,miscellaneous food,Sugar,97,KG,aggregate,Retail,MWK,5196.67,3.0,6,2025,42.37452054794522,1.801375101333081,True,Moderate
2025-03-15,Southern Region,Nsanje,Marka,2128,-17.12,35.23,cereals and tubers,Sweet potatoes,87,KG,aggregate,Retail,MWK,555.56,0.32,3,2025,23.457777777777757,2.267786838055363,True,Moderate
2025-07-15,Southern Region,Nsanje,Marka,2128,-17.12,35.23,cereals and tubers,Sweet potatoes,87,KG,aggregate,Retail,MWK,833.33,0.48,7,2025,49.9982000143999,2.6937547457127278,True,Severe
2025-10-15,Southern Region,Nsanje,Marka,2128,-17.12,35.23,cereals and tubers,Sweet potatoes,87,KG,aggregate,Retail,MWK,1111.0,0.64,10,2025,33.32053328213311,2.4009464448384543,True,Moderate
2026-03-15,Southern Region,Nsanje,Marka,2128,-17.12,35.23,cereals and tubers,Sweet potatoes,87,KG,aggregate,Retail,MWK,1111.0,0.64,3,2026,99.82014388489209,1.8694451820317226,True,Moderate
2023-06-15,Southern Region,Nsanje,Mtowe,3629,-17.08,35.22,pulses and nuts,Beans,50,KG,aggregate,Retail,MWK,1800.0,1.77,6,2023,60.13380068679608,1.5480479487564491,True,Moderate
2024-01-15,Southern Region,Nsanje,Mtowe,3629,-17.08,35.22,pulses and nuts,Beans,50,KG,aggregate,Retail,MWK,2752.94,1.65,1,2024,35.94765432098765,2.2275428682502456,True,Moderate
2024-05-15,Southern Region,Nsanje,Mtowe,3629,-17.08,35.22,pulses and nuts,Beans,50,KG,aggregate,Retail,MWK,3400.0,1.96,5,2024,28.301886792452823,1.8895562902963308,True,Moderate
2025-09-15,Southern Region,Nsanje,Mtowe,3629,-17.08,35.22,pulses and nuts,Beans,50,KG,aggregate,Retail,MWK,6633.33,3.83,9,2025,27.700579850763507,2.1169155203728103,True,Moderate
2023-10-15,Southern Region,Nsanje,Mtowe,3629,-17.08,35.22,pulses and nuts,Cowpeas,218,KG,aggregate,Retail,MWK,1023.33,0.89,10,2023,24.039999999999996,2.0822863735331643,True,Moderate
2023-12-15,Southern Region,Nsanje,Mtowe,3629,-17.08,35.22,pulses and nuts,Cowpeas,218,KG,aggregate,Retail,MWK,1350.0,0.81,12,2023,22.72727272727273,2.382655482024576,True,Moderate
2024-01-15,Southern Region,Nsanje,Mtowe,3629,-17.08,35.22,pulses and nuts,Cowpeas,218,KG,aggregate,Retail,MWK,1647.06,0.99,1,2024,22.00444444444445,2.347274629527737,True,Moderate
2024-09-15,Southern Region,Nsanje,Mtowe,3629,-17.08,35.22,pulses and nuts,Cowpeas,218,KG,aggregate,Retail,MWK,2125.0,1.23,9,2024,21.42857142857142,1.7938096985791805,True,Moderate
2026-03-15,Southern Region,Nsanje,Mtowe,3629,-17.08,35.22,"meat, fish and eggs","Fish (small, dry)",1334,KG,aggregate,Retail,MWK,16000.0,9.23,3,2026,100.0,1.9765946491191377,True,Moderate
2022-08-15,Southern Region,Nsanje,Mtowe,3629,-17.08,35.22,cereals and tubers,Maize,51,KG,aggregate,Retail,MWK,360.0,0.35,8,2022,89.4736842105263,2.993416526216486,True,Critical
2025-09-15,Southern Region,Nsanje,Mtowe,3629,-17.08,35.22,cereals and tubers,Maize,51,KG,aggregate,Retail,MWK,1393.33,0.8,9,2025,287.0361111111111,3.108533979287462,True,Critical
2023-07-15,Southern Region,Nsanje,Mtowe,3629,-17.08,35.22,cereals and tubers,Maize (new harvest),1229,KG,aggregate,Retail,MWK,700.0,0.67,7,2023,39.99999999999999,1.7283640348665226,True,Moderate
2023-11-15,Southern Region,Nsanje,Mtowe,3629,-17.08,35.22,cereals and tubers,Maize (new harvest),1229,KG,aggregate,Retail,MWK,775.0,0.46,11,2023,23.934562550973084,1.5301342310731112,True,Moderate
2025-02-15,Southern Region,Nsanje,Mtowe,3629,-17.08,35.22,cereals and tubers,Maize (new harvest),1229,KG,aggregate,Retail,MWK,1711.11,0.99,2,2025,24.178846684180712,2.2943586027247758,True,Moderate
2023-10-15,Southern Region,Nsanje,Mtowe,3629,-17.08,35.22,pulses and nuts,Pigeon peas,155,KG,aggregate,Retail,MWK,1037.5,0.9,10,2023,72.91666666666667,1.865308312483599,True,Moderate
2023-12-15,Southern Region,Nsanje,Mtowe,3629,-17.08,35.22,pulses and nuts,Pigeon peas,155,KG,aggregate,Retail,MWK,1375.0,0.82,12,2023,25.0,1.9392667316583863,True,Moderate
2024-02-15,Southern Region,Nsanje,Mtowe,3629,-17.08,35.22,pulses and nuts,Pigeon peas,155,KG,aggregate,Retail,MWK,1890.91,1.13,2,2024,23.163050628871428,2.0379277879232305,True,Moderate
2025-08-15,Southern Region,Nsanje,Mtowe,3629,-17.08,35.22,cereals and tubers,Sweet potatoes,87,KG,aggregate,Retail,MWK,833.33,0.48,8,2025,49.9982000143999,2.041241452319316,True,Severe
2025-10-15,Southern Region,Nsanje,Mtowe,3629,-17.08,35.22,cereals and tubers,Sweet potatoes,87,KG,aggregate,Retail,MWK,1111.0,0.64,10,2025,33.29334133173365,1.983911505377759,True,Moderate
2026-03-15,Southern Region,Nsanje,Mtowe,3629,-17.08,35.22,cereals and tubers,Sweet potatoes,87,KG,aggregate,Retail,MWK,1111.0,0.64,3,2026,99.82014388489209,1.7863924168856402,True,Moderate
2021-03-15,Southern Region,Nsanje,Ngabu,806,-16.47,34.87,pulses and nuts,Beans,50,KG,aggregate,Retail,MWK,4275.0,5.52,3,2021,271.7391304347826,2.4323707761828595,True,Severe
2024-05-15,Southern Region,Nsanje,Ngabu,806,-16.47,34.87,pulses and nuts,Beans,50,KG,aggregate,Retail,MWK,3900.0,2.25,5,2024,31.645569620253156,2.1475518668668583,True,Moderate
2025-08-15,Southern Region,Nsanje,Ngabu,806,-16.47,34.87,pulses and nuts,Beans,50,KG,aggregate,Retail,MWK,7000.0,4.04,8,2025,33.33333333333333,1.6544544325575925,True,Moderate
2025-04-15,Southern Region,Nsanje,Ngabu,806,-16.47,34.87,cereals and tubers,Cassava,68,KG,aggregate,Retail,MWK,3740.0,2.18,4,2025,1770.0,2.265888373444197,True,Severe
2023-01-15,Southern Region,Nsanje,Ngabu,806,-16.47,34.87,pulses and nuts,Cowpeas,218,KG,aggregate,Retail,MWK,800.0,0.79,1,2023,45.45454545454546,1.7156118027137583,True,Moderate
2023-06-15,Southern Region,Nsanje,Ngabu,806,-16.47,34.87,pulses and nuts,Cowpeas,218,KG,aggregate,Retail,MWK,1000.0,0.98,6,2023,34.8308546927879,2.2731858999824017,True,Moderate
2023-09-15,Southern Region,Nsanje,Ngabu,806,-16.47,34.87,pulses and nuts,Cowpeas,218,KG,aggregate,Retail,MWK,1066.67,0.97,9,2023,33.33375000000001,1.9441954783246658,True,Moderate
2024-12-15,Southern Region,Nsanje,Ngabu,806,-16.47,34.87,pulses and nuts,Cowpeas,218,KG,aggregate,Retail,MWK,2500.0,1.44,12,2024,25.0,1.6412277457488071,True,Moderate
2025-01-15,Southern Region,Nsanje,Ngabu,806,-16.47,34.87,pulses and nuts,Cowpeas,218,KG,aggregate,Retail,MWK,3208.33,1.87,1,2025,28.33319999999999,2.1080561574167067,True,Moderate
2026-02-15,Southern Region,Nsanje,Ngabu,806,-16.47,34.87,vegetables and fruits,Exotic vegetables,1335,KG,aggregate,Retail,MWK,1000.0,0.58,2,2026,150.0,1.745411674953128,True,Moderate
2026-03-15,Southern Region,Nsanje,Ngabu,806,-16.47,34.87,vegetables and fruits,Exotic vegetables,1335,KG,aggregate,Retail,MWK,1340.0,0.77,3,2026,34.00000000000001,1.723499589410411,True,Moderate
2026-02-15,Southern Region,Nsanje,Ngabu,806,-16.47,34.87,vegetables and fruits,Local vegetables,1333,KG,aggregate,Retail,MWK,800.0,0.46,2,2026,100.0,1.6221162634633421,True,Moderate
2022-01-15,Southern Region,Nsanje,Ngabu,806,-16.47,34.87,cereals and tubers,Maize,51,KG,aggregate,Retail,MWK,225.0,0.28,1,2022,37.75791342680461,2.28495350379031,True,Moderate
2022-08-15,Southern Region,Nsanje,Ngabu,806,-16.47,34.87,cereals and tubers,Maize,51,KG,aggregate,Retail,MWK,350.0,0.34,8,2022,55.55555555555556,2.953380206544096,True,Severe
2025-09-15,Southern Region,Nsanje,Ngabu,806,-16.47,34.87,cereals and tubers,Maize,51,KG,aggregate,Retail,MWK,1521.74,0.88,9,2025,338.5417867435159,3.1223969868748394,True,Critical
2023-01-15,Southern Region,Nsanje,Ngabu,806,-16.47,34.87,cereals and tubers,Maize (new harvest),1229,KG,aggregate,Retail,MWK,511.25,0.51,1,2023,246.61016949152543,2.2167574158597954,True,Severe
2024-11-15,Southern Region,Nsanje,Ngabu,806,-16.47,34.87,cereals and tubers,Maize (new harvest),1229,KG,aggregate,Retail,MWK,1100.0,0.63,11,2024,26.436781609195403,1.870583718713771,True,Moderate
2025-01-15,Southern Region,Nsanje,Ngabu,806,-16.47,34.87,cereals and tubers,Maize (new harvest),1229,KG,aggregate,Retail,MWK,1483.33,0.86,1,2025,34.848181818181814,2.3662872339407754,True,Moderate
2025-10-15,Southern Region,Nsanje,Ngabu,806,-16.47,34.87,cereals and tubers,Millet,73,KG,aggregate,Retail,MWK,2000.0,1.15,10,2025,433.3333333333333,2.0376937947850857,True,Severe
2026-02-15,Southern Region,Nsanje,Ngabu,806,-16.47,34.87,cereals and tubers,Millet,73,KG,aggregate,Retail,MWK,3000.0,1.73,2,2026,50.0,1.8641102231611297,True,Moderate
2025-04-15,Southern Region,Nsanje,Ngabu,806,-16.47,34.87,oil and fats,Oil (vegetable),96,L,aggregate,Retail,MWK,7427.08,4.33,4,2025,460.5343396226415,2.2638305083975445,True,Severe
2023-01-15,Southern Region,Nsanje,Ngabu,806,-16.47,34.87,pulses and nuts,Pigeon peas,155,KG,aggregate,Retail,MWK,745.31,0.74,1,2023,24.21833333333332,2.1868504069088566,True,Moderate
2023-08-15,Southern Region,Nsanje,Ngabu,806,-16.47,34.87,pulses and nuts,Pigeon peas,155,KG,aggregate,Retail,MWK,800.0,0.74,8,2023,28.000000000000004,1.743348152274264,True,Moderate
2023-09-15,Southern Region,Nsanje,Ngabu,806,-16.47,34.87,pulses and nuts,Pigeon peas,155,KG,aggregate,Retail,MWK,1066.67,0.97,9,2023,33.33375000000001,2.663223493053831,True,Moderate
2024-01-15,Southern Region,Nsanje,Ngabu,806,-16.47,34.87,pulses and nuts,Pigeon peas,155,KG,aggregate,Retail,MWK,1658.82,1.0,1,2024,20.64145454545454,1.9776238347722277,True,Moderate
2024-10-15,Southern Region,Nsanje,Ngabu,806,-16.47,34.87,pulses and nuts,Pigeon peas,155,KG,aggregate,Retail,MWK,2900.0,1.67,10,2024,44.99999999999999,2.2611516344576934,True,Severe
2025-01-15,Southern Region,Nsanje,Ngabu,806,-16.47,34.87,pulses and nuts,Pigeon peas,155,KG,aggregate,Retail,MWK,3062.5,1.78,1,2025,22.500000000000007,1.7028697679766636,True,Moderate
2025-04-15,Southern Region,Nsanje,Ngabu,806,-16.47,34.87,cereals and tubers,Rice,52,KG,aggregate,Retail,MWK,5000.0,2.91,4,2025,525.0,2.267479016186359,True,Severe
2025-07-15,Southern Region,Nsanje,Ngabu,806,-16.47,34.87,cereals and tubers,Sorghum,65,KG,aggregate,Retail,MWK,800.0,0.46,7,2025,515.3846153846155,2.170272793611507,True,Severe
2025-09-15,Southern Region,Nsanje,Ngabu,806,-16.47,34.87,cereals and tubers,Sorghum,65,KG,aggregate,Retail,MWK,1000.0,0.58,9,2025,25.0,1.88920505047477,True,Moderate
2025-12-15,Southern Region,Nsanje,Ngabu,806,-16.47,34.87,cereals and tubers,Sorghum,65,KG,aggregate,Retail,MWK,2000.0,1.15,12,2025,100.0,2.337741596575344,True,Severe
2025-10-15,Southern Region,Nsanje,Ngabu,806,-16.47,34.87,pulses and nuts,Soybeans,248,KG,aggregate,Retail,MWK,3500.0,2.02,10,2025,75.0,1.745041462368208,True,Moderate
2025-04-15,Southern Region,Nsanje,Ngabu,806,-16.47,34.87,miscellaneous food,Sugar,97,KG,aggregate,Retail,MWK,3543.75,2.06,4,2025,329.54545454545456,2.2671207280595165,True,Severe
2025-04-15,Southern Region,Nsanje,Ngabu,806,-16.47,34.87,cereals and tubers,Sweet potatoes,87,KG,aggregate,Retail,MWK,555.56,0.32,4,2025,70.94153846153843,2.0272322056895353,True,Severe
2025-08-15,Southern Region,Nsanje,Ngabu,806,-16.47,34.87,cereals and tubers,Sweet potatoes,87,KG,aggregate,Retail,MWK,1111.11,0.64,8,2025,99.9982000143999,2.6708196658974726,True,Critical
2026-02-15,Southern Region,Nsanje,Ngabu,806,-16.47,34.87,vegetables and fruits,Tomatoes,114,KG,aggregate,Retail,MWK,3000.0,1.73,2,2026,100.0,1.7474450847561145,True,Moderate
2021-02-15,Southern Region,Nsanje,Nsanje Boma,2193,-16.93,35.26,pulses and nuts,Beans,50,KG,aggregate,Retail,MWK,1433.33,1.88,2,2021,33.95607476635514,1.5746795811252934,True,Moderate
2023-06-15,Southern Region,Nsanje,Nsanje Boma,2193,-16.93,35.26,pulses and nuts,Beans,50,KG,aggregate,Retail,MWK,1800.0,1.77,6,2023,45.29134951448472,1.8070396737696155,True,Moderate
2024-01-15,Southern Region,Nsanje,Nsanje Boma,2193,-16.93,35.26,pulses and nuts,Beans,50,KG,aggregate,Retail,MWK,2691.18,1.61,1,2024,20.95191011235955,2.180990544976573,True,Moderate
2024-05-15,Southern Region,Nsanje,Nsanje Boma,2193,-16.93,35.26,pulses and nuts,Beans,50,KG,aggregate,Retail,MWK,4000.0,2.31,5,2024,39.534721471254095,2.2949671248258605,True,Moderate
2024-10-15,Southern Region,Nsanje,Nsanje Boma,2193,-16.93,35.26,pulses and nuts,Beans,50,KG,aggregate,Retail,MWK,4950.0,2.85,10,2024,22.222222222222232,1.8676556015982628,True,Moderate
2023-01-15,Southern Region,Nsanje,Nsanje Boma,2193,-16.93,35.26,pulses and nuts,Cowpeas,218,KG,aggregate,Retail,MWK,845.31,0.84,1,2023,40.88499999999999,2.126939790834232,True,Severe
2023-10-15,Southern Region,Nsanje,Nsanje Boma,2193,-16.93,35.26,pulses and nuts,Cowpeas,218,KG,aggregate,Retail,MWK,1100.0,0.96,10,2023,29.41176470588236,2.1034629622159122,True,Moderate
2024-09-15,Southern Region,Nsanje,Nsanje Boma,2193,-16.93,35.26,pulses and nuts,Cowpeas,218,KG,aggregate,Retail,MWK,2175.0,1.26,9,2024,20.833333333333325,1.8988793025476896,True,Moderate
2025-01-15,Southern Region,Nsanje,Nsanje Boma,2193,-16.93,35.26,pulses and nuts,Cowpeas,218,KG,aggregate,Retail,MWK,2926.47,1.7,1,2025,23.94467009160943,2.0306299677043587,True,Moderate
2026-01-15,Southern Region,Nsanje,Nsanje Boma,2193,-16.93,35.26,vegetables and fruits,Exotic vegetables,1335,KG,aggregate,Retail,MWK,1340.0,0.77,1,2026,86.97587453081614,1.6202888018150925,True,Moderate
2022-01-15,Southern Region,Nsanje,Nsanje Boma,2193,-16.93,35.26,cereals and tubers,Maize,51,KG,"actual,aggregate",Retail,MWK,223.0,0.28,1,2022,35.151515151515156,2.4278525516934453,True,Moderate
2022-08-15,Southern Region,Nsanje,Nsanje Boma,2193,-16.93,35.26,cereals and tubers,Maize,51,KG,aggregate,Retail,MWK,355.0,0.35,8,2022,61.36363636363635,2.7595290078521315,True,Critical
2025-09-15,Southern Region,Nsanje,Nsanje Boma,2193,-16.93,35.26,cereals and tubers,Maize,51,KG,aggregate,Retail,MWK,1450.72,0.84,9,2025,314.4914285714286,3.121314123171714,True,Critical
2023-01-15,Southern Region,Nsanje,Nsanje Boma,2193,-16.93,35.26,cereals and tubers,Maize (new harvest),1229,KG,aggregate,Retail,MWK,532.19,0.53,1,2023,254.79333333333338,2.2242029573124196,True,Severe
2023-07-15,Southern Region,Nsanje,Nsanje Boma,2193,-16.93,35.26,cereals and tubers,Maize (new harvest),1229,KG,aggregate,Retail,MWK,700.0,0.67,7,2023,39.99999999999999,1.6505707649822772,True,Moderate
2025-01-15,Southern Region,Nsanje,Nsanje Boma,2193,-16.93,35.26,cereals and tubers,Maize (new harvest),1229,KG,aggregate,Retail,MWK,1329.41,0.77,1,2025,24.63179802563118,2.2644283712455526,True,Moderate
2025-02-15,Southern Region,Nsanje,Nsanje Boma,2193,-16.93,35.26,cereals and tubers,Maize (new harvest),1229,KG,aggregate,Retail,MWK,1778.57,1.03,2,2025,33.786416530641404,2.548799225537579,True,Moderate
2025-03-15,Southern Region,Nsanje,Nsanje Boma,2193,-16.93,35.26,oil and fats,Oil (vegetable),96,L,aggregate,Retail,MWK,6000.0,3.48,3,2025,471.42857142857144,2.2671617806839026,True,Severe
2023-11-15,Southern Region,Nsanje,Nsanje Boma,2193,-16.93,35.26,pulses and nuts,Pigeon peas,155,KG,aggregate,Retail,MWK,1200.0,0.72,11,2023,22.03431198071857,2.154039086938191,True,Moderate
2023-12-15,Southern Region,Nsanje,Nsanje Boma,2193,-16.93,35.26,pulses and nuts,Pigeon peas,155,KG,aggregate,Retail,MWK,1475.0,0.88,12,2023,22.916666666666675,2.3430414049335444,True,Moderate
2024-02-15,Southern Region,Nsanje,Nsanje Boma,2193,-16.93,35.26,pulses and nuts,Pigeon peas,155,KG,aggregate,Retail,MWK,2000.0,1.2,2,2024,27.57949797467547,2.2011503152616476,True,Moderate
2024-12-15,Southern Region,Nsanje,Nsanje Boma,2193,-16.93,35.26,pulses and nuts,Pigeon peas,155,KG,aggregate,Retail,MWK,2416.67,1.4,12,2024,20.833499999999994,1.608212188515593,True,Moderate
2025-01-15,Southern Region,Nsanje,Nsanje Boma,2193,-16.93,35.26,pulses and nuts,Pigeon peas,155,KG,aggregate,Retail,MWK,3000.0,1.75,1,2025,24.13775980998647,2.066761761541101,True,Moderate
2025-05-15,Southern Region,Nsanje,Nsanje Boma,2193,-16.93,35.26,cereals and tubers,Rice,52,KG,aggregate,Retail,MWK,3769.23,2.17,5,2025,371.15375000000006,2.4656236714256683,True,Severe
2025-08-15,Southern Region,Nsanje,Nsanje Boma,2193,-16.93,35.26,cereals and tubers,Rice,52,KG,aggregate,Retail,MWK,4000.0,2.31,8,2025,33.33333333333333,1.547998369776107,True,Moderate
2025-12-15,Southern Region,Nsanje,Nsanje Boma,2193,-16.93,35.26,pulses and nuts,Soybeans,248,KG,aggregate,Retail,MWK,5000.0,2.88,12,2025,150.0,1.7750548363729914,True,Moderate
2025-03-15,Southern Region,Nsanje,Nsanje Boma,2193,-16.93,35.26,miscellaneous food,Sugar,97,KG,aggregate,Retail,MWK,3700.0,2.15,3,2025,289.4736842105263,2.267786838055363,True,Severe
2025-06-15,Southern Region,Nsanje,Nsanje Boma,2193,-16.93,35.26,miscellaneous food,Sugar,97,KG,aggregate,Retail,MWK,4895.0,2.82,6,2025,24.48312166540361,1.673201727369578,True,Moderate
2021-04-15,Southern Region,Nsanje,Nsanje Boma,2193,-16.93,35.26,cereals and tubers,Sweet potatoes,87,KG,aggregate,Retail,MWK,400.0,0.52,4,2021,33.33333333333333,2.0412414523193148,True,Moderate
2025-03-15,Southern Region,Nsanje,Nsanje Boma,2193,-16.93,35.26,cereals and tubers,Sweet potatoes,87,KG,aggregate,Retail,MWK,555.56,0.32,3,2025,38.88999999999998,2.0962507637697274,True,Moderate
2025-04-15,Southern Region,Nsanje,Nsanje Boma,2193,-16.93,35.26,cereals and tubers,Sweet potatoes,87,KG,aggregate,Retail,MWK,798.61,0.47,4,2025,43.74865001079993,2.149006049972768,True,Severe
2025-08-15,Southern Region,Nsanje,Nsanje Boma,2193,-16.93,35.26,cereals and tubers,Sweet potatoes,87,KG,aggregate,Retail,MWK,833.33,0.48,8,2025,49.9982000143999,1.8159259507452616,True,Moderate
2025-12-15,Southern Region,Nsanje,Nsanje Boma,2193,-16.93,35.26,cereals and tubers,Sweet potatoes,87,KG,aggregate,Retail,MWK,972.25,0.56,12,2025,74.86510791366908,1.603640575558666,True,Moderate
2023-06-15,Southern Region,Nsanje,Sorgin,811,-16.54,35.01,pulses and nuts,Beans,50,KG,aggregate,Retail,MWK,1800.0,1.77,6,2023,59.116022099447505,1.9140299615712353,True,Moderate
2024-05-15,Southern Region,Nsanje,Sorgin,811,-16.54,35.01,pulses and nuts,Beans,50,KG,aggregate,Retail,MWK,4000.0,2.31,5,2024,52.38095238095237,2.3236455149585615,True,Severe
2021-01-15,Southern Region,Nsanje,Sorgin,811,-16.54,35.01,pulses and nuts,Cowpeas,218,KG,aggregate,Retail,MWK,775.0,1.01,1,2021,29.166666666666675,1.5029382986043587,True,Moderate
2023-07-15,Southern Region,Nsanje,Sorgin,811,-16.54,35.01,pulses and nuts,Cowpeas,218,KG,aggregate,Retail,MWK,1000.0,0.96,7,2023,29.032258064516125,1.9524857334092642,True,Moderate
2024-01-15,Southern Region,Nsanje,Sorgin,811,-16.54,35.01,pulses and nuts,Cowpeas,218,KG,aggregate,Retail,MWK,1673.53,1.0,1,2024,21.711272727272735,2.2189505791944777,True,Moderate
2025-01-15,Southern Region,Nsanje,Sorgin,811,-16.54,35.01,pulses and nuts,Cowpeas,218,KG,aggregate,Retail,MWK,3000.0,1.75,1,2025,34.26603472119658,2.071532674765868,True,Moderate
2025-02-15,Southern Region,Nsanje,Sorgin,811,-16.54,35.01,pulses and nuts,Cowpeas,218,KG,aggregate,Retail,MWK,4555.56,2.64,2,2025,51.85200000000001,2.589130775624484,True,Severe
2026-01-15,Southern Region,Nsanje,Sorgin,811,-16.54,35.01,vegetables and fruits,Exotic vegetables,1335,KG,aggregate,Retail,MWK,800.0,0.46,1,2026,52.38095238095237,1.5649391005361233,True,Moderate
2026-02-15,Southern Region,Nsanje,Sorgin,811,-16.54,35.01,vegetables and fruits,Exotic vegetables,1335,KG,aggregate,Retail,MWK,1000.0,0.58,2,2026,25.0,1.5043277406254185,True,Moderate
2026-01-15,Southern Region,Nsanje,Sorgin,811,-16.54,35.01,"meat, fish and eggs","Fish (small, dry)",1334,KG,aggregate,Retail,MWK,16000.0,9.23,1,2026,100.0,1.5652475842498528,True,Moderate
2025-12-15,Southern Region,Nsanje,Sorgin,811,-16.54,35.01,pulses and nuts,Groundnuts (shelled),119,KG,aggregate,Retail,MWK,7500.0,4.33,12,2025,25.0,1.5889226931085492,True,Moderate
2021-10-15,Southern Region,Nsanje,Sorgin,811,-16.54,35.01,cereals and tubers,Maize,51,KG,aggregate,Retail,MWK,513.0,0.64,10,2021,208.7014081116861,2.496707651908625,True,Severe
2025-09-15,Southern Region,Nsanje,Sorgin,811,-16.54,35.01,cereals and tubers,Maize,51,KG,aggregate,Retail,MWK,1543.48,0.89,9,2025,347.3855072463768,3.0483533832877963,True,Critical
2023-01-15,Southern Region,Nsanje,Sorgin,811,-16.54,35.01,cereals and tubers,Maize (new harvest),1229,KG,aggregate,Retail,MWK,523.44,0.52,1,2023,273.88571428571436,1.7564016253026598,True,Moderate
2025-02-15,Southern Region,Nsanje,Sorgin,811,-16.54,35.01,cereals and tubers,Maize (new harvest),1229,KG,aggregate,Retail,MWK,1711.11,0.99,2,2025,24.844774877972252,2.255335262580935,True,Moderate
2025-09-15,Southern Region,Nsanje,Sorgin,811,-16.54,35.01,cereals and tubers,Millet,73,KG,aggregate,Retail,MWK,1600.0,0.92,9,2025,611.1111111111111,1.786971000969862,True,Moderate
2025-03-15,Southern Region,Nsanje,Sorgin,811,-16.54,35.01,oil and fats,Oil (vegetable),96,L,aggregate,Retail,MWK,7500.0,4.35,3,2025,476.9230769230769,1.7842968541853972,True,Moderate
2023-07-15,Southern Region,Nsanje,Sorgin,811,-16.54,35.01,pulses and nuts,Pigeon peas,155,KG,aggregate,Retail,MWK,1000.0,0.96,7,2023,60.00000000000001,1.8516731795626011,True,Moderate
2023-12-15,Southern Region,Nsanje,Sorgin,811,-16.54,35.01,pulses and nuts,Pigeon peas,155,KG,aggregate,Retail,MWK,1450.0,0.87,12,2023,20.833333333333325,1.90305903533952,True,Moderate
2024-12-15,Southern Region,Nsanje,Sorgin,811,-16.54,35.01,pulses and nuts,Pigeon peas,155,KG,aggregate,Retail,MWK,2611.11,1.51,12,2024,30.555500000000002,1.8676705959261228,True,Moderate
2025-06-15,Southern Region,Nsanje,Sorgin,811,-16.54,35.01,cereals and tubers,Rice,52,KG,aggregate,Retail,MWK,3000.0,1.73,6,2025,275.0,1.7872594455681718,True,Moderate
2025-09-15,Southern Region,Nsanje,Sorgin,811,-16.54,35.01,cereals and tubers,Sorghum,65,KG,aggregate,Retail,MWK,1600.0,0.92,9,2025,481.8181818181818,1.784202763529146,True,Moderate
2026-02-15,Southern Region,Nsanje,Sorgin,811,-16.54,35.01,pulses and nuts,Soybeans,248,KG,aggregate,Retail,MWK,3000.0,1.73,2,2026,100.0,1.8528191644129168,True,Moderate
2025-03-15,Southern Region,Nsanje,Sorgin,811,-16.54,35.01,miscellaneous food,Sugar,97,KG,aggregate,Retail,MWK,3800.0,2.2,3,2025,360.6060606060606,1.7886399915596187,True,Moderate
2025-03-15,Southern Region,Nsanje,Sorgin,811,-16.54,35.01,cereals and tubers,Sweet potatoes,87,KG,aggregate,Retail,MWK,555.56,0.32,3,2025,79.21290322580643,1.6583473841286085,True,Moderate
2025-06-15,Southern Region,Nsanje,Sorgin,811,-16.54,35.01,cereals and tubers,Sweet potatoes,87,KG,aggregate,Retail,MWK,814.81,0.47,6,2025,46.664626682986544,1.792406408206835,True,Moderate
2025-07-15,Southern Region,Nsanje,Sorgin,811,-16.54,35.01,cereals and tubers,Sweet potatoes,87,KG,aggregate,Retail,MWK,1111.11,0.64,7,2025,36.36430578907965,2.0200866717339077,True,Moderate
2025-10-15,Southern Region,Nsanje,Sorgin,811,-16.54,35.01,cereals and tubers,Sweet potatoes,87,KG,aggregate,Retail,MWK,1111.0,0.64,10,2025,99.82014388489209,1.7306833261796883,True,Moderate
2021-01-15,Central Region,Ntcheu,Chimbiya,771,-15.08,34.58,pulses and nuts,Beans,50,KG,aggregate,Retail,MWK,1025.0,1.34,1,2021,30.317593510819552,1.6049464502450492,True,Moderate
2023-01-15,Central Region,Ntcheu,Chimbiya,771,-15.08,34.58,pulses and nuts,Beans,50,KG,aggregate,Retail,MWK,1475.0,1.47,1,2023,59.45945945945945,2.725994723368963,True,Severe
2023-06-15,Central Region,Ntcheu,Chimbiya,771,-15.08,34.58,pulses and nuts,Beans,50,KG,aggregate,Retail,MWK,1650.0,1.62,6,2023,57.14285714285714,2.265179534357103,True,Severe
2024-01-15,Central Region,Ntcheu,Chimbiya,771,-15.08,34.58,pulses and nuts,Beans,50,KG,aggregate,Retail,MWK,2690.0,1.61,1,2024,28.095238095238084,2.074582703012158,True,Moderate
2024-05-15,Central Region,Ntcheu,Chimbiya,771,-15.08,34.58,pulses and nuts,Beans,50,KG,aggregate,Retail,MWK,3425.0,1.98,5,2024,24.545454545454536,2.095223138637921,True,Moderate
2025-04-15,Central Region,Ntcheu,Chimbiya,771,-15.08,34.58,pulses and nuts,Beans,50,KG,aggregate,Retail,MWK,5725.0,3.33,4,2025,34.70588235294119,1.8285506061067585,True,Moderate
2025-04-15,Central Region,Ntcheu,Chimbiya,771,-15.08,34.58,cereals and tubers,Cassava,68,KG,aggregate,Retail,MWK,3270.0,1.9,4,2025,1089.090909090909,2.2668156748224,True,Severe
2023-09-15,Central Region,Ntcheu,Chimbiya,771,-15.08,34.58,pulses and nuts,Cowpeas,218,KG,aggregate,Retail,MWK,1116.67,1.02,9,2023,32.93690476190476,2.3241029766253503,True,Moderate
2023-12-15,Central Region,Ntcheu,Chimbiya,771,-15.08,34.58,pulses and nuts,Cowpeas,218,KG,aggregate,Retail,MWK,1450.0,0.87,12,2023,26.086956521739136,2.285910285457007,True,Moderate
2024-09-15,Central Region,Ntcheu,Chimbiya,771,-15.08,34.58,pulses and nuts,Cowpeas,218,KG,aggregate,Retail,MWK,2300.0,1.33,9,2024,43.75,2.1081433816349664,True,Severe
2024-12-15,Central Region,Ntcheu,Chimbiya,771,-15.08,34.58,pulses and nuts,Cowpeas,218,KG,aggregate,Retail,MWK,2611.11,1.51,12,2024,30.555500000000002,1.8034750438519973,True,Moderate
2025-04-15,Central Region,Ntcheu,Chimbiya,771,-15.08,34.58,pulses and nuts,Cowpeas,218,KG,aggregate,Retail,MWK,4072.92,2.37,4,2025,30.91533246976159,2.2223128208441096,True,Moderate
2026-01-15,Central Region,Ntcheu,Chimbiya,771,-15.08,34.58,vegetables and fruits,Exotic vegetables,1335,KG,aggregate,Retail,MWK,2000.0,1.15,1,2026,128.57142857142856,1.6829590269344152,True,Moderate
2026-01-15,Central Region,Ntcheu,Chimbiya,771,-15.08,34.58,vegetables and fruits,Local vegetables,1333,KG,aggregate,Retail,MWK,1000.0,0.58,1,2026,60.00000000000001,1.5722782271371094,True,Moderate
2022-01-15,Central Region,Ntcheu,Chimbiya,771,-15.08,34.58,cereals and tubers,Maize,51,KG,aggregate,Retail,MWK,177.5,0.22,1,2022,47.91666666666667,2.3592331285959927,True,Severe
2022-08-15,Central Region,Ntcheu,Chimbiya,771,-15.08,34.58,cereals and tubers,Maize,51,KG,aggregate,Retail,MWK,310.0,0.3,8,2022,74.64788732394365,2.9439830958071305,True,Critical
2025-03-15,Central Region,Ntcheu,Chimbiya,771,-15.08,34.58,cereals and tubers,Maize,51,KG,aggregate,Retail,MWK,1700.0,0.99,3,2025,466.6666666666667,3.1356801005167143,True,Critical
2023-01-15,Central Region,Ntcheu,Chimbiya,771,-15.08,34.58,cereals and tubers,Maize (new harvest),1229,KG,aggregate,Retail,MWK,475.0,0.47,1,2023,352.38095238095235,2.204862223231975,True,Severe
2023-07-15,Central Region,Ntcheu,Chimbiya,771,-15.08,34.58,cereals and tubers,Maize (new harvest),1229,KG,aggregate,Retail,MWK,650.0,0.63,7,2023,35.41666666666667,1.862405663964868,True,Moderate
2024-12-15,Central Region,Ntcheu,Chimbiya,771,-15.08,34.58,cereals and tubers,Maize (new harvest),1229,KG,aggregate,Retail,MWK,1044.44,0.6,12,2024,22.87529411764706,2.0209155200120774,True,Moderate
2025-01-15,Central Region,Ntcheu,Chimbiya,771,-15.08,34.58,cereals and tubers,Maize (new harvest),1229,KG,aggregate,Retail,MWK,1270.59,0.74,1,2025,21.65275171383707,2.254189945905868,True,Moderate
2025-05-15,Central Region,Ntcheu,Chimbiya,771,-15.08,34.58,cereals and tubers,Millet,73,KG,aggregate,Retail,MWK,1000.0,0.58,5,2025,455.55555555555554,1.9939377278742278,True,Moderate
2025-09-15,Central Region,Ntcheu,Chimbiya,771,-15.08,34.58,cereals and tubers,Millet,73,KG,aggregate,Retail,MWK,2000.0,1.15,9,2025,100.0,2.2185551421164558,True,Severe
2025-10-15,Central Region,Ntcheu,Chimbiya,771,-15.08,34.58,cereals and tubers,Millet,73,KG,aggregate,Retail,MWK,2868.42,1.65,10,2025,43.421,2.2167791013116176,True,Severe
2025-12-15,Central Region,Ntcheu,Chimbiya,771,-15.08,34.58,cereals and tubers,Millet,73,KG,aggregate,Retail,MWK,3000.0,1.73,12,2025,31.506849315068486,1.7064216596345927,True,Moderate
2025-03-15,Central Region,Ntcheu,Chimbiya,771,-15.08,34.58,oil and fats,Oil (vegetable),96,L,aggregate,Retail,MWK,7000.0,4.06,3,2025,344.44444444444446,2.261692006287883,True,Severe
2023-12-15,Central Region,Ntcheu,Chimbiya,771,-15.08,34.58,pulses and nuts,Pigeon peas,155,KG,aggregate,Retail,MWK,1500.0,0.9,12,2023,50.0,2.3578541270660516,True,Severe
2024-01-15,Central Region,Ntcheu,Chimbiya,771,-15.08,34.58,pulses and nuts,Pigeon peas,155,KG,aggregate,Retail,MWK,1850.0,1.11,1,2024,23.33333333333334,2.3119445683211994,True,Moderate
2024-12-15,Central Region,Ntcheu,Chimbiya,771,-15.08,34.58,pulses and nuts,Pigeon peas,155,KG,aggregate,Retail,MWK,2611.11,1.51,12,2024,30.555500000000002,1.7730584385605719,True,Moderate
2025-03-15,Central Region,Ntcheu,Chimbiya,771,-15.08,34.58,cereals and tubers,Rice,52,KG,aggregate,Retail,MWK,4500.0,2.61,3,2025,579.2452830188679,2.2664085762246677,True,Severe
2025-04-15,Central Region,Ntcheu,Chimbiya,771,-15.08,34.58,cereals and tubers,Sorghum,65,KG,aggregate,Retail,MWK,2000.0,1.16,4,2025,433.3333333333333,2.0368330842927693,True,Severe
2025-09-15,Central Region,Ntcheu,Chimbiya,771,-15.08,34.58,cereals and tubers,Sorghum,65,KG,aggregate,Retail,MWK,2000.0,1.15,9,2025,116.21621621621622,1.8079072110054577,True,Moderate
2025-10-15,Central Region,Ntcheu,Chimbiya,771,-15.08,34.58,cereals and tubers,Sorghum,65,KG,aggregate,Retail,MWK,2868.42,1.65,10,2025,43.421,2.2047965040383697,True,Severe
2025-12-15,Central Region,Ntcheu,Chimbiya,771,-15.08,34.58,cereals and tubers,Sorghum,65,KG,aggregate,Retail,MWK,3000.0,1.73,12,2025,31.506849315068486,1.6257584404577226,True,Moderate
2025-10-15,Central Region,Ntcheu,Chimbiya,771,-15.08,34.58,pulses and nuts,Soybeans,248,KG,aggregate,Retail,MWK,3000.0,1.73,10,2025,30.434782608695656,1.8546973094575274,True,Moderate
2026-01-15,Central Region,Ntcheu,Chimbiya,771,-15.08,34.58,pulses and nuts,Soybeans,248,KG,aggregate,Retail,MWK,4500.0,2.6,1,2026,63.63636363636365,2.4330840582275917,True,Severe
2025-03-15,Central Region,Ntcheu,Chimbiya,771,-15.08,34.58,miscellaneous food,Sugar,97,KG,aggregate,Retail,MWK,3800.0,2.2,3,2025,347.05882352941177,2.267458230986838,True,Severe
2025-06-15,Central Region,Ntcheu,Chimbiya,771,-15.08,34.58,miscellaneous food,Sugar,97,KG,aggregate,Retail,MWK,5116.67,2.95,6,2025,26.036288574468934,1.6929022901463038,True,Moderate
2025-03-15,Central Region,Ntcheu,Chimbiya,771,-15.08,34.58,cereals and tubers,Sweet potatoes,87,KG,aggregate,Retail,MWK,555.56,0.32,3,2025,146.9155555555555,2.1685542054350457,True,Severe
2025-07-15,Central Region,Ntcheu,Chimbiya,771,-15.08,34.58,cereals and tubers,Sweet potatoes,87,KG,aggregate,Retail,MWK,833.33,0.48,7,2025,49.9982000143999,1.7114331876315927,True,Moderate
2025-08-15,Central Region,Ntcheu,Chimbiya,771,-15.08,34.58,cereals and tubers,Sweet potatoes,87,KG,aggregate,Retail,MWK,1111.11,0.64,8,2025,33.33373333493333,2.120450176980585,True,Moderate
2022-07-15,Central Region,Ntcheu,Golomoti,2224,-14.43,34.59,pulses and nuts,Beans,50,KG,aggregate,Retail,MWK,1450.0,1.43,7,2022,31.818181818181813,1.9058443618889962,True,Moderate
2023-06-15,Central Region,Ntcheu,Golomoti,2224,-14.43,34.59,pulses and nuts,Beans,50,KG,aggregate,Retail,MWK,1725.0,1.7,6,2023,26.31532699193777,1.7587215771542992,True,Moderate
2024-01-15,Central Region,Ntcheu,Golomoti,2224,-14.43,34.59,pulses and nuts,Beans,50,KG,aggregate,Retail,MWK,3000.0,1.8,1,2024,34.8314606741573,2.6302986672748094,True,Moderate
2026-01-15,Central Region,Ntcheu,Golomoti,2224,-14.43,34.59,pulses and nuts,Beans,50,KG,aggregate,Retail,MWK,7500.0,4.33,1,2026,25.654450261780106,1.620593822029121,True,Moderate
2025-05-15,Central Region,Ntcheu,Golomoti,2224,-14.43,34.59,cereals and tubers,Cassava,68,KG,aggregate,Retail,MWK,4000.0,2.31,5,2025,1677.7777777777778,2.0409328133882467,True,Severe
2023-12-15,Central Region,Ntcheu,Golomoti,2224,-14.43,34.59,pulses and nuts,Cowpeas,218,KG,aggregate,Retail,MWK,1125.0,0.67,12,2023,20.536144771945608,1.9019037000520573,True,Moderate
2024-01-15,Central Region,Ntcheu,Golomoti,2224,-14.43,34.59,pulses and nuts,Cowpeas,218,KG,aggregate,Retail,MWK,1600.0,0.96,1,2024,42.22222222222223,2.4911661192093457,True,Severe
2024-09-15,Central Region,Ntcheu,Golomoti,2224,-14.43,34.59,pulses and nuts,Cowpeas,218,KG,aggregate,Retail,MWK,1937.5,1.12,9,2024,29.166666666666675,1.5819482511886367,True,Moderate
2026-01-15,Central Region,Ntcheu,Golomoti,2224,-14.43,34.59,vegetables and fruits,Exotic vegetables,1335,KG,aggregate,Retail,MWK,1340.0,0.77,1,2026,155.2380952380952,1.7337931348501698,True,Moderate
2025-12-15,Central Region,Ntcheu,Golomoti,2224,-14.43,34.59,"meat, fish and eggs","Fish (small, dry)",1334,KG,aggregate,Retail,MWK,12000.0,6.92,12,2025,50.0,1.5,True,Moderate
2026-01-15,Central Region,Ntcheu,Golomoti,2224,-14.43,34.59,"meat, fish and eggs","Fish (small, dry)",1334,KG,aggregate,Retail,MWK,16000.0,9.23,1,2026,33.33333333333333,1.5652475842498528,True,Moderate
2025-10-15,Central Region,Ntcheu,Golomoti,2224,-14.43,34.59,pulses and nuts,Groundnuts (shelled),119,KG,aggregate,Retail,MWK,9000.0,5.19,10,2025,28.57142857142858,1.7837556603294398,True,Moderate
2022-01-15,Central Region,Ntcheu,Golomoti,2224,-14.43,34.59,cereals and tubers,Maize,51,KG,aggregate,Retail,MWK,210.0,0.26,1,2022,50.0,1.899682182059933,True,Moderate
2022-08-15,Central Region,Ntcheu,Golomoti,2224,-14.43,34.59,cereals and tubers,Maize,51,KG,aggregate,Retail,MWK,310.0,0.3,8,2022,47.61904761904763,2.685166936431744,True,Severe
2025-03-15,Central Region,Ntcheu,Golomoti,2224,-14.43,34.59,cereals and tubers,Maize,51,KG,aggregate,Retail,MWK,1500.0,0.87,3,2025,400.0,3.1317198577291707,True,Critical
2023-01-15,Central Region,Ntcheu,Golomoti,2224,-14.43,34.59,cereals and tubers,Maize (new harvest),1229,KG,aggregate,Retail,MWK,450.0,0.45,1,2023,350.0,2.1138518295948394,True,Severe
2023-07-15,Central Region,Ntcheu,Golomoti,2224,-14.43,34.59,cereals and tubers,Maize (new harvest),1229,KG,aggregate,Retail,MWK,651.87,0.63,7,2023,30.373999999999988,1.751525719607452,True,Moderate
2025-01-15,Central Region,Ntcheu,Golomoti,2224,-14.43,34.59,cereals and tubers,Maize (new harvest),1229,KG,aggregate,Retail,MWK,1341.18,0.78,1,2025,30.846829268292698,2.4027543638652062,True,Moderate
2025-06-15,Central Region,Ntcheu,Golomoti,2224,-14.43,34.59,cereals and tubers,Millet,73,KG,aggregate,Retail,MWK,800.0,0.46,6,2025,128.57142857142856,2.0293335185244006,True,Severe
2025-08-15,Central Region,Ntcheu,Golomoti,2224,-14.43,34.59,cereals and tubers,Millet,73,KG,aggregate,Retail,MWK,1150.0,0.66,8,2025,43.75,1.925281700870282,True,Moderate
2025-10-15,Central Region,Ntcheu,Golomoti,2224,-14.43,34.59,cereals and tubers,Millet,73,KG,aggregate,Retail,MWK,2600.0,1.5,10,2025,126.08695652173911,2.2886982517364998,True,Severe
2025-03-15,Central Region,Ntcheu,Golomoti,2224,-14.43,34.59,oil and fats,Oil (vegetable),96,L,aggregate,Retail,MWK,7000.0,4.06,3,2025,311.7647058823529,2.101107676677683,True,Severe
2023-01-15,Central Region,Ntcheu,Golomoti,2224,-14.43,34.59,pulses and nuts,Pigeon peas,155,KG,aggregate,Retail,MWK,750.0,0.75,1,2023,50.0,1.7323893309698777,True,Moderate
2023-06-15,Central Region,Ntcheu,Golomoti,2224,-14.43,34.59,pulses and nuts,Pigeon peas,155,KG,aggregate,Retail,MWK,1000.0,0.98,6,2023,33.33333333333333,2.176654928072544,True,Moderate
2024-02-15,Central Region,Ntcheu,Golomoti,2224,-14.43,34.59,pulses and nuts,Pigeon peas,155,KG,aggregate,Retail,MWK,1850.0,1.11,2,2024,48.0,2.5527467978971563,True,Severe
2025-04-15,Central Region,Ntcheu,Golomoti,2224,-14.43,34.59,cereals and tubers,Rice,52,KG,aggregate,Retail,MWK,3350.0,1.95,4,2025,458.3333333333333,2.260077305092161,True,Severe
2025-06-15,Central Region,Ntcheu,Golomoti,2224,-14.43,34.59,cereals and tubers,Sorghum,65,KG,aggregate,Retail,MWK,800.0,0.46,6,2025,433.3333333333333,2.03714545945873,True,Severe
2025-08-15,Central Region,Ntcheu,Golomoti,2224,-14.43,34.59,cereals and tubers,Sorghum,65,KG,aggregate,Retail,MWK,1250.0,0.72,8,2025,56.25,2.1042961094568566,True,Severe
2025-12-15,Central Region,Ntcheu,Golomoti,2224,-14.43,34.59,cereals and tubers,Sorghum,65,KG,aggregate,Retail,MWK,2000.0,1.15,12,2025,60.00000000000001,2.2143624279478358,True,Severe
2025-03-15,Central Region,Ntcheu,Golomoti,2224,-14.43,34.59,miscellaneous food,Sugar,97,KG,aggregate,Retail,MWK,3500.0,2.03,3,2025,311.7647058823529,2.2676073064300097,True,Severe
2025-06-15,Central Region,Ntcheu,Golomoti,2224,-14.43,34.59,miscellaneous food,Sugar,97,KG,aggregate,Retail,MWK,5230.0,3.02,6,2025,30.85566595025484,1.8012275930393753,True,Moderate
2025-03-15,Central Region,Ntcheu,Golomoti,2224,-14.43,34.59,cereals and tubers,Sweet potatoes,87,KG,aggregate,Retail,MWK,555.56,0.32,3,2025,122.22399999999998,2.0986522756054797,True,Severe
2025-05-15,Central Region,Ntcheu,Golomoti,2224,-14.43,34.59,cereals and tubers,Sweet potatoes,87,KG,aggregate,Retail,MWK,964.05,0.56,5,2025,46.130176438489045,2.16810190335927,True,Severe
2025-09-15,Central Region,Ntcheu,Golomoti,2224,-14.43,34.59,cereals and tubers,Sweet potatoes,87,KG,aggregate,Retail,MWK,1111.0,0.64,9,2025,59.98502390415297,2.0224175090586884,True,Severe
2020-11-15,Central Region,Ntcheu,Kambilonje,2112,-15.0,34.67,pulses and nuts,Beans,50,KG,aggregate,Retail,MWK,676.67,0.9,11,2020,35.333999999999996,1.715805444812313,True,Moderate
2021-01-15,Central Region,Ntcheu,Kambilonje,2112,-15.0,34.67,pulses and nuts,Beans,50,KG,aggregate,Retail,MWK,1123.53,1.47,1,2021,45.80126915739886,2.01845972576503,True,Severe
2023-06-15,Central Region,Ntcheu,Kambilonje,2112,-15.0,34.67,pulses and nuts,Beans,50,KG,aggregate,Retail,MWK,1441.67,1.42,6,2023,31.060909090909107,1.9846183082407596,True,Moderate
2024-01-15,Central Region,Ntcheu,Kambilonje,2112,-15.0,34.67,pulses and nuts,Beans,50,KG,aggregate,Retail,MWK,2485.0,1.49,1,2024,24.249999999999993,1.9724341250528423,True,Moderate
2024-09-15,Central Region,Ntcheu,Kambilonje,2112,-15.0,34.67,pulses and nuts,Beans,50,KG,aggregate,Retail,MWK,3512.5,2.03,9,2024,25.44642857142858,2.0671139952900193,True,Moderate
2025-03-15,Central Region,Ntcheu,Kambilonje,2112,-15.0,34.67,pulses and nuts,Beans,50,KG,aggregate,Retail,MWK,4777.78,2.77,3,2025,25.21076893644565,1.772084976931542,True,Moderate
2025-11-15,Central Region,Ntcheu,Kambilonje,2112,-15.0,34.67,pulses and nuts,Beans,50,KG,aggregate,Retail,MWK,6666.67,3.85,11,2025,21.21218181818183,2.172494917068318,True,Moderate
2025-08-15,Central Region,Ntcheu,Kambilonje,2112,-15.0,34.67,pulses and nuts,Beans (new harvest),1320,KG,aggregate,Retail,MWK,5854.17,3.38,8,2025,20.631411062160264,1.662211354575257,True,Moderate
2025-06-15,Central Region,Ntcheu,Kambilonje,2112,-15.0,34.67,pulses and nuts,Cowpeas,218,KG,aggregate,Retail,MWK,3000.0,1.73,6,2025,71.42857142857142,2.2048727630775593,True,Severe
2025-08-15,Central Region,Ntcheu,Kambilonje,2112,-15.0,34.67,pulses and nuts,Cowpeas,218,KG,aggregate,Retail,MWK,4500.0,2.6,8,2025,50.0,2.2221401877690075,True,Severe
2025-11-15,Central Region,Ntcheu,Kambilonje,2112,-15.0,34.67,pulses and nuts,Cowpeas,218,KG,aggregate,Retail,MWK,5500.0,3.17,11,2025,57.14285714285714,2.0710248342003483,True,Severe
2026-03-15,Central Region,Ntcheu,Kambilonje,2112,-15.0,34.67,vegetables and fruits,Exotic vegetables,1335,KG,aggregate,Retail,MWK,2000.0,1.15,3,2026,150.0,1.7832149196882252,True,Moderate
2022-09-15,Central Region,Ntcheu,Kambilonje,2112,-15.0,34.67,cereals and tubers,Maize,51,KG,aggregate,Retail,MWK,302.5,0.3,9,2022,89.0625,2.8119229910838484,True,Critical
2025-04-15,Central Region,Ntcheu,Kambilonje,2112,-15.0,34.67,cereals and tubers,Maize,51,KG,aggregate,Retail,MWK,875.0,0.51,4,2025,189.25619834710744,3.0790727355804255,True,Critical
2025-09-15,Central Region,Ntcheu,Kambilonje,2112,-15.0,34.67,cereals and tubers,Maize,51,KG,aggregate,Retail,MWK,1188.89,0.69,9,2025,58.518666666666675,2.256085739530339,True,Severe
2023-08-15,Central Region,Ntcheu,Kambilonje,2112,-15.0,34.67,cereals and tubers,Maize (new harvest),1229,KG,aggregate,Retail,MWK,600.0,0.56,8,2023,22.72699380228682,1.560193061338736,True,Moderate
2025-02-15,Central Region,Ntcheu,Kambilonje,2112,-15.0,34.67,cereals and tubers,Maize (new harvest),1229,KG,aggregate,Retail,MWK,1252.63,0.73,2,2025,67.01733333333335,2.5223939023400703,True,Critical
2025-11-15,Central Region,Ntcheu,Kambilonje,2112,-15.0,34.67,cereals and tubers,Millet,73,KG,aggregate,Retail,MWK,5000.0,2.88,11,2025,66.66666666666667,1.5330927405484005,True,Moderate
2026-03-15,Central Region,Ntcheu,Kambilonje,2112,-15.0,34.67,vegetables and fruits,Tomatoes,114,KG,aggregate,Retail,MWK,1500.0,0.87,3,2026,25.0,1.7928429140015905,True,Moderate
2023-08-15,Central Region,Ntcheu,Ntcheu Boma,814,-14.82,34.63,pulses and nuts,Beans,50,KG,aggregate,Retail,MWK,1600.0,1.49,8,2023,33.33333333333333,1.6751408249415016,True,Moderate
2023-09-15,Central Region,Ntcheu,Ntcheu Boma,814,-14.82,34.63,pulses and nuts,Beans,50,KG,aggregate,Retail,MWK,2100.0,1.92,9,2023,31.25,2.1098148097843263,True,Moderate
2024-01-15,Central Region,Ntcheu,Ntcheu Boma,814,-14.82,34.63,pulses and nuts,Beans,50,KG,aggregate,Retail,MWK,2876.47,1.73,1,2024,36.9747619047619,1.8530201127136716,True,Moderate
2025-02-15,Central Region,Ntcheu,Ntcheu Boma,814,-14.82,34.63,pulses and nuts,Beans,50,KG,aggregate,Retail,MWK,5197.37,3.02,2,2025,48.496285714285705,2.4468228695757666,True,Severe
2025-09-15,Central Region,Ntcheu,Ntcheu Boma,814,-14.82,34.63,cereals and tubers,Cassava,68,KG,aggregate,Retail,MWK,2000.0,1.15,9,2025,900.0,1.9906121345296286,True,Moderate
2023-08-15,Central Region,Ntcheu,Ntcheu Boma,814,-14.82,34.63,pulses and nuts,Cowpeas,218,KG,aggregate,Retail,MWK,1100.0,1.02,8,2023,120.00000000000001,1.6071511050121015,True,Moderate
2023-10-15,Central Region,Ntcheu,Ntcheu Boma,814,-14.82,34.63,pulses and nuts,Cowpeas,218,KG,aggregate,Retail,MWK,1200.0,1.05,10,2023,100.0,1.6990142902482015,True,Moderate
2023-12-15,Central Region,Ntcheu,Ntcheu Boma,814,-14.82,34.63,pulses and nuts,Cowpeas,218,KG,aggregate,Retail,MWK,1262.5,0.76,12,2023,34.66666666666667,1.6146773161635102,True,Moderate
2024-01-15,Central Region,Ntcheu,Ntcheu Boma,814,-14.82,34.63,pulses and nuts,Cowpeas,218,KG,aggregate,Retail,MWK,1570.59,0.94,1,2024,24.403168316831668,1.9886795984427175,True,Moderate
2024-09-15,Central Region,Ntcheu,Ntcheu Boma,814,-14.82,34.63,pulses and nuts,Cowpeas,218,KG,aggregate,Retail,MWK,2056.25,1.19,9,2024,37.083333333333336,1.746911438130974,True,Moderate
2026-01-15,Central Region,Ntcheu,Ntcheu Boma,814,-14.82,34.63,vegetables and fruits,Exotic vegetables,1335,KG,aggregate,Retail,MWK,1000.0,0.58,1,2026,70.94017094017093,1.5890480629334924,True,Moderate
2025-11-15,Central Region,Ntcheu,Ntcheu Boma,814,-14.82,34.63,pulses and nuts,Groundnuts (shelled),119,KG,aggregate,Retail,MWK,9750.0,5.62,11,2025,21.875,1.6103840994441683,True,Moderate
2026-01-15,Central Region,Ntcheu,Ntcheu Boma,814,-14.82,34.63,vegetables and fruits,Local vegetables,1333,KG,aggregate,Retail,MWK,1000.0,0.58,1,2026,77.77777777777777,1.5973626321357883,True,Moderate
2022-09-15,Central Region,Ntcheu,Ntcheu Boma,814,-14.82,34.63,cereals and tubers,Maize,51,KG,aggregate,Retail,MWK,330.0,0.33,9,2022,83.33333333333333,2.8913393035364487,True,Critical
2025-04-15,Central Region,Ntcheu,Ntcheu Boma,814,-14.82,34.63,cereals and tubers,Maize,51,KG,aggregate,Retail,MWK,772.92,0.45,4,2025,134.2181818181818,3.0162170028882977,True,Critical
2025-09-15,Central Region,Ntcheu,Ntcheu Boma,814,-14.82,34.63,cereals and tubers,Maize,51,KG,aggregate,Retail,MWK,1152.17,0.66,9,2025,64.5957142857143,2.36021641699398,True,Severe
2023-01-15,Central Region,Ntcheu,Ntcheu Boma,814,-14.82,34.63,cereals and tubers,Maize (new harvest),1229,KG,aggregate,Retail,MWK,420.0,0.42,1,2023,281.8181818181818,2.209442248804864,True,Severe
2023-08-15,Central Region,Ntcheu,Ntcheu Boma,814,-14.82,34.63,cereals and tubers,Maize (new harvest),1229,KG,aggregate,Retail,MWK,640.0,0.6,8,2023,42.22222222222223,1.9830987166714433,True,Moderate
2025-02-15,Central Region,Ntcheu,Ntcheu Boma,814,-14.82,34.63,cereals and tubers,Maize (new harvest),1229,KG,aggregate,Retail,MWK,1348.68,0.78,2,2025,74.02322580645162,2.6833716289602303,True,Critical
2025-03-15,Central Region,Ntcheu,Ntcheu Boma,814,-14.82,34.63,cereals and tubers,Maize (new harvest),1229,KG,aggregate,Retail,MWK,1644.44,0.95,3,2025,21.929590414331045,2.4115588121551954,True,Moderate
2025-11-15,Central Region,Ntcheu,Ntcheu Boma,814,-14.82,34.63,cereals and tubers,Millet,73,KG,aggregate,Retail,MWK,1450.0,0.84,11,2025,123.07692307692308,2.1258203706863403,True,Severe
2025-04-15,Central Region,Ntcheu,Ntcheu Boma,814,-14.82,34.63,oil and fats,Oil (vegetable),96,L,aggregate,Retail,MWK,8628.12,5.03,4,2025,354.1115789473684,2.265038873787985,True,Severe
2025-09-15,Central Region,Ntcheu,Ntcheu Boma,814,-14.82,34.63,pulses and nuts,Pigeon peas,155,KG,aggregate,Retail,MWK,3000.0,1.73,9,2025,58.653769877995245,1.6390921975654524,True,Moderate
2025-04-15,Central Region,Ntcheu,Ntcheu Boma,814,-14.82,34.63,cereals and tubers,Rice,52,KG,aggregate,Retail,MWK,4700.0,2.74,4,2025,548.2758620689655,2.4739537758351067,True,Severe
2025-04-15,Central Region,Ntcheu,Ntcheu Boma,814,-14.82,34.63,miscellaneous food,Sugar,97,KG,aggregate,Retail,MWK,3602.08,2.1,4,2025,323.7741176470588,2.2674966938945293,True,Severe
2025-06-15,Central Region,Ntcheu,Ntcheu Boma,814,-14.82,34.63,miscellaneous food,Sugar,97,KG,aggregate,Retail,MWK,5428.33,3.13,6,2025,34.40752121345676,1.8750672058290159,True,Moderate
2025-04-15,Central Region,Ntcheu,Ntcheu Boma,814,-14.82,34.63,cereals and tubers,Sweet potatoes,87,KG,aggregate,Retail,MWK,833.33,0.49,4,2025,177.7766666666667,1.7558556638206408,True,Moderate
2025-09-15,Central Region,Ntcheu,Ntcheu Boma,814,-14.82,34.63,cereals and tubers,Sweet potatoes,87,KG,aggregate,Retail,MWK,1111.0,0.64,9,2025,99.97840017279864,2.2913545702588594,True,Severe
2023-04-15,Central Region,Ntchisi,Kamsonga,2125,-13.28,33.8,pulses and nuts,Beans,50,KG,aggregate,Retail,MWK,1150.0,1.13,4,2023,43.75,1.8176789582295516,True,Moderate
2023-07-15,Central Region,Ntchisi,Kamsonga,2125,-13.28,33.8,pulses and nuts,Beans,50,KG,aggregate,Retail,MWK,1577.78,1.52,7,2023,31.481666666666676,2.1337350861089885,True,Moderate
2023-12-15,Central Region,Ntchisi,Kamsonga,2125,-13.28,33.8,pulses and nuts,Beans,50,KG,aggregate,Retail,MWK,1950.0,1.17,12,2023,59.183673469387756,1.5169285669791763,True,Moderate
2024-01-15,Central Region,Ntchisi,Kamsonga,2125,-13.28,33.8,pulses and nuts,Beans,50,KG,aggregate,Retail,MWK,2405.88,1.44,1,2024,23.378461538461547,2.047152840640517,True,Moderate
2024-06-15,Central Region,Ntchisi,Kamsonga,2125,-13.28,33.8,pulses and nuts,Beans,50,KG,aggregate,Retail,MWK,4000.0,2.31,6,2024,400.0,2.469504610425048,True,Severe
2025-09-15,Central Region,Ntchisi,Kamsonga,2125,-13.28,33.8,pulses and nuts,Beans,50,KG,aggregate,Retail,MWK,5851.56,3.38,9,2025,95.052,1.6859941499131992,True,Moderate
2025-06-15,Central Region,Ntchisi,Kamsonga,2125,-13.28,33.8,cereals and tubers,Cassava,68,KG,aggregate,Retail,MWK,2000.0,1.15,6,2025,566.6666666666667,2.2612039886442954,True,Severe
2025-11-15,Central Region,Ntchisi,Kamsonga,2125,-13.28,33.8,cereals and tubers,Cassava,68,KG,aggregate,Retail,MWK,2800.0,1.62,11,2025,39.99999999999999,1.8395140691073457,True,Moderate
2025-02-15,Central Region,Ntchisi,Kamsonga,2125,-13.28,33.8,pulses and nuts,Cowpeas,218,KG,aggregate,Retail,MWK,3000.0,1.74,2,2025,76.47058823529412,2.1642617719198896,True,Severe
2025-08-15,Central Region,Ntchisi,Kamsonga,2125,-13.28,33.8,pulses and nuts,Cowpeas,218,KG,aggregate,Retail,MWK,3500.0,2.02,8,2025,39.99999999999999,1.7048040684283885,True,Moderate
2026-01-15,Central Region,Ntchisi,Kamsonga,2125,-13.28,33.8,pulses and nuts,Cowpeas,218,KG,aggregate,Retail,MWK,4653.85,2.68,1,2026,45.43281250000002,2.356608179404086,True,Severe
2026-01-15,Central Region,Ntchisi,Kamsonga,2125,-13.28,33.8,vegetables and fruits,Local vegetables,1333,KG,aggregate,Retail,MWK,1000.0,0.58,1,2026,60.00000000000001,1.5533369362482732,True,Moderate
2022-09-15,Central Region,Ntchisi,Kamsonga,2125,-13.28,33.8,cereals and tubers,Maize,51,KG,aggregate,Retail,MWK,285.0,0.28,9,2022,58.33333333333333,1.9926200259283402,True,Moderate
2025-04-15,Central Region,Ntchisi,Kamsonga,2125,-13.28,33.8,cereals and tubers,Maize,51,KG,aggregate,Retail,MWK,1400.0,0.82,4,2025,391.22807017543863,3.148247725446844,True,Critical
2023-04-15,Central Region,Ntchisi,Kamsonga,2125,-13.28,33.8,cereals and tubers,Maize (new harvest),1229,KG,aggregate,Retail,MWK,550.0,0.54,4,2023,266.66666666666663,2.2602402031121183,True,Severe
2024-02-15,Central Region,Ntchisi,Kamsonga,2125,-13.28,33.8,cereals and tubers,Maize (new harvest),1229,KG,aggregate,Retail,MWK,2200.0,1.32,2,2024,149.33416444721482,2.9290418888308634,True,Critical
2025-04-15,Central Region,Ntchisi,Kamsonga,2125,-13.28,33.8,oil and fats,Oil (vegetable),96,L,aggregate,Retail,MWK,7900.0,4.6,4,2025,378.7878787878788,2.258726474492255,True,Severe
2025-05-15,Central Region,Ntchisi,Kamsonga,2125,-13.28,33.8,cereals and tubers,Rice,52,KG,aggregate,Retail,MWK,3200.0,1.85,5,2025,300.0,2.265209069855593,True,Severe
2025-06-15,Central Region,Ntchisi,Kamsonga,2125,-13.28,33.8,cereals and tubers,Rice,52,KG,aggregate,Retail,MWK,3946.67,2.28,6,2025,23.33343750000001,1.886142629814857,True,Moderate
2025-04-15,Central Region,Ntchisi,Kamsonga,2125,-13.28,33.8,miscellaneous food,Sugar,97,KG,aggregate,Retail,MWK,4000.0,2.33,4,2025,344.44444444444446,2.2667575667735482,True,Severe
2025-05-15,Central Region,Ntchisi,Kamsonga,2125,-13.28,33.8,cereals and tubers,Sweet potatoes,87,KG,aggregate,Retail,MWK,555.56,0.32,5,2025,85.18666666666665,1.9534813006745142,True,Moderate
2025-10-15,Central Region,Ntchisi,Kamsonga,2125,-13.28,33.8,cereals and tubers,Sweet potatoes,87,KG,aggregate,Retail,MWK,1111.0,0.64,10,2025,99.82014388489209,2.356372052434715,True,Severe
2026-03-15,Central Region,Ntchisi,Kamsonga,2125,-13.28,33.8,vegetables and fruits,Tomatoes,114,KG,aggregate,Retail,MWK,3000.0,1.73,3,2026,100.0,1.9196996565256677,True,Moderate
2022-03-15,Central Region,Ntchisi,Khuwi,2113,-13.43,33.83,pulses and nuts,Beans,50,KG,aggregate,Retail,MWK,1300.0,1.64,3,2022,73.33333333333334,1.5733020410179093,True,Moderate
2024-06-15,Central Region,Ntchisi,Khuwi,2113,-13.43,33.83,pulses and nuts,Beans,50,KG,aggregate,Retail,MWK,3500.0,2.02,6,2024,288.88888888888886,1.9582571261459887,True,Moderate
2024-11-15,Central Region,Ntchisi,Khuwi,2113,-13.43,33.83,pulses and nuts,Beans,50,KG,aggregate,Retail,MWK,3900.0,2.25,11,2024,77.27272727272727,1.5134254654805939,True,Moderate
2025-09-15,Central Region,Ntchisi,Khuwi,2113,-13.43,33.83,pulses and nuts,Beans,50,KG,aggregate,Retail,MWK,6898.55,3.98,9,2025,53.30111111111111,2.122391731109539,True,Severe
2025-08-15,Central Region,Ntchisi,Khuwi,2113,-13.43,33.83,pulses and nuts,Beans (new harvest),1320,KG,aggregate,Retail,MWK,6725.81,3.88,8,2025,30.59825242718448,1.6287934620584865,True,Moderate
2023-08-15,Central Region,Ntchisi,Khuwi,2113,-13.43,33.83,pulses and nuts,Cowpeas,218,KG,aggregate,Retail,MWK,1500.0,1.4,8,2023,114.28571428571428,2.371491432963374,True,Severe
2024-09-15,Central Region,Ntchisi,Khuwi,2113,-13.43,33.83,pulses and nuts,Cowpeas,218,KG,aggregate,Retail,MWK,2050.0,1.19,9,2024,28.125,1.810436976524894,True,Moderate
2025-02-15,Central Region,Ntchisi,Khuwi,2113,-13.43,33.83,pulses and nuts,Cowpeas,218,KG,aggregate,Retail,MWK,3116.67,1.81,2,2025,29.861249999999995,2.072773172273951,True,Moderate
2025-07-15,Central Region,Ntchisi,Khuwi,2113,-13.43,33.83,pulses and nuts,Cowpeas,218,KG,aggregate,Retail,MWK,3794.12,2.19,7,2025,33.91027518855905,1.8941561606531976,True,Moderate
2026-01-15,Central Region,Ntchisi,Khuwi,2113,-13.43,33.83,vegetables and fruits,Exotic vegetables,1335,KG,aggregate,Retail,MWK,1000.0,0.58,1,2026,60.00000000000001,1.5533369362482732,True,Moderate
2025-11-15,Central Region,Ntchisi,Khuwi,2113,-13.43,33.83,pulses and nuts,Groundnuts (shelled),119,KG,aggregate,Retail,MWK,9000.0,5.19,11,2025,33.33333333333333,1.8650599597615671,True,Moderate
2026-01-15,Central Region,Ntchisi,Khuwi,2113,-13.43,33.83,vegetables and fruits,Local vegetables,1333,KG,aggregate,Retail,MWK,1000.0,0.58,1,2026,60.00000000000001,1.513409009732109,True,Moderate
2022-09-15,Central Region,Ntchisi,Khuwi,2113,-13.43,33.83,cereals and tubers,Maize,51,KG,aggregate,Retail,MWK,262.5,0.26,9,2022,75.0,1.9727591148633832,True,Moderate
2025-04-15,Central Region,Ntchisi,Khuwi,2113,-13.43,33.83,cereals and tubers,Maize,51,KG,aggregate,Retail,MWK,1626.47,0.95,4,2025,519.6076190476191,3.161669085343697,True,Critical
2025-02-15,Central Region,Ntchisi,Khuwi,2113,-13.43,33.83,cereals and tubers,Maize (new harvest),1229,KG,aggregate,Retail,MWK,1325.0,0.77,2,2025,70.96774193548387,2.830593228862843,True,Critical
2025-09-15,Central Region,Ntchisi,Khuwi,2113,-13.43,33.83,cereals and tubers,Sweet potatoes,87,KG,aggregate,Retail,MWK,1111.0,0.64,9,2025,59.98502390415297,1.957099751095734,True,Moderate
2026-03-15,Central Region,Ntchisi,Khuwi,2113,-13.43,33.83,vegetables and fruits,Tomatoes,114,KG,aggregate,Retail,MWK,3000.0,1.73,3,2026,400.0,1.7801117672945823,True,Moderate
2023-04-15,Central Region,Ntchisi,Malomo,786,-13.15,33.83,pulses and nuts,Beans,50,KG,aggregate,Retail,MWK,1350.0,1.33,4,2023,80.0,2.3734917577601116,True,Severe
2023-06-15,Central Region,Ntchisi,Malomo,786,-13.15,33.83,pulses and nuts,Beans,50,KG,aggregate,Retail,MWK,1731.25,1.7,6,2023,31.65399239543727,2.1989201111770087,True,Moderate
2023-08-15,Central Region,Ntchisi,Malomo,786,-13.15,33.83,pulses and nuts,Beans,50,KG,aggregate,Retail,MWK,1675.0,1.56,8,2023,22.064975004008105,1.5587157945642995,True,Moderate
2024-06-15,Central Region,Ntchisi,Malomo,786,-13.15,33.83,pulses and nuts,Beans,50,KG,aggregate,Retail,MWK,3400.0,1.96,6,2024,325.0,2.0343347023861336,True,Severe
2025-03-15,Central Region,Ntchisi,Malomo,786,-13.15,33.83,pulses and nuts,Beans,50,KG,aggregate,Retail,MWK,5888.89,3.42,3,2025,21.288870214983334,1.7453393285772092,True,Moderate
2025-09-15,Central Region,Ntchisi,Malomo,786,-13.15,33.83,pulses and nuts,Beans,50,KG,aggregate,Retail,MWK,6673.91,3.85,9,2025,65.90499486667014,1.6928029876001582,True,Moderate
2025-08-15,Central Region,Ntchisi,Malomo,786,-13.15,33.83,pulses and nuts,Beans (new harvest),1320,KG,aggregate,Retail,MWK,5983.87,3.45,8,2025,39.09248549538829,1.570774107897394,True,Moderate
2024-09-15,Central Region,Ntchisi,Malomo,786,-13.15,33.83,pulses and nuts,Cowpeas,218,KG,aggregate,Retail,MWK,2462.5,1.43,9,2024,45.24167625114277,2.244963504060816,True,Severe
2025-03-15,Central Region,Ntchisi,Malomo,786,-13.15,33.83,pulses and nuts,Cowpeas,218,KG,aggregate,Retail,MWK,4388.89,2.55,3,2025,46.9409141433756,2.433414327387541,True,Severe
2026-03-15,Central Region,Ntchisi,Malomo,786,-13.15,33.83,vegetables and fruits,Exotic vegetables,1335,KG,aggregate,Retail,MWK,2000.0,1.15,3,2026,100.0,1.9695317121581442,True,Moderate
2025-09-15,Central Region,Ntchisi,Malomo,786,-13.15,33.83,pulses and nuts,Groundnuts (shelled),119,KG,aggregate,Retail,MWK,7000.0,4.04,9,2025,27.27272727272727,1.7485284225246125,True,Moderate
2025-10-15,Central Region,Ntchisi,Malomo,786,-13.15,33.83,pulses and nuts,Groundnuts (shelled),119,KG,aggregate,Retail,MWK,9000.0,5.19,10,2025,28.57142857142858,1.858709426535392,True,Moderate
2026-01-15,Central Region,Ntchisi,Malomo,786,-13.15,33.83,pulses and nuts,Groundnuts (shelled),119,KG,aggregate,Retail,MWK,10000.0,5.77,1,2026,26.984126984126977,1.5910814601076968,True,Moderate
2022-09-15,Central Region,Ntchisi,Malomo,786,-13.15,33.83,cereals and tubers,Maize,51,KG,aggregate,Retail,MWK,273.5,0.27,9,2022,82.33333333333333,2.9549795128644836,True,Critical
2025-04-15,Central Region,Ntchisi,Malomo,786,-13.15,33.83,cereals and tubers,Maize,51,KG,aggregate,Retail,MWK,1694.12,0.99,4,2025,519.4223034734918,3.161581143123051,True,Critical
2023-12-15,Central Region,Ntchisi,Malomo,786,-13.15,33.83,cereals and tubers,Maize (new harvest),1229,KG,aggregate,Retail,MWK,1087.5,0.65,12,2023,55.91397849462365,2.3985495207541376,True,Severe
2025-02-15,Central Region,Ntchisi,Malomo,786,-13.15,33.83,cereals and tubers,Maize (new harvest),1229,KG,aggregate,Retail,MWK,1969.74,1.14,2,2025,162.63200000000003,2.9341927374755703,True,Critical
2026-02-15,Central Region,Ntchisi,Malomo,786,-13.15,33.83,oil and fats,Oil (vegetable),96,L,aggregate,Retail,MWK,11066.07,6.38,2,2026,27.361484040783978,1.907747789088811,True,Moderate
2026-02-15,Central Region,Ntchisi,Malomo,786,-13.15,33.83,pulses and nuts,Pigeon peas,155,KG,aggregate,Retail,MWK,3000.0,1.73,2,2026,50.0,1.7620814520560324,True,Moderate
2025-10-15,Central Region,Ntchisi,Malomo,786,-13.15,33.83,cereals and tubers,Sweet potatoes,87,KG,aggregate,Retail,MWK,1111.0,0.64,10,2025,33.3733493397359,1.8286281448278119,True,Moderate
2026-03-15,Central Region,Ntchisi,Malomo,786,-13.15,33.83,cereals and tubers,Sweet potatoes,87,KG,aggregate,Retail,MWK,1111.0,0.64,3,2026,99.82014388489209,1.5440902245446722,True,Moderate
2023-01-15,Central Region,Ntchisi,Nsundwe,812,-13.38,33.95,pulses and nuts,Beans,50,KG,aggregate,Retail,MWK,2000.0,1.99,1,2023,122.22222222222223,2.417255648423048,True,Severe
2023-07-15,Central Region,Ntchisi,Nsundwe,812,-13.38,33.95,pulses and nuts,Beans,50,KG,aggregate,Retail,MWK,2150.0,2.07,7,2023,23.44473981867976,1.539631666641154,True,Moderate
2024-04-15,Central Region,Ntchisi,Nsundwe,812,-13.38,33.95,pulses and nuts,Beans,50,KG,aggregate,Retail,MWK,3037.5,1.74,4,2024,51.87500000000001,1.657507074179757,True,Moderate
2024-09-15,Central Region,Ntchisi,Nsundwe,812,-13.38,33.95,pulses and nuts,Beans,50,KG,aggregate,Retail,MWK,3675.0,2.13,9,2024,22.500000000000007,1.6189436240701112,True,Moderate
2025-06-15,Central Region,Ntchisi,Nsundwe,812,-13.38,33.95,pulses and nuts,Beans,50,KG,aggregate,Retail,MWK,7000.0,4.04,6,2025,27.27272727272727,2.1443587866778104,True,Moderate
2025-04-15,Central Region,Ntchisi,Nsundwe,812,-13.38,33.95,cereals and tubers,Cassava,68,KG,aggregate,Retail,MWK,4000.0,2.33,4,2025,1500.0,2.266474084764925,True,Severe
2023-01-15,Central Region,Ntchisi,Nsundwe,812,-13.38,33.95,pulses and nuts,Cowpeas,218,KG,aggregate,Retail,MWK,1044.44,1.04,1,2023,30.555,2.11737336830168,True,Moderate
2023-09-15,Central Region,Ntchisi,Nsundwe,812,-13.38,33.95,pulses and nuts,Cowpeas,218,KG,aggregate,Retail,MWK,1200.0,1.1,9,2023,50.0,1.7768342792859095,True,Moderate
2023-11-15,Central Region,Ntchisi,Nsundwe,812,-13.38,33.95,pulses and nuts,Cowpeas,218,KG,aggregate,Retail,MWK,1500.0,0.9,11,2023,34.8314606741573,2.174702040649078,True,Moderate
2024-02-15,Central Region,Ntchisi,Nsundwe,812,-13.38,33.95,pulses and nuts,Cowpeas,218,KG,aggregate,Retail,MWK,1818.18,1.09,2,2024,21.21200000000001,1.8347963594424277,True,Moderate
2026-01-15,Central Region,Ntchisi,Nsundwe,812,-13.38,33.95,vegetables and fruits,Local vegetables,1333,KG,aggregate,Retail,MWK,800.0,0.46,1,2026,60.00000000000001,1.5324142548316175,True,Moderate
2022-01-15,Central Region,Ntchisi,Nsundwe,812,-13.38,33.95,cereals and tubers,Maize,51,KG,aggregate,Retail,MWK,180.0,0.22,1,2022,38.46153846153846,1.5289151781993622,True,Moderate
2022-08-15,Central Region,Ntchisi,Nsundwe,812,-13.38,33.95,cereals and tubers,Maize,51,KG,aggregate,Retail,MWK,297.5,0.29,8,2022,65.27777777777777,2.6113892716605207,True,Critical
2025-09-15,Central Region,Ntchisi,Nsundwe,812,-13.38,33.95,cereals and tubers,Maize,51,KG,aggregate,Retail,MWK,1346.38,0.78,9,2025,295.99411764705883,3.1015827318098728,True,Critical
2023-01-15,Central Region,Ntchisi,Nsundwe,812,-13.38,33.95,cereals and tubers,Maize (new harvest),1229,KG,aggregate,Retail,MWK,505.56,0.5,1,2023,418.5230769230769,2.2226615404115457,True,Severe
2025-01-15,Central Region,Ntchisi,Nsundwe,812,-13.38,33.95,cereals and tubers,Maize (new harvest),1229,KG,aggregate,Retail,MWK,1241.18,0.72,1,2025,37.43245637346089,2.471597798728904,True,Moderate
2025-02-15,Central Region,Ntchisi,Nsundwe,812,-13.38,33.95,cereals and tubers,Maize (new harvest),1229,KG,aggregate,Retail,MWK,1533.33,0.89,2,2025,23.538084725825414,2.4230607489307117,True,Moderate
2025-04-15,Central Region,Ntchisi,Nsundwe,812,-13.38,33.95,cereals and tubers,Millet,73,KG,aggregate,Retail,MWK,2000.0,1.16,4,2025,471.42857142857144,2.0121280369505157,True,Severe
2025-10-15,Central Region,Ntchisi,Nsundwe,812,-13.38,33.95,cereals and tubers,Millet,73,KG,aggregate,Retail,MWK,3500.0,2.02,10,2025,250.0,2.373449785053451,True,Severe
2025-03-15,Central Region,Ntchisi,Nsundwe,812,-13.38,33.95,oil and fats,Oil (vegetable),96,L,aggregate,Retail,MWK,7500.0,4.35,3,2025,376.1904761904762,2.256792671385231,True,Severe
2023-12-15,Central Region,Ntchisi,Nsundwe,812,-13.38,33.95,pulses and nuts,Pigeon peas,155,KG,aggregate,Retail,MWK,1625.0,0.97,12,2023,41.30434782608696,2.308879101398089,True,Severe
2024-02-15,Central Region,Ntchisi,Nsundwe,812,-13.38,33.95,pulses and nuts,Pigeon peas,155,KG,aggregate,Retail,MWK,1818.18,1.09,2,2024,21.21200000000001,1.9077848182016661,True,Moderate
2025-04-15,Central Region,Ntchisi,Nsundwe,812,-13.38,33.95,pulses and nuts,Pigeon peas,155,KG,aggregate,Retail,MWK,3916.67,2.28,4,2025,30.55566666666667,1.8992911189972783,True,Moderate
2025-04-15,Central Region,Ntchisi,Nsundwe,812,-13.38,33.95,cereals and tubers,Rice,52,KG,aggregate,Retail,MWK,4500.0,2.62,4,2025,480.6451612903226,2.266448042655772,True,Severe
2025-04-15,Central Region,Ntchisi,Nsundwe,812,-13.38,33.95,cereals and tubers,Sorghum,65,KG,aggregate,Retail,MWK,2000.0,1.16,4,2025,700.0,2.0371900256130524,True,Severe
2025-10-15,Central Region,Ntchisi,Nsundwe,812,-13.38,33.95,pulses and nuts,Soybeans,248,KG,aggregate,Retail,MWK,2875.0,1.66,10,2025,25.0,1.8340082250182401,True,Moderate
2026-01-15,Central Region,Ntchisi,Nsundwe,812,-13.38,33.95,pulses and nuts,Soybeans,248,KG,aggregate,Retail,MWK,3500.0,2.02,1,2026,33.33333333333333,1.751372457299553,True,Moderate
2025-03-15,Central Region,Ntchisi,Nsundwe,812,-13.38,33.95,miscellaneous food,Sugar,97,KG,aggregate,Retail,MWK,3800.0,2.2,3,2025,347.05882352941177,2.267372890321427,True,Severe
2025-06-15,Central Region,Ntchisi,Nsundwe,812,-13.38,33.95,miscellaneous food,Sugar,97,KG,aggregate,Retail,MWK,5086.67,2.93,6,2025,26.987380325290534,1.6945699986000216,True,Moderate
2025-03-15,Central Region,Ntchisi,Nsundwe,812,-13.38,33.95,cereals and tubers,Sweet potatoes,87,KG,aggregate,Retail,MWK,1111.11,0.64,3,2025,276.64745762711857,2.2580521895422128,True,Severe
2024-01-15,Central Region,Ntchisi,Ntchisi Boma,815,-13.37,33.92,pulses and nuts,Beans,50,KG,aggregate,Retail,MWK,2473.53,1.48,1,2024,26.847692307692327,1.6824282798105488,True,Moderate
2024-06-15,Central Region,Ntchisi,Ntchisi Boma,815,-13.37,33.92,pulses and nuts,Beans,50,KG,aggregate,Retail,MWK,3400.0,1.96,6,2024,54.54545454545454,2.0950956998800727,True,Severe
2025-02-15,Central Region,Ntchisi,Ntchisi Boma,815,-13.37,33.92,pulses and nuts,Beans,50,KG,aggregate,Retail,MWK,5358.33,3.11,2,2025,33.95824999999999,1.997542259591422,True,Moderate
2025-09-15,Central Region,Ntchisi,Ntchisi Boma,815,-13.37,33.92,pulses and nuts,Beans,50,KG,aggregate,Retail,MWK,6869.57,3.96,9,2025,52.65711111111111,1.911107131048847,True,Moderate
2025-04-15,Central Region,Ntchisi,Ntchisi Boma,815,-13.37,33.92,cereals and tubers,Cassava,68,KG,aggregate,Retail,MWK,2400.0,1.4,4,2025,700.0,2.2530955150820726,True,Severe
2025-06-15,Central Region,Ntchisi,Ntchisi Boma,815,-13.37,33.92,cereals and tubers,Cassava,68,KG,aggregate,Retail,MWK,2400.0,1.38,6,2025,37.837558437381546,1.5414897171971895,True,Moderate
2023-06-15,Central Region,Ntchisi,Ntchisi Boma,815,-13.37,33.92,pulses and nuts,Cowpeas,218,KG,aggregate,Retail,MWK,1100.0,1.08,6,2023,193.33333333333331,2.1797457301852767,True,Severe
2024-09-15,Central Region,Ntchisi,Ntchisi Boma,815,-13.37,33.92,pulses and nuts,Cowpeas,218,KG,aggregate,Retail,MWK,2237.5,1.3,9,2024,24.305555555555557,1.7876097040993668,True,Moderate
2025-02-15,Central Region,Ntchisi,Ntchisi Boma,815,-13.37,33.92,pulses and nuts,Cowpeas,218,KG,aggregate,Retail,MWK,3208.33,1.86,2,2025,28.33319999999999,2.0272167786632127,True,Moderate
2025-12-15,Central Region,Ntchisi,Ntchisi Boma,815,-13.37,33.92,vegetables and fruits,Exotic vegetables,1335,KG,aggregate,Retail,MWK,375.0,0.22,12,2025,50.0,1.5,True,Moderate
2026-01-15,Central Region,Ntchisi,Ntchisi Boma,815,-13.37,33.92,vegetables and fruits,Exotic vegetables,1335,KG,aggregate,Retail,MWK,1000.0,0.58,1,2026,166.66666666666666,1.764019474348952,True,Moderate
2026-03-15,Central Region,Ntchisi,Ntchisi Boma,815,-13.37,33.92,vegetables and fruits,Exotic vegetables,1335,KG,aggregate,Retail,MWK,1800.0,1.04,3,2026,260.0,2.0123045170762452,True,Severe
2025-09-15,Central Region,Ntchisi,Ntchisi Boma,815,-13.37,33.92,pulses and nuts,Groundnuts (shelled),119,KG,aggregate,Retail,MWK,7000.0,4.04,9,2025,21.739130434782616,1.6276920765595646,True,Moderate
2026-03-15,Central Region,Ntchisi,Ntchisi Boma,815,-13.37,33.92,vegetables and fruits,Local vegetables,1333,KG,aggregate,Retail,MWK,900.0,0.52,3,2026,80.0,1.7145778904172893,True,Moderate
2022-09-15,Central Region,Ntchisi,Ntchisi Boma,815,-13.37,33.92,cereals and tubers,Maize,51,KG,aggregate,Retail,MWK,310.0,0.31,9,2022,72.22222222222223,1.743433533470824,True,Moderate
2025-04-15,Central Region,Ntchisi,Ntchisi Boma,815,-13.37,33.92,cereals and tubers,Maize,51,KG,aggregate,Retail,MWK,1587.25,0.92,4,2025,412.01612903225805,3.138969061552054,True,Critical
2023-04-15,Central Region,Ntchisi,Ntchisi Boma,815,-13.37,33.92,cereals and tubers,Maize (new harvest),1229,KG,aggregate,Retail,MWK,625.0,0.62,4,2023,316.6666666666667,2.265312819961865,True,Severe
2023-08-15,Central Region,Ntchisi,Ntchisi Boma,815,-13.37,33.92,cereals and tubers,Maize (new harvest),1229,KG,aggregate,Retail,MWK,637.5,0.59,8,2023,21.172378399954383,1.5736227413902282,True,Moderate
2025-02-15,Central Region,Ntchisi,Ntchisi Boma,815,-13.37,33.92,cereals and tubers,Maize (new harvest),1229,KG,aggregate,Retail,MWK,1315.79,0.76,2,2025,75.43866666666665,2.792656630358273,True,Critical
2025-04-15,Central Region,Ntchisi,Ntchisi Boma,815,-13.37,33.92,oil and fats,Oil (vegetable),96,L,aggregate,Retail,MWK,7897.06,4.6,4,2025,401.40063492063496,2.2655926530400685,True,Severe
2025-04-15,Central Region,Ntchisi,Ntchisi Boma,815,-13.37,33.92,cereals and tubers,Rice,52,KG,aggregate,Retail,MWK,4500.0,2.62,4,2025,542.8571428571429,2.2677868380553634,True,Severe
2025-08-15,Central Region,Ntchisi,Ntchisi Boma,815,-13.37,33.92,pulses and nuts,Soybeans,248,KG,aggregate,Retail,MWK,3250.0,1.87,8,2025,30.000000000000004,1.5056916523111694,True,Moderate
2025-04-15,Central Region,Ntchisi,Ntchisi Boma,815,-13.37,33.92,miscellaneous food,Sugar,97,KG,aggregate,Retail,MWK,3500.0,2.04,4,2025,337.5,2.2674170519070533,True,Severe
2025-05-15,Central Region,Ntchisi,Ntchisi Boma,815,-13.37,33.92,miscellaneous food,Sugar,97,KG,aggregate,Retail,MWK,4458.33,2.57,5,2025,27.38085714285714,1.9151040776611266,True,Moderate
2025-04-15,Central Region,Ntchisi,Ntchisi Boma,815,-13.37,33.92,cereals and tubers,Sweet potatoes,87,KG,aggregate,Retail,MWK,833.33,0.49,4,2025,177.7766666666667,1.7836008313187632,True,Moderate
2025-10-15,Central Region,Ntchisi,Ntchisi Boma,815,-13.37,33.92,cereals and tubers,Sweet potatoes,87,KG,aggregate,Retail,MWK,1111.0,0.64,10,2025,99.82014388489209,2.250825914883251,True,Severe
2023-01-15,Southern Region,Phalombe,Chilinga,2120,-15.78,35.77,pulses and nuts,Beans,50,KG,aggregate,Retail,MWK,1656.25,1.65,1,2023,65.625,2.362569377242253,True,Severe
2024-05-15,Southern Region,Phalombe,Chilinga,2120,-15.78,35.77,pulses and nuts,Beans,50,KG,aggregate,Retail,MWK,3725.0,2.15,5,2024,58.51063829787233,2.3861299848384627,True,Severe
2025-08-15,Southern Region,Phalombe,Chilinga,2120,-15.78,35.77,pulses and nuts,Beans,50,KG,aggregate,Retail,MWK,7000.0,4.04,8,2025,22.46047588140927,2.0314929814357776,True,Moderate
2025-08-15,Southern Region,Phalombe,Chilinga,2120,-15.78,35.77,pulses and nuts,Beans (new harvest),1320,KG,aggregate,Retail,MWK,7000.0,4.04,8,2025,22.46047588140927,1.859476825497354,True,Moderate
2025-04-15,Southern Region,Phalombe,Chilinga,2120,-15.78,35.77,cereals and tubers,Cassava,68,KG,aggregate,Retail,MWK,3120.0,1.82,4,2025,1286.6666666666667,2.2668330668435583,True,Severe
2023-01-15,Southern Region,Phalombe,Chilinga,2120,-15.78,35.77,pulses and nuts,Cowpeas,218,KG,aggregate,Retail,MWK,800.0,0.79,1,2023,33.33333333333333,1.6513873315804073,True,Moderate
2023-07-15,Southern Region,Phalombe,Chilinga,2120,-15.78,35.77,pulses and nuts,Cowpeas,218,KG,aggregate,Retail,MWK,4737.5,4.56,7,2023,628.8461538461538,2.8352264282182764,True,Critical
2025-10-15,Southern Region,Phalombe,Chilinga,2120,-15.78,35.77,pulses and nuts,Cowpeas,218,KG,aggregate,Retail,MWK,5000.0,2.88,10,2025,66.66666666666667,2.763561140234841,True,Critical
2026-02-15,Southern Region,Phalombe,Chilinga,2120,-15.78,35.77,vegetables and fruits,Local vegetables,1333,KG,aggregate,Retail,MWK,700.0,0.4,2,2026,75.0,1.5475058470950438,True,Moderate
2022-01-15,Southern Region,Phalombe,Chilinga,2120,-15.78,35.77,cereals and tubers,Maize,51,KG,aggregate,Retail,MWK,215.0,0.27,1,2022,34.375,1.7381860103637576,True,Moderate
2022-08-15,Southern Region,Phalombe,Chilinga,2120,-15.78,35.77,cereals and tubers,Maize,51,KG,aggregate,Retail,MWK,350.0,0.34,8,2022,62.7906976744186,2.8058502732532475,True,Critical
2025-03-15,Southern Region,Phalombe,Chilinga,2120,-15.78,35.77,cereals and tubers,Maize,51,KG,aggregate,Retail,MWK,1000.0,0.58,3,2025,185.71428571428572,3.014052683122693,True,Critical
2025-09-15,Southern Region,Phalombe,Chilinga,2120,-15.78,35.77,cereals and tubers,Maize,51,KG,aggregate,Retail,MWK,1500.0,0.87,9,2025,50.0,2.3090198589843927,True,Severe
2023-01-15,Southern Region,Phalombe,Chilinga,2120,-15.78,35.77,cereals and tubers,Maize (new harvest),1229,KG,aggregate,Retail,MWK,516.25,0.51,1,2023,330.2083333333333,2.194625830894449,True,Severe
2023-07-15,Southern Region,Phalombe,Chilinga,2120,-15.78,35.77,cereals and tubers,Maize (new harvest),1229,KG,aggregate,Retail,MWK,706.25,0.68,7,2023,41.25000000000001,1.549304475397507,True,Moderate
2025-01-15,Southern Region,Phalombe,Chilinga,2120,-15.78,35.77,cereals and tubers,Maize (new harvest),1229,KG,aggregate,Retail,MWK,1292.65,0.75,1,2025,24.96978837359942,2.1716554974821523,True,Moderate
2025-02-15,Southern Region,Phalombe,Chilinga,2120,-15.78,35.77,cereals and tubers,Maize (new harvest),1229,KG,aggregate,Retail,MWK,1611.11,0.94,2,2025,24.636212431826078,2.3619983546220906,True,Moderate
2025-05-15,Southern Region,Phalombe,Chilinga,2120,-15.78,35.77,cereals and tubers,Millet,73,KG,aggregate,Retail,MWK,700.0,0.4,5,2025,133.33333333333334,1.9980656986384278,True,Moderate
2025-12-15,Southern Region,Phalombe,Chilinga,2120,-15.78,35.77,cereals and tubers,Millet,73,KG,aggregate,Retail,MWK,1200.0,0.69,12,2025,50.0,1.901820253356874,True,Moderate
2025-03-15,Southern Region,Phalombe,Chilinga,2120,-15.78,35.77,oil and fats,Oil (vegetable),96,L,aggregate,Retail,MWK,7000.0,4.06,3,2025,62.7906976744186,1.752275253967366,True,Moderate
2023-09-15,Southern Region,Phalombe,Chilinga,2120,-15.78,35.77,pulses and nuts,Pigeon peas,155,KG,aggregate,Retail,MWK,1119.23,1.02,9,2023,79.07680000000002,2.6854107647431333,True,Critical
2023-11-15,Southern Region,Phalombe,Chilinga,2120,-15.78,35.77,pulses and nuts,Pigeon peas,155,KG,aggregate,Retail,MWK,1300.0,0.78,11,2023,22.64150943396226,2.1337221595043516,True,Moderate
2024-01-15,Southern Region,Phalombe,Chilinga,2120,-15.78,35.77,pulses and nuts,Pigeon peas,155,KG,aggregate,Retail,MWK,1750.0,1.05,1,2024,22.807017543859654,2.099688861926709,True,Moderate
2025-02-15,Southern Region,Phalombe,Chilinga,2120,-15.78,35.77,pulses and nuts,Pigeon peas,155,KG,aggregate,Retail,MWK,3000.0,1.74,2,2025,20.424858902207,1.7209406250414603,True,Moderate
2025-04-15,Southern Region,Phalombe,Chilinga,2120,-15.78,35.77,pulses and nuts,Pigeon peas,155,KG,aggregate,Retail,MWK,3094.44,1.8,4,2025,23.7776,1.5058567790897537,True,Moderate
2025-03-15,Southern Region,Phalombe,Chilinga,2120,-15.78,35.77,cereals and tubers,Rice,52,KG,aggregate,Retail,MWK,5000.0,2.9,3,2025,788.8888888888889,2.474337030825548,True,Severe
2025-03-15,Southern Region,Phalombe,Chilinga,2120,-15.78,35.77,cereals and tubers,Sorghum,65,KG,aggregate,Retail,MWK,2500.0,1.45,3,2025,809.0909090909091,2.040277851449975,True,Severe
2025-03-15,Southern Region,Phalombe,Chilinga,2120,-15.78,35.77,miscellaneous food,Sugar,97,KG,aggregate,Retail,MWK,3650.0,2.12,3,2025,329.4117647058823,2.267628756099553,True,Severe
2025-06-15,Southern Region,Phalombe,Chilinga,2120,-15.78,35.77,miscellaneous food,Sugar,97,KG,aggregate,Retail,MWK,5060.0,2.92,6,2025,31.235978369405927,1.7391795919092112,True,Moderate
2025-03-15,Southern Region,Phalombe,Chilinga,2120,-15.78,35.77,cereals and tubers,Sweet potatoes,87,KG,aggregate,Retail,MWK,555.56,0.32,3,2025,167.73975903614456,1.9141556778076363,True,Moderate
2025-08-15,Southern Region,Phalombe,Chilinga,2120,-15.78,35.77,cereals and tubers,Sweet potatoes,87,KG,aggregate,Retail,MWK,1111.11,0.64,8,2025,33.33373333493333,2.0282978953786124,True,Moderate
2021-02-15,Southern Region,Phalombe,Migowi,830,-15.72,35.68,pulses and nuts,Beans,50,KG,aggregate,Retail,MWK,2377.67,3.13,2,2021,104.14266212190158,1.7189447933555368,True,Moderate
2023-12-15,Southern Region,Phalombe,Migowi,830,-15.72,35.68,pulses and nuts,Beans,50,KG,aggregate,Retail,MWK,2600.0,1.56,12,2023,26.82926829268293,2.259585786492574,True,Moderate
2024-05-15,Southern Region,Phalombe,Migowi,830,-15.72,35.68,pulses and nuts,Beans,50,KG,aggregate,Retail,MWK,3800.0,2.19,5,2024,43.39622641509433,2.4126323249621753,True,Severe
2025-04-15,Southern Region,Phalombe,Migowi,830,-15.72,35.68,cereals and tubers,Cassava,68,KG,aggregate,Retail,MWK,3540.0,2.06,4,2025,989.2307692307693,2.266951035689955,True,Severe
2022-06-15,Southern Region,Phalombe,Migowi,830,-15.72,35.68,pulses and nuts,Cowpeas,218,KG,aggregate,Retail,MWK,900.0,0.89,6,2022,38.46153846153846,1.856203542565209,True,Moderate
2023-10-15,Southern Region,Phalombe,Migowi,830,-15.72,35.68,pulses and nuts,Cowpeas,218,KG,aggregate,Retail,MWK,1316.67,1.15,10,2023,31.667,2.409583545546988,True,Moderate
2024-09-15,Southern Region,Phalombe,Migowi,830,-15.72,35.68,pulses and nuts,Cowpeas,218,KG,aggregate,Retail,MWK,2216.67,1.28,9,2024,30.392352941176483,1.6038485798390307,True,Moderate
2025-01-15,Southern Region,Phalombe,Migowi,830,-15.72,35.68,pulses and nuts,Cowpeas,218,KG,aggregate,Retail,MWK,3150.0,1.83,1,2025,37.32970027247957,2.2824282312516977,True,Moderate
2026-03-15,Southern Region,Phalombe,Migowi,830,-15.72,35.68,"meat, fish and eggs","Fish (small, dry)",1334,KG,aggregate,Retail,MWK,12000.0,6.92,3,2026,50.0,2.041241452319315,True,Severe
2026-03-15,Southern Region,Phalombe,Migowi,830,-15.72,35.68,vegetables and fruits,Local vegetables,1333,KG,aggregate,Retail,MWK,600.0,0.35,3,2026,50.0,1.5253886731213848,True,Moderate
2022-01-15,Southern Region,Phalombe,Migowi,830,-15.72,35.68,cereals and tubers,Maize,51,KG,aggregate,Retail,MWK,207.5,0.26,1,2022,43.10344827586208,1.6293489349395445,True,Moderate
2022-08-15,Southern Region,Phalombe,Migowi,830,-15.72,35.68,cereals and tubers,Maize,51,KG,aggregate,Retail,MWK,360.0,0.35,8,2022,73.49397590361446,2.9698634476058183,True,Critical
2025-03-15,Southern Region,Phalombe,Migowi,830,-15.72,35.68,cereals and tubers,Maize,51,KG,aggregate,Retail,MWK,1000.0,0.58,3,2025,185.71428571428572,3.015157601073802,True,Critical
2025-09-15,Southern Region,Phalombe,Migowi,830,-15.72,35.68,cereals and tubers,Maize,51,KG,aggregate,Retail,MWK,1450.0,0.84,9,2025,62.49957974246618,2.331573651921559,True,Severe
2023-01-15,Southern Region,Phalombe,Migowi,830,-15.72,35.68,cereals and tubers,Maize (new harvest),1229,KG,aggregate,Retail,MWK,518.12,0.51,1,2023,322.9551020408163,2.2098684417121093,True,Severe
2023-12-15,Southern Region,Phalombe,Migowi,830,-15.72,35.68,cereals and tubers,Maize (new harvest),1229,KG,aggregate,Retail,MWK,1000.0,0.6,12,2023,21.212121212121215,1.5967921032513974,True,Moderate
2025-01-15,Southern Region,Phalombe,Migowi,830,-15.72,35.68,cereals and tubers,Maize (new harvest),1229,KG,aggregate,Retail,MWK,1300.0,0.76,1,2025,25.30120481927711,2.0954770755935597,True,Moderate
2025-06-15,Southern Region,Phalombe,Migowi,830,-15.72,35.68,cereals and tubers,Millet,73,KG,aggregate,Retail,MWK,750.0,0.43,6,2025,150.0,1.9673784981461355,True,Moderate
2025-10-15,Southern Region,Phalombe,Migowi,830,-15.72,35.68,cereals and tubers,Millet,73,KG,aggregate,Retail,MWK,3000.0,1.73,10,2025,300.0,2.4142491545834,True,Severe
2021-03-15,Southern Region,Phalombe,Migowi,830,-15.72,35.68,oil and fats,Oil (vegetable),96,L,aggregate,Retail,MWK,1375.0,1.78,3,2021,22.222222222222232,1.6992868732047404,True,Moderate
2025-03-15,Southern Region,Phalombe,Migowi,830,-15.72,35.68,oil and fats,Oil (vegetable),96,L,aggregate,Retail,MWK,7500.0,4.35,3,2025,417.2413793103448,2.261811533569943,True,Severe
2023-06-15,Southern Region,Phalombe,Migowi,830,-15.72,35.68,pulses and nuts,Pigeon peas,155,KG,aggregate,Retail,MWK,800.0,0.79,6,2023,39.13043478260869,1.581716220070619,True,Moderate
2023-08-15,Southern Region,Phalombe,Migowi,830,-15.72,35.68,pulses and nuts,Pigeon peas,155,KG,aggregate,Retail,MWK,820.0,0.76,8,2023,37.142092587637144,1.5920153477885999,True,Moderate
2023-09-15,Southern Region,Phalombe,Migowi,830,-15.72,35.68,pulses and nuts,Pigeon peas,155,KG,aggregate,Retail,MWK,1000.0,0.91,9,2023,21.95121951219512,2.37550523281815,True,Moderate
2024-02-15,Southern Region,Phalombe,Migowi,830,-15.72,35.68,pulses and nuts,Pigeon peas,155,KG,aggregate,Retail,MWK,2072.73,1.24,2,2024,20.055952318893453,2.0489654114518125,True,Moderate
2025-03-15,Southern Region,Phalombe,Migowi,830,-15.72,35.68,pulses and nuts,Pigeon peas,155,KG,aggregate,Retail,MWK,3500.0,2.03,3,2025,23.0470672610426,2.038257482622545,True,Moderate
2025-03-15,Southern Region,Phalombe,Migowi,830,-15.72,35.68,cereals and tubers,Rice,52,KG,aggregate,Retail,MWK,4500.0,2.61,3,2025,520.6896551724138,2.267159008337114,True,Severe
2026-02-15,Southern Region,Phalombe,Migowi,830,-15.72,35.68,cereals and tubers,Rice,52,KG,aggregate,Retail,MWK,5200.0,3.0,2,2026,73.33333333333334,1.51894014923054,True,Moderate
2025-03-15,Southern Region,Phalombe,Migowi,830,-15.72,35.68,cereals and tubers,Sorghum,65,KG,aggregate,Retail,MWK,2500.0,1.45,3,2025,1011.1111111111111,2.262293626660189,True,Severe
2025-10-15,Southern Region,Phalombe,Migowi,830,-15.72,35.68,pulses and nuts,Soybeans,248,KG,aggregate,Retail,MWK,3291.67,1.9,10,2025,46.296444444444454,1.894401739799875,True,Moderate
2025-03-15,Southern Region,Phalombe,Migowi,830,-15.72,35.68,miscellaneous food,Sugar,97,KG,aggregate,Retail,MWK,3650.0,2.12,3,2025,329.4117647058823,2.2674942521517147,True,Severe
2025-06-15,Southern Region,Phalombe,Migowi,830,-15.72,35.68,miscellaneous food,Sugar,97,KG,aggregate,Retail,MWK,5069.44,2.92,6,2025,30.14715698456545,1.7358814005839438,True,Moderate
2025-03-15,Southern Region,Phalombe,Migowi,830,-15.72,35.68,cereals and tubers,Sweet potatoes,87,KG,aggregate,Retail,MWK,555.56,0.32,3,2025,53.25793103448275,1.9866096664381527,True,Moderate
2025-07-15,Southern Region,Phalombe,Migowi,830,-15.72,35.68,cereals and tubers,Sweet potatoes,87,KG,aggregate,Retail,MWK,833.33,0.48,7,2025,49.9982000143999,1.8425662895213275,True,Moderate
2023-01-15,Southern Region,Phalombe,Phalombe Boma,817,-15.81,35.65,pulses and nuts,Beans,50,KG,aggregate,Retail,MWK,1748.96,1.74,1,2023,118.61999999999999,2.274208230772685,True,Severe
2023-06-15,Southern Region,Phalombe,Phalombe Boma,817,-15.81,35.65,pulses and nuts,Beans,50,KG,aggregate,Retail,MWK,1800.0,1.77,6,2023,33.33333333333333,1.6755417584634826,True,Moderate
2023-07-15,Southern Region,Phalombe,Phalombe Boma,817,-15.81,35.65,pulses and nuts,Beans,50,KG,aggregate,Retail,MWK,2275.0,2.19,7,2023,26.388888888888886,2.1345515258101626,True,Moderate
2024-01-15,Southern Region,Phalombe,Phalombe Boma,817,-15.81,35.65,pulses and nuts,Beans,50,KG,aggregate,Retail,MWK,2773.53,1.66,1,2024,23.268,1.8015347002677737,True,Moderate
2024-02-15,Southern Region,Phalombe,Phalombe Boma,817,-15.81,35.65,pulses and nuts,Beans,50,KG,aggregate,Retail,MWK,3366.67,2.02,2,2024,21.385743078315357,2.271594579897788,True,Moderate
2024-05-15,Southern Region,Phalombe,Phalombe Boma,817,-15.81,35.65,pulses and nuts,Beans,50,KG,aggregate,Retail,MWK,3850.0,2.22,5,2024,49.032450364452096,1.8053453261166899,True,Moderate
2025-04-15,Southern Region,Phalombe,Phalombe Boma,817,-15.81,35.65,pulses and nuts,Beans,50,KG,aggregate,Retail,MWK,6608.7,3.85,4,2025,42.890810810810805,2.368940464319002,True,Severe
2025-03-15,Southern Region,Phalombe,Phalombe Boma,817,-15.81,35.65,cereals and tubers,Cassava,68,KG,aggregate,Retail,MWK,4000.0,2.32,3,2025,1328.5714285714287,2.2671594420856342,True,Severe
2023-01-15,Southern Region,Phalombe,Phalombe Boma,817,-15.81,35.65,pulses and nuts,Cowpeas,218,KG,aggregate,Retail,MWK,865.62,0.86,1,2023,64.88000000000001,1.6347439933979122,True,Moderate
2023-02-15,Southern Region,Phalombe,Phalombe Boma,817,-15.81,35.65,pulses and nuts,Cowpeas,218,KG,aggregate,Retail,MWK,1150.0,1.13,2,2023,32.85275294008918,2.0296986550908525,True,Moderate
2024-09-15,Southern Region,Phalombe,Phalombe Boma,817,-15.81,35.65,pulses and nuts,Cowpeas,218,KG,aggregate,Retail,MWK,2500.0,1.45,9,2024,38.888888888888886,2.188480134990675,True,Moderate
2026-01-15,Southern Region,Phalombe,Phalombe Boma,817,-15.81,35.65,vegetables and fruits,Exotic vegetables,1335,KG,aggregate,Retail,MWK,2000.0,1.15,1,2026,151.57232704402514,1.7150318513712282,True,Moderate
2022-01-15,Southern Region,Phalombe,Phalombe Boma,817,-15.81,35.65,cereals and tubers,Maize,51,KG,aggregate,Retail,MWK,220.0,0.27,1,2022,37.5,1.7682716453191987,True,Moderate
2022-08-15,Southern Region,Phalombe,Phalombe Boma,817,-15.81,35.65,cereals and tubers,Maize,51,KG,aggregate,Retail,MWK,345.0,0.34,8,2022,56.81818181818181,2.8808423414657707,True,Severe
2025-03-15,Southern Region,Phalombe,Phalombe Boma,817,-15.81,35.65,cereals and tubers,Maize,51,KG,aggregate,Retail,MWK,1000.0,0.58,3,2025,212.5,3.05478992843481,True,Critical
2025-09-15,Southern Region,Phalombe,Phalombe Boma,817,-15.81,35.65,cereals and tubers,Maize,51,KG,aggregate,Retail,MWK,1500.0,0.87,9,2025,68.10301352668917,2.3876276239564134,True,Severe
2023-01-15,Southern Region,Phalombe,Phalombe Boma,817,-15.81,35.65,cereals and tubers,Maize (new harvest),1229,KG,aggregate,Retail,MWK,543.12,0.54,1,2023,343.3632653061225,2.2111671225128227,True,Severe
2025-01-15,Southern Region,Phalombe,Phalombe Boma,817,-15.81,35.65,cereals and tubers,Maize (new harvest),1229,KG,aggregate,Retail,MWK,1300.0,0.76,1,2025,30.000000000000004,2.198484326060761,True,Moderate
2025-02-15,Southern Region,Phalombe,Phalombe Boma,817,-15.81,35.65,cereals and tubers,Maize (new harvest),1229,KG,aggregate,Retail,MWK,1688.89,0.98,2,2025,29.914615384615395,2.4830743220698257,True,Moderate
2025-03-15,Southern Region,Phalombe,Phalombe Boma,817,-15.81,35.65,cereals and tubers,Millet,73,KG,aggregate,Retail,MWK,2500.0,1.45,3,2025,669.2307692307693,2.0407888630015973,True,Severe
2021-03-15,Southern Region,Phalombe,Phalombe Boma,817,-15.81,35.65,oil and fats,Oil (vegetable),96,L,aggregate,Retail,MWK,1487.5,1.92,3,2021,29.34782608695652,1.5607924679724812,True,Moderate
2021-04-15,Southern Region,Phalombe,Phalombe Boma,817,-15.81,35.65,oil and fats,Oil (vegetable),96,L,aggregate,Retail,MWK,1900.0,2.45,4,2021,27.73109243697478,1.7486718735456561,True,Moderate
2025-03-15,Southern Region,Phalombe,Phalombe Boma,817,-15.81,35.65,oil and fats,Oil (vegetable),96,L,aggregate,Retail,MWK,6500.0,3.77,3,2025,242.10526315789474,2.239361790140049,True,Severe
2023-06-15,Southern Region,Phalombe,Phalombe Boma,817,-15.81,35.65,pulses and nuts,Pigeon peas,155,KG,aggregate,Retail,MWK,1150.0,1.13,6,2023,58.62068965517242,2.372311947977444,True,Severe
2023-10-15,Southern Region,Phalombe,Phalombe Boma,817,-15.81,35.65,pulses and nuts,Pigeon peas,155,KG,aggregate,Retail,MWK,1250.0,1.09,10,2023,66.66666666666667,2.191630629859601,True,Severe
2024-01-15,Southern Region,Phalombe,Phalombe Boma,817,-15.81,35.65,pulses and nuts,Pigeon peas,155,KG,aggregate,Retail,MWK,2167.65,1.3,1,2024,35.478125000000006,2.215318536355545,True,Moderate
2024-10-15,Southern Region,Phalombe,Phalombe Boma,817,-15.81,35.65,pulses and nuts,Pigeon peas,155,KG,aggregate,Retail,MWK,2500.0,1.44,10,2024,25.0,1.6217056811628747,True,Moderate
2025-01-15,Southern Region,Phalombe,Phalombe Boma,817,-15.81,35.65,pulses and nuts,Pigeon peas,155,KG,aggregate,Retail,MWK,3000.0,1.75,1,2025,27.65957446808511,1.6126430310308668,True,Moderate
2025-03-15,Southern Region,Phalombe,Phalombe Boma,817,-15.81,35.65,cereals and tubers,Rice,52,KG,aggregate,Retail,MWK,4500.0,2.61,3,2025,462.5,2.4741438541317615,True,Severe
2025-04-15,Southern Region,Phalombe,Phalombe Boma,817,-15.81,35.65,cereals and tubers,Sorghum,65,KG,aggregate,Retail,MWK,2000.0,1.16,4,2025,515.3846153846155,2.039808414332999,True,Severe
2025-09-15,Southern Region,Phalombe,Phalombe Boma,817,-15.81,35.65,cereals and tubers,Sorghum,65,KG,aggregate,Retail,MWK,3500.0,2.02,9,2025,250.0,2.4428507018664907,True,Severe
2026-02-15,Southern Region,Phalombe,Phalombe Boma,817,-15.81,35.65,cereals and tubers,Sorghum,65,KG,aggregate,Retail,MWK,3000.0,1.73,2,2026,150.0,1.58614687253683,True,Moderate
2025-03-15,Southern Region,Phalombe,Phalombe Boma,817,-15.81,35.65,miscellaneous food,Sugar,97,KG,aggregate,Retail,MWK,3500.0,2.03,3,2025,311.7647058823529,2.2570894784383033,True,Severe
2025-06-15,Southern Region,Phalombe,Phalombe Boma,817,-15.81,35.65,miscellaneous food,Sugar,97,KG,aggregate,Retail,MWK,5000.0,2.88,6,2025,22.887864823348703,1.6961744723017707,True,Moderate
2025-03-15,Southern Region,Phalombe,Phalombe Boma,817,-15.81,35.65,cereals and tubers,Sweet potatoes,87,KG,aggregate,Retail,MWK,555.56,0.32,3,2025,85.18666666666665,2.1822359609700728,True,Severe
2025-07-15,Southern Region,Phalombe,Phalombe Boma,817,-15.81,35.65,cereals and tubers,Sweet potatoes,87,KG,aggregate,Retail,MWK,833.33,0.48,7,2025,49.9982000143999,1.8880056811054493,True,Moderate
2025-08-15,Southern Region,Phalombe,Phalombe Boma,817,-15.81,35.65,cereals and tubers,Sweet potatoes,87,KG,aggregate,Retail,MWK,1111.11,0.64,8,2025,33.33373333493333,2.2212831172520975,True,Moderate
2025-10-15,Southern Region,Phalombe,Phalombe Boma,817,-15.81,35.65,cereals and tubers,Sweet potatoes,87,KG,aggregate,Retail,MWK,1111.0,0.64,10,2025,33.3733493397359,1.5938669521581277,True,Moderate
2026-03-15,Southern Region,Phalombe,Phalombe Boma,817,-15.81,35.65,vegetables and fruits,Tomatoes,114,KG,aggregate,Retail,MWK,4500.0,2.6,3,2026,66.66666666666667,2.086225111563163,True,Severe
2024-05-15,Southern Region,Phalombe,Phaloni,8508,-15.62,35.76,pulses and nuts,Beans,50,KG,aggregate,Retail,MWK,3750.0,2.16,5,2024,43.540669856459324,2.13935501663225,True,Severe
2025-04-15,Southern Region,Phalombe,Phaloni,8508,-15.62,35.76,pulses and nuts,Beans,50,KG,aggregate,Retail,MWK,6666.67,3.88,4,2025,66.11317783486533,2.2732117037066097,True,Severe
2024-12-15,Southern Region,Phalombe,Phaloni,8508,-15.62,35.76,pulses and nuts,Cowpeas,218,KG,aggregate,Retail,MWK,2956.25,1.71,12,2024,47.81249999999999,2.156037351963575,True,Severe
2025-02-15,Southern Region,Phalombe,Phaloni,8508,-15.62,35.76,pulses and nuts,Cowpeas,218,KG,aggregate,Retail,MWK,3500.0,2.03,2,2025,22.62759401156904,2.0409994328303473,True,Moderate
2025-01-15,Southern Region,Phalombe,Phaloni,8508,-15.62,35.76,cereals and tubers,Maize (new harvest),1229,KG,aggregate,Retail,MWK,1289.58,0.75,1,2025,24.672989355839793,1.9390527921838292,True,Moderate
2025-08-15,Southern Region,Phalombe,Phaloni,8508,-15.62,35.76,cereals and tubers,Maize (new harvest),1229,KG,aggregate,Retail,MWK,1445.83,0.83,8,2025,21.328052229224514,1.6011618439584339,True,Moderate
2024-01-15,Southern Region,Phalombe,Phaloni,8508,-15.62,35.76,pulses and nuts,Pigeon peas,155,KG,aggregate,Retail,MWK,1650.0,0.99,1,2024,24.52830188679245,1.5869570462343932,True,Moderate
2024-02-15,Southern Region,Phalombe,Phaloni,8508,-15.62,35.76,pulses and nuts,Pigeon peas,155,KG,aggregate,Retail,MWK,2063.64,1.24,2,2024,25.069090909090907,1.673605154909733,True,Moderate
2024-11-15,Southern Region,Phalombe,Phaloni,8508,-15.62,35.76,pulses and nuts,Pigeon peas,155,KG,aggregate,Retail,MWK,2800.0,1.61,11,2024,39.99999999999999,1.9459372420653749,True,Moderate
2025-08-15,Southern Region,Phalombe,Phaloni,8508,-15.62,35.76,cereals and tubers,Sorghum,65,KG,aggregate,Retail,MWK,1600.0,0.92,8,2025,100.0,1.7854836339851776,True,Moderate
2021-03-15,Northern Region,Rumphi,Bolero,2229,-10.98,33.74,pulses and nuts,Beans,50,KG,aggregate,Retail,MWK,1200.0,1.55,3,2021,41.176470588235304,1.7216861608781293,True,Moderate
2023-01-15,Northern Region,Rumphi,Bolero,2229,-10.98,33.74,pulses and nuts,Beans,50,KG,aggregate,Retail,MWK,1677.78,1.67,1,2023,139.68285714285713,2.4713377067733138,True,Severe
2024-01-15,Northern Region,Rumphi,Bolero,2229,-10.98,33.74,pulses and nuts,Beans,50,KG,aggregate,Retail,MWK,2295.0,1.38,1,2024,20.789473684210535,2.284231487539678,True,Moderate
2024-09-15,Northern Region,Rumphi,Bolero,2229,-10.98,33.74,pulses and nuts,Beans,50,KG,aggregate,Retail,MWK,3281.25,1.9,9,2024,87.5,2.6201966969726604,True,Critical
2025-02-15,Northern Region,Rumphi,Bolero,2229,-10.98,33.74,pulses and nuts,Beans,50,KG,aggregate,Retail,MWK,5125.0,2.97,2,2025,57.692307692307686,2.4356020489706505,True,Severe
2025-09-15,Northern Region,Rumphi,Bolero,2229,-10.98,33.74,pulses and nuts,Beans,50,KG,aggregate,Retail,MWK,7500.0,4.33,9,2025,25.0,1.9404549139518814,True,Moderate
2025-05-15,Northern Region,Rumphi,Bolero,2229,-10.98,33.74,cereals and tubers,Cassava,68,KG,aggregate,Retail,MWK,2400.0,1.38,5,2025,2300.0,1.5,True,Moderate
2025-10-15,Northern Region,Rumphi,Bolero,2229,-10.98,33.74,cereals and tubers,Cassava,68,KG,aggregate,Retail,MWK,4000.0,2.31,10,2025,100.0,1.5834320253771157,True,Moderate
2025-02-15,Northern Region,Rumphi,Bolero,2229,-10.98,33.74,pulses and nuts,Cowpeas,218,KG,aggregate,Retail,MWK,2416.67,1.4,2,2025,20.833499999999994,1.7644197943702602,True,Moderate
2025-03-15,Northern Region,Rumphi,Bolero,2229,-10.98,33.74,pulses and nuts,Cowpeas,218,KG,aggregate,Retail,MWK,3388.89,1.97,3,2025,40.229737614155006,2.247409044853489,True,Severe
2026-01-15,Northern Region,Rumphi,Bolero,2229,-10.98,33.74,vegetables and fruits,Exotic vegetables,1335,KG,aggregate,Retail,MWK,2010.0,1.16,1,2026,221.60000000000002,1.6943465326613476,True,Moderate
2026-02-15,Northern Region,Rumphi,Bolero,2229,-10.98,33.74,vegetables and fruits,Exotic vegetables,1335,KG,aggregate,Retail,MWK,2500.0,1.44,2,2026,24.378109452736307,1.5143249143259718,True,Moderate
2026-01-15,Northern Region,Rumphi,Bolero,2229,-10.98,33.74,vegetables and fruits,Local vegetables,1333,KG,aggregate,Retail,MWK,1000.0,0.58,1,2026,81.81818181818181,1.6003390660376473,True,Moderate
2026-02-15,Northern Region,Rumphi,Bolero,2229,-10.98,33.74,vegetables and fruits,Local vegetables,1333,KG,aggregate,Retail,MWK,3000.0,1.73,2,2026,200.0,1.9498081318164344,True,Moderate
2022-09-15,Northern Region,Rumphi,Bolero,2229,-10.98,33.74,cereals and tubers,Maize,51,KG,aggregate,Retail,MWK,283.0,0.28,9,2022,76.875,1.8545637533199741,True,Moderate
2025-09-15,Northern Region,Rumphi,Bolero,2229,-10.98,33.74,cereals and tubers,Maize,51,KG,aggregate,Retail,MWK,1250.0,0.72,9,2025,341.69611307420496,3.1374564650145844,True,Critical
2023-01-15,Northern Region,Rumphi,Bolero,2229,-10.98,33.74,cereals and tubers,Maize (new harvest),1229,KG,aggregate,Retail,MWK,446.11,0.44,1,2023,154.92,2.2569730065627374,True,Severe
2025-02-15,Northern Region,Rumphi,Bolero,2229,-10.98,33.74,cereals and tubers,Maize (new harvest),1229,KG,aggregate,Retail,MWK,1241.67,0.72,2,2025,112.25128205128208,2.606490842952203,True,Critical
2025-03-15,Northern Region,Rumphi,Bolero,2229,-10.98,33.74,oil and fats,Oil (vegetable),96,L,aggregate,Retail,MWK,8000.0,4.64,3,2025,700.0,2.2677868380553634,True,Severe
2025-04-15,Northern Region,Rumphi,Bolero,2229,-10.98,33.74,cereals and tubers,Rice,52,KG,aggregate,Retail,MWK,5000.0,2.91,4,2025,669.2307692307693,2.267643528767681,True,Severe
2025-09-15,Northern Region,Rumphi,Bolero,2229,-10.98,33.74,cereals and tubers,Rice,52,KG,aggregate,Retail,MWK,6000.0,3.46,9,2025,100.0,1.8212825762140774,True,Moderate
2025-10-15,Northern Region,Rumphi,Bolero,2229,-10.98,33.74,pulses and nuts,Soybeans,248,KG,aggregate,Retail,MWK,5250.0,3.03,10,2025,50.0,1.6230354334785266,True,Moderate
2025-11-15,Northern Region,Rumphi,Bolero,2229,-10.98,33.74,pulses and nuts,Soybeans,248,KG,aggregate,Retail,MWK,9000.0,5.19,11,2025,71.42857142857142,1.850987297372838,True,Moderate
2025-03-15,Northern Region,Rumphi,Bolero,2229,-10.98,33.74,miscellaneous food,Sugar,97,KG,aggregate,Retail,MWK,3500.0,2.03,3,2025,337.5,2.2677868380553634,True,Severe
2025-05-15,Northern Region,Rumphi,Bolero,2229,-10.98,33.74,miscellaneous food,Sugar,97,KG,aggregate,Retail,MWK,4408.33,2.54,5,2025,23.482633053221292,1.6946558736869817,True,Moderate
2025-06-15,Northern Region,Rumphi,Bolero,2229,-10.98,33.74,miscellaneous food,Sugar,97,KG,aggregate,Retail,MWK,5326.09,3.07,6,2025,20.81876810492862,1.735041985340567,True,Moderate
2025-03-15,Northern Region,Rumphi,Bolero,2229,-10.98,33.74,cereals and tubers,Sweet potatoes,87,KG,aggregate,Retail,MWK,1111.11,0.64,3,2025,344.4439999999999,1.5000000000000002,True,Moderate
2025-10-15,Northern Region,Rumphi,Bolero,2229,-10.98,33.74,cereals and tubers,Sweet potatoes,87,KG,aggregate,Retail,MWK,1667.0,0.96,10,2025,100.12004801920766,2.1335574376841873,True,Severe
2026-03-15,Northern Region,Rumphi,Bolero,2229,-10.98,33.74,cereals and tubers,Sweet potatoes,87,KG,aggregate,Retail,MWK,1667.0,0.96,3,2026,20.014398848092153,1.5364781129933498,True,Moderate
2021-03-15,Northern Region,Rumphi,Rumphi Boma,818,-11.02,33.87,pulses and nuts,Beans,50,KG,aggregate,Retail,MWK,1112.5,1.44,3,2021,30.49853372434017,1.7719119285355778,True,Moderate
2023-01-15,Northern Region,Rumphi,Rumphi Boma,818,-11.02,33.87,pulses and nuts,Beans,50,KG,aggregate,Retail,MWK,1677.78,1.67,1,2023,86.42,2.258213563729613,True,Severe
2024-09-15,Northern Region,Rumphi,Rumphi Boma,818,-11.02,33.87,pulses and nuts,Beans,50,KG,aggregate,Retail,MWK,3500.0,2.03,9,2024,75.0,2.6284321371199826,True,Critical
2025-02-15,Northern Region,Rumphi,Rumphi Boma,818,-11.02,33.87,pulses and nuts,Beans,50,KG,aggregate,Retail,MWK,5000.0,2.9,2,2025,45.98540145985402,2.3266088345632228,True,Severe
2025-05-15,Northern Region,Rumphi,Rumphi Boma,818,-11.02,33.87,cereals and tubers,Cassava,68,KG,aggregate,Retail,MWK,2000.0,1.15,5,2025,1233.3333333333335,2.2676824094780637,True,Severe
2023-04-15,Northern Region,Rumphi,Rumphi Boma,818,-11.02,33.87,pulses and nuts,Cowpeas,218,KG,aggregate,Retail,MWK,1000.0,0.99,4,2023,66.66666666666667,2.1889069381272606,True,Severe
2023-08-15,Northern Region,Rumphi,Rumphi Boma,818,-11.02,33.87,pulses and nuts,Cowpeas,218,KG,aggregate,Retail,MWK,1300.0,1.21,8,2023,30.000000000000004,1.7724386260493836,True,Moderate
2024-02-15,Northern Region,Rumphi,Rumphi Boma,818,-11.02,33.87,pulses and nuts,Cowpeas,218,KG,aggregate,Retail,MWK,1909.09,1.15,2,2024,21.212063492063482,1.9750072677873667,True,Moderate
2024-11-15,Northern Region,Rumphi,Rumphi Boma,818,-11.02,33.87,pulses and nuts,Cowpeas,218,KG,aggregate,Retail,MWK,2400.0,1.38,11,2024,25.714345578259802,2.2182969786464892,True,Moderate
2025-02-15,Northern Region,Rumphi,Rumphi Boma,818,-11.02,33.87,pulses and nuts,Cowpeas,218,KG,aggregate,Retail,MWK,3250.0,1.89,2,2025,35.41666666666667,2.435013617038515,True,Moderate
2026-01-15,Northern Region,Rumphi,Rumphi Boma,818,-11.02,33.87,vegetables and fruits,Exotic vegetables,1335,KG,aggregate,Retail,MWK,2000.0,1.15,1,2026,93.93939393939394,1.6243548647928394,True,Moderate
2026-01-15,Northern Region,Rumphi,Rumphi Boma,818,-11.02,33.87,vegetables and fruits,Local vegetables,1333,KG,aggregate,Retail,MWK,1000.0,0.58,1,2026,100.0,1.6751907300671491,True,Moderate
2022-09-15,Northern Region,Rumphi,Rumphi Boma,818,-11.02,33.87,cereals and tubers,Maize,51,KG,aggregate,Retail,MWK,316.5,0.31,9,2022,97.81249999999999,2.185161223800586,True,Severe
2025-09-15,Northern Region,Rumphi,Rumphi Boma,818,-11.02,33.87,cereals and tubers,Maize,51,KG,aggregate,Retail,MWK,1169.57,0.67,9,2025,269.5323854660347,3.1114441484983364,True,Critical
2023-01-15,Northern Region,Rumphi,Rumphi Boma,818,-11.02,33.87,cereals and tubers,Maize (new harvest),1229,KG,aggregate,Retail,MWK,500.56,0.5,1,2023,186.03428571428572,2.2559461276315567,True,Severe
2023-04-15,Northern Region,Rumphi,Rumphi Boma,818,-11.02,33.87,cereals and tubers,Maize (new harvest),1229,KG,aggregate,Retail,MWK,550.0,0.54,4,2023,22.222222222222232,1.6071684129328019,True,Moderate
2025-02-15,Northern Region,Rumphi,Rumphi Boma,818,-11.02,33.87,cereals and tubers,Maize (new harvest),1229,KG,aggregate,Retail,MWK,1197.92,0.7,2,2025,57.10426229508199,2.916700609845291,True,Severe
2025-03-15,Northern Region,Rumphi,Rumphi Boma,818,-11.02,33.87,cereals and tubers,Millet,73,KG,aggregate,Retail,MWK,2800.0,1.62,3,2025,409.09090909090907,1.7888543819998317,True,Moderate
2025-12-15,Northern Region,Rumphi,Rumphi Boma,818,-11.02,33.87,cereals and tubers,Millet,73,KG,aggregate,Retail,MWK,7000.0,4.04,12,2025,100.0,2.1385876661909684,True,Severe
2025-03-15,Northern Region,Rumphi,Rumphi Boma,818,-11.02,33.87,oil and fats,Oil (vegetable),96,L,aggregate,Retail,MWK,8250.0,4.79,3,2025,587.5,2.2656057271394423,True,Severe
2023-11-15,Northern Region,Rumphi,Rumphi Boma,818,-11.02,33.87,pulses and nuts,Pigeon peas,155,KG,aggregate,Retail,MWK,1000.0,0.6,11,2023,73.91304347826086,2.0046571631293095,True,Severe
2023-12-15,Northern Region,Rumphi,Rumphi Boma,818,-11.02,33.87,pulses and nuts,Pigeon peas,155,KG,aggregate,Retail,MWK,1300.0,0.78,12,2023,30.000000000000004,1.9259052463477664,True,Moderate
2024-01-15,Northern Region,Rumphi,Rumphi Boma,818,-11.02,33.87,pulses and nuts,Pigeon peas,155,KG,aggregate,Retail,MWK,1590.0,0.95,1,2024,22.307692307692317,1.862624812346665,True,Moderate
2025-10-15,Northern Region,Rumphi,Rumphi Boma,818,-11.02,33.87,pulses and nuts,Pigeon peas,155,KG,aggregate,Retail,MWK,4500.0,2.6,10,2025,150.0,2.721511913414894,True,Critical
2025-04-15,Northern Region,Rumphi,Rumphi Boma,818,-11.02,33.87,cereals and tubers,Rice,52,KG,aggregate,Retail,MWK,4200.0,2.45,4,2025,500.0,2.466764592570124,True,Severe
2026-03-15,Northern Region,Rumphi,Rumphi Boma,818,-11.02,33.87,pulses and nuts,Soybeans,248,KG,aggregate,Retail,MWK,6000.0,3.46,3,2026,33.33333333333333,1.8434316441860878,True,Moderate
2025-03-15,Northern Region,Rumphi,Rumphi Boma,818,-11.02,33.87,miscellaneous food,Sugar,97,KG,aggregate,Retail,MWK,3900.0,2.26,3,2025,358.8235294117647,2.2673627236735743,True,Severe
2025-06-15,Northern Region,Rumphi,Rumphi Boma,818,-11.02,33.87,miscellaneous food,Sugar,97,KG,aggregate,Retail,MWK,5291.67,3.05,6,2025,26.771181953864122,1.6704737088944295,True,Moderate
2025-03-15,Northern Region,Rumphi,Rumphi Boma,818,-11.02,33.87,cereals and tubers,Sweet potatoes,87,KG,aggregate,Retail,MWK,972.22,0.56,3,2025,177.77714285714285,2.2320168223208894,True,Severe
2025-10-15,Northern Region,Rumphi,Rumphi Boma,818,-11.02,33.87,cereals and tubers,Sweet potatoes,87,KG,aggregate,Retail,MWK,1111.0,0.64,10,2025,33.3733493397359,1.5506750343064217,True,Moderate
2024-01-15,Central Region,Salima,Kamuzu Road,2225,-13.77,34.44,pulses and nuts,Beans,50,KG,aggregate,Retail,MWK,2694.12,1.62,1,2024,22.45999999999999,2.480237582968084,True,Moderate
2024-04-15,Central Region,Salima,Kamuzu Road,2225,-13.77,34.44,pulses and nuts,Beans,50,KG,aggregate,Retail,MWK,3055.56,1.76,4,2024,22.222399999999997,1.7168083953878528,True,Moderate
2025-03-15,Central Region,Salima,Kamuzu Road,2225,-13.77,34.44,cereals and tubers,Cassava,68,KG,aggregate,Retail,MWK,3200.0,1.86,3,2025,966.6666666666666,2.267512239672886,True,Severe
2022-06-15,Central Region,Salima,Kamuzu Road,2225,-13.77,34.44,pulses and nuts,Cowpeas,218,KG,aggregate,Retail,MWK,925.0,0.91,6,2022,48.0,2.098351472922615,True,Severe
2023-10-15,Central Region,Salima,Kamuzu Road,2225,-13.77,34.44,pulses and nuts,Cowpeas,218,KG,aggregate,Retail,MWK,2966.67,2.58,10,2023,270.83375,3.1173455325255723,True,Critical
2025-02-15,Central Region,Salima,Kamuzu Road,2225,-13.77,34.44,pulses and nuts,Cowpeas,218,KG,aggregate,Retail,MWK,3366.67,1.95,2,2025,21.772988848740017,1.5707072985422563,True,Moderate
2025-08-15,Central Region,Salima,Kamuzu Road,2225,-13.77,34.44,pulses and nuts,Cowpeas,218,KG,aggregate,Retail,MWK,4419.36,2.55,8,2025,96.416,1.9039181520674378,True,Moderate
2026-01-15,Central Region,Salima,Kamuzu Road,2225,-13.77,34.44,vegetables and fruits,Exotic vegetables,1335,KG,aggregate,Retail,MWK,1000.0,0.58,1,2026,60.00000000000001,1.591644851508443,True,Moderate
2026-01-15,Central Region,Salima,Kamuzu Road,2225,-13.77,34.44,vegetables and fruits,Local vegetables,1333,KG,aggregate,Retail,MWK,1000.0,0.58,1,2026,60.00000000000001,1.5674020404336138,True,Moderate
2022-08-15,Central Region,Salima,Kamuzu Road,2225,-13.77,34.44,cereals and tubers,Maize,51,KG,aggregate,Retail,MWK,347.5,0.34,8,2022,73.75,2.733598472639085,True,Critical
2025-03-15,Central Region,Salima,Kamuzu Road,2225,-13.77,34.44,cereals and tubers,Maize,51,KG,aggregate,Retail,MWK,1800.0,1.04,3,2025,421.7391304347826,3.138326901708221,True,Critical
2023-01-15,Central Region,Salima,Kamuzu Road,2225,-13.77,34.44,cereals and tubers,Maize (new harvest),1229,KG,aggregate,Retail,MWK,500.0,0.5,1,2023,203.03030303030303,2.2506341370038503,True,Severe
2025-01-15,Central Region,Salima,Kamuzu Road,2225,-13.77,34.44,cereals and tubers,Maize (new harvest),1229,KG,aggregate,Retail,MWK,1329.41,0.77,1,2025,29.501441708229436,2.3017333667108772,True,Moderate
2025-02-15,Central Region,Salima,Kamuzu Road,2225,-13.77,34.44,cereals and tubers,Maize (new harvest),1229,KG,aggregate,Retail,MWK,1633.33,0.95,2,2025,22.861269284870712,2.3234951309892184,True,Moderate
2025-11-15,Central Region,Salima,Kamuzu Road,2225,-13.77,34.44,cereals and tubers,Millet,73,KG,aggregate,Retail,MWK,4250.0,2.45,11,2025,2025.0,2.036471356382043,True,Severe
2025-03-15,Central Region,Salima,Kamuzu Road,2225,-13.77,34.44,oil and fats,Oil (vegetable),96,L,aggregate,Retail,MWK,7000.0,4.06,3,2025,321.05263157894734,2.2540778174225555,True,Severe
2023-10-15,Central Region,Salima,Kamuzu Road,2225,-13.77,34.44,pulses and nuts,Pigeon peas,155,KG,aggregate,Retail,MWK,1175.0,1.02,10,2023,60.22800103636834,2.3224244130815848,True,Severe
2024-02-15,Central Region,Salima,Kamuzu Road,2225,-13.77,34.44,pulses and nuts,Pigeon peas,155,KG,aggregate,Retail,MWK,1945.45,1.17,2,2024,21.36761201292625,2.073388858594097,True,Moderate
2024-09-15,Central Region,Salima,Kamuzu Road,2225,-13.77,34.44,pulses and nuts,Pigeon peas,155,KG,aggregate,Retail,MWK,2500.0,1.45,9,2024,28.50497314246061,2.2444556650493115,True,Moderate
2024-12-15,Central Region,Salima,Kamuzu Road,2225,-13.77,34.44,pulses and nuts,Pigeon peas,155,KG,aggregate,Retail,MWK,2671.87,1.54,12,2024,33.593499999999985,1.5538339311932954,True,Moderate
2025-02-15,Central Region,Salima,Kamuzu Road,2225,-13.77,34.44,pulses and nuts,Pigeon peas,155,KG,aggregate,Retail,MWK,3388.89,1.97,2,2025,21.286487337694872,1.787881337629952,True,Moderate
2025-03-15,Central Region,Salima,Kamuzu Road,2225,-13.77,34.44,cereals and tubers,Rice,52,KG,aggregate,Retail,MWK,4000.0,2.32,3,2025,481.8181818181818,2.2668635606880354,True,Severe
2025-06-15,Central Region,Salima,Kamuzu Road,2225,-13.77,34.44,cereals and tubers,Sorghum,65,KG,aggregate,Retail,MWK,786.67,0.45,6,2025,31.11166666666667,1.80747289583641,True,Moderate
2025-07-15,Central Region,Salima,Kamuzu Road,2225,-13.77,34.44,cereals and tubers,Sorghum,65,KG,aggregate,Retail,MWK,1000.0,0.58,7,2025,27.118105431756657,1.9639201452567685,True,Moderate
2025-11-15,Central Region,Salima,Kamuzu Road,2225,-13.77,34.44,cereals and tubers,Sorghum,65,KG,aggregate,Retail,MWK,3500.0,2.02,11,2025,250.0,2.7688419197253107,True,Critical
2025-03-15,Central Region,Salima,Kamuzu Road,2225,-13.77,34.44,miscellaneous food,Sugar,97,KG,aggregate,Retail,MWK,3700.0,2.15,3,2025,348.48484848484844,2.266833800906448,True,Severe
2025-06-15,Central Region,Salima,Kamuzu Road,2225,-13.77,34.44,miscellaneous food,Sugar,97,KG,aggregate,Retail,MWK,4628.33,2.67,6,2025,28.53580166684717,1.6262677780808847,True,Moderate
2025-03-15,Central Region,Salima,Kamuzu Road,2225,-13.77,34.44,cereals and tubers,Sweet potatoes,87,KG,aggregate,Retail,MWK,1111.11,0.64,3,2025,229.21777777777774,2.230542741966257,True,Severe
2025-09-15,Central Region,Salima,Kamuzu Road,2225,-13.77,34.44,cereals and tubers,Sweet potatoes,87,KG,aggregate,Retail,MWK,1111.0,0.64,9,2025,33.32053328213311,1.6904088820483534,True,Moderate
2022-07-15,Central Region,Salima,Thavite,2226,-13.5,34.26,pulses and nuts,Beans,50,KG,aggregate,Retail,MWK,1500.0,1.48,7,2022,42.85714285714286,1.5165035037101962,True,Moderate
2023-06-15,Central Region,Salima,Thavite,2226,-13.5,34.26,pulses and nuts,Beans,50,KG,aggregate,Retail,MWK,1775.0,1.75,6,2023,47.91666666666667,1.7210060032813044,True,Moderate
2025-05-15,Central Region,Salima,Thavite,2226,-13.5,34.26,cereals and tubers,Cassava,68,KG,aggregate,Retail,MWK,3600.0,2.08,5,2025,1052.0,2.265587728298456,True,Severe
2023-11-15,Central Region,Salima,Thavite,2226,-13.5,34.26,pulses and nuts,Cowpeas,218,KG,aggregate,Retail,MWK,1300.0,0.78,11,2023,32.203837979111796,2.5593537582445167,True,Moderate
2024-09-15,Central Region,Salima,Thavite,2226,-13.5,34.26,pulses and nuts,Cowpeas,218,KG,aggregate,Retail,MWK,2050.0,1.19,9,2024,46.428571428571416,1.9169983158140356,True,Moderate
2025-02-15,Central Region,Salima,Thavite,2226,-13.5,34.26,pulses and nuts,Cowpeas,218,KG,aggregate,Retail,MWK,3194.44,1.85,2,2025,20.678790809426317,2.235309884293406,True,Moderate
2026-03-15,Central Region,Salima,Thavite,2226,-13.5,34.26,"meat, fish and eggs","Fish (small, dry)",1334,KG,aggregate,Retail,MWK,16000.0,9.23,3,2026,100.0,2.041241452319315,True,Severe
2025-08-15,Central Region,Salima,Thavite,2226,-13.5,34.26,pulses and nuts,Groundnuts (shelled),119,KG,aggregate,Retail,MWK,6750.0,3.89,8,2025,50.0,1.7672853980212029,True,Moderate
2025-12-15,Central Region,Salima,Thavite,2226,-13.5,34.26,pulses and nuts,Groundnuts (shelled),119,KG,aggregate,Retail,MWK,8125.0,4.69,12,2025,20.370370370370374,1.6795442812734631,True,Moderate
2022-08-15,Central Region,Salima,Thavite,2226,-13.5,34.26,cereals and tubers,Maize,51,KG,aggregate,Retail,MWK,340.0,0.33,8,2022,74.35897435897436,2.981219664564812,True,Critical
2025-09-15,Central Region,Salima,Thavite,2226,-13.5,34.26,cereals and tubers,Maize,51,KG,aggregate,Retail,MWK,1450.0,0.84,9,2025,383.3333333333333,3.120220479735728,True,Critical
2023-01-15,Central Region,Salima,Thavite,2226,-13.5,34.26,cereals and tubers,Maize (new harvest),1229,KG,aggregate,Retail,MWK,500.0,0.5,1,2023,471.42857142857144,2.162889256841616,True,Severe
2023-07-15,Central Region,Salima,Thavite,2226,-13.5,34.26,cereals and tubers,Maize (new harvest),1229,KG,aggregate,Retail,MWK,700.0,0.67,7,2023,39.99999999999999,1.8074412442461294,True,Moderate
2025-01-15,Central Region,Salima,Thavite,2226,-13.5,34.26,cereals and tubers,Maize (new harvest),1229,KG,aggregate,Retail,MWK,1241.18,0.72,1,2025,31.082408355951728,2.243901364275601,True,Moderate
2025-02-15,Central Region,Salima,Thavite,2226,-13.5,34.26,cereals and tubers,Maize (new harvest),1229,KG,aggregate,Retail,MWK,1533.33,0.89,2,2025,23.538084725825414,2.353202164155613,True,Moderate
2025-11-15,Central Region,Salima,Thavite,2226,-13.5,34.26,cereals and tubers,Millet,73,KG,aggregate,Retail,MWK,5250.0,3.03,11,2025,950.0,2.162249469316247,True,Severe
2025-04-15,Central Region,Salima,Thavite,2226,-13.5,34.26,oil and fats,Oil (vegetable),96,L,aggregate,Retail,MWK,7281.25,4.24,4,2025,377.4590163934426,2.261146833242009,True,Severe
2023-09-15,Central Region,Salima,Thavite,2226,-13.5,34.26,pulses and nuts,Pigeon peas,155,KG,aggregate,Retail,MWK,1000.0,0.91,9,2023,33.33333333333333,1.8390181014986646,True,Moderate
2023-11-15,Central Region,Salima,Thavite,2226,-13.5,34.26,pulses and nuts,Pigeon peas,155,KG,aggregate,Retail,MWK,1350.0,0.81,11,2023,35.00000000000001,2.354959306088607,True,Moderate
2024-09-15,Central Region,Salima,Thavite,2226,-13.5,34.26,pulses and nuts,Pigeon peas,155,KG,aggregate,Retail,MWK,2000.0,1.16,9,2024,21.212121212121215,1.921796145050554,True,Moderate
2025-04-15,Central Region,Salima,Thavite,2226,-13.5,34.26,cereals and tubers,Rice,52,KG,aggregate,Retail,MWK,3500.0,2.04,4,2025,522.2222222222223,2.2612706823656548,True,Severe
2025-08-15,Central Region,Salima,Thavite,2226,-13.5,34.26,cereals and tubers,Sorghum,65,KG,aggregate,Retail,MWK,2800.0,1.62,8,2025,300.0,1.9861948394669413,True,Moderate
2025-08-15,Central Region,Salima,Thavite,2226,-13.5,34.26,pulses and nuts,Soybeans,248,KG,aggregate,Retail,MWK,2500.0,1.44,8,2025,25.0,1.5092733495324502,True,Moderate
2026-01-15,Central Region,Salima,Thavite,2226,-13.5,34.26,pulses and nuts,Soybeans,248,KG,aggregate,Retail,MWK,3500.0,2.02,1,2026,48.93617021276595,2.2959541660941647,True,Severe
2025-04-15,Central Region,Salima,Thavite,2226,-13.5,34.26,miscellaneous food,Sugar,97,KG,aggregate,Retail,MWK,3504.17,2.04,4,2025,312.25529411764705,2.2671320410629843,True,Severe
2025-04-15,Central Region,Salima,Thavite,2226,-13.5,34.26,cereals and tubers,Sweet potatoes,87,KG,aggregate,Retail,MWK,722.22,0.42,4,2025,162.62545454545455,2.1082815575777247,True,Severe
2025-08-15,Central Region,Salima,Thavite,2226,-13.5,34.26,cereals and tubers,Sweet potatoes,87,KG,aggregate,Retail,MWK,833.33,0.48,8,2025,150.00150001500018,1.830398906917312,True,Moderate
2025-10-15,Central Region,Salima,Thavite,2226,-13.5,34.26,cereals and tubers,Sweet potatoes,87,KG,aggregate,Retail,MWK,1111.0,0.64,10,2025,33.32053328213311,2.2135207083723776,True,Moderate
2023-01-15,Southern Region,Thyolo,Luchenza,783,-16.01,35.31,pulses and nuts,Beans,50,KG,aggregate,Retail,MWK,1717.71,1.71,1,2023,71.771,1.7484628601746957,True,Moderate
2024-04-15,Southern Region,Thyolo,Luchenza,783,-16.01,35.31,pulses and nuts,Beans,50,KG,aggregate,Retail,MWK,3000.0,1.72,4,2024,50.0,1.8755086559729586,True,Moderate
2024-09-15,Southern Region,Thyolo,Luchenza,783,-16.01,35.31,pulses and nuts,Beans,50,KG,aggregate,Retail,MWK,4125.0,2.39,9,2024,37.5,2.4132011333020933,True,Moderate
2025-03-15,Southern Region,Thyolo,Luchenza,783,-16.01,35.31,pulses and nuts,Beans,50,KG,aggregate,Retail,MWK,6500.0,3.77,3,2025,20.61853183123055,1.9608235663066906,True,Moderate
2024-01-15,Southern Region,Thyolo,Luchenza,783,-16.01,35.31,pulses and nuts,Cowpeas,218,KG,aggregate,Retail,MWK,1676.47,1.01,1,2024,24.18296296296296,1.5809260198054582,True,Moderate
2024-09-15,Southern Region,Thyolo,Luchenza,783,-16.01,35.31,pulses and nuts,Cowpeas,218,KG,aggregate,Retail,MWK,2625.0,1.52,9,2024,40.853383700714716,2.437846633857624,True,Severe
2022-08-15,Southern Region,Thyolo,Luchenza,783,-16.01,35.31,cereals and tubers,Maize,51,KG,aggregate,Retail,MWK,360.0,0.35,8,2022,100.0,1.882205931592024,True,Moderate
2023-07-15,Southern Region,Thyolo,Luchenza,783,-16.01,35.31,cereals and tubers,Maize (new harvest),1229,KG,aggregate,Retail,MWK,756.25,0.73,7,2023,37.5,1.6693303786458569,True,Moderate
2025-01-15,Southern Region,Thyolo,Luchenza,783,-16.01,35.31,cereals and tubers,Maize (new harvest),1229,KG,aggregate,Retail,MWK,1288.24,0.75,1,2025,25.6819512195122,2.204920688162102,True,Moderate
2025-02-15,Southern Region,Thyolo,Luchenza,783,-16.01,35.31,cereals and tubers,Maize (new harvest),1229,KG,aggregate,Retail,MWK,1590.74,0.92,2,2025,23.48164938210271,2.3710884105354104,True,Moderate
2024-01-15,Southern Region,Thyolo,Luchenza,783,-16.01,35.31,pulses and nuts,Pigeon peas,155,KG,aggregate,Retail,MWK,1691.18,1.01,1,2024,25.272592592592602,1.84872954894599,True,Moderate
2024-12-15,Southern Region,Thyolo,Luchenza,783,-16.01,35.31,pulses and nuts,Pigeon peas,155,KG,aggregate,Retail,MWK,2737.5,1.58,12,2024,36.87499999999999,1.6767821922779775,True,Moderate
2025-03-15,Southern Region,Thyolo,Luncheza,3627,-16.02,35.31,pulses and nuts,Beans,50,KG,aggregate,Retail,MWK,7000.0,4.06,3,2025,677.7777777777777,2.265971380022993,True,Severe
2025-04-15,Southern Region,Thyolo,Luncheza,3627,-16.02,35.31,cereals and tubers,Cassava,68,KG,aggregate,Retail,MWK,4000.0,2.33,4,2025,2062.162162162162,2.266263986344805,True,Severe
2025-03-15,Southern Region,Thyolo,Luncheza,3627,-16.02,35.31,pulses and nuts,Cowpeas,218,KG,aggregate,Retail,MWK,3000.0,1.74,3,2025,400.0,2.2642804985719436,True,Severe
2025-04-15,Southern Region,Thyolo,Luncheza,3627,-16.02,35.31,pulses and nuts,Cowpeas,218,KG,aggregate,Retail,MWK,3800.0,2.21,4,2025,26.66666666666666,1.907765122920958,True,Moderate
2026-04-15,Southern Region,Thyolo,Luncheza,3627,-16.02,35.31,pulses and nuts,Cowpeas,218,KG,aggregate,Retail,MWK,4500.0,2.6,4,2026,37.31736790069209,1.9792746869887632,True,Moderate
2026-02-15,Southern Region,Thyolo,Luncheza,3627,-16.02,35.31,vegetables and fruits,Exotic vegetables,1335,KG,aggregate,Retail,MWK,1340.0,0.77,2,2026,155.2380952380952,1.7007988956561664,True,Moderate
2026-02-15,Southern Region,Thyolo,Luncheza,3627,-16.02,35.31,vegetables and fruits,Local vegetables,1333,KG,aggregate,Retail,MWK,1600.0,0.92,2,2026,276.4705882352941,1.7476293889283305,True,Moderate
2022-08-15,Southern Region,Thyolo,Luncheza,3627,-16.02,35.31,cereals and tubers,Maize,51,KG,aggregate,Retail,MWK,360.0,0.35,8,2022,56.52173913043479,2.9320995059646675,True,Severe
2025-03-15,Southern Region,Thyolo,Luncheza,3627,-16.02,35.31,cereals and tubers,Maize,51,KG,aggregate,Retail,MWK,1800.0,1.04,3,2025,400.0,3.153939741351675,True,Critical
2025-03-15,Southern Region,Thyolo,Luncheza,3627,-16.02,35.31,cereals and tubers,Maize (new harvest),1229,KG,aggregate,Retail,MWK,1100.0,0.64,3,2025,780.0000000000001,2.2573322158883045,True,Severe
2025-04-15,Southern Region,Thyolo,Luncheza,3627,-16.02,35.31,cereals and tubers,Millet,73,KG,aggregate,Retail,MWK,2000.0,1.16,4,2025,566.6666666666667,2.0402891108349697,True,Severe
2025-09-15,Southern Region,Thyolo,Luncheza,3627,-16.02,35.31,cereals and tubers,Millet,73,KG,aggregate,Retail,MWK,2800.0,1.62,9,2025,261.2903225806451,2.056101840050376,True,Severe
2026-02-15,Southern Region,Thyolo,Luncheza,3627,-16.02,35.31,cereals and tubers,Millet,73,KG,aggregate,Retail,MWK,3500.0,2.02,2,2026,250.0,2.184652666096396,True,Severe
2025-03-15,Southern Region,Thyolo,Luncheza,3627,-16.02,35.31,oil and fats,Oil (vegetable),96,L,aggregate,Retail,MWK,7000.0,4.06,3,2025,311.7647058823529,2.255347177803894,True,Severe
2026-04-15,Southern Region,Thyolo,Luncheza,3627,-16.02,35.31,oil and fats,Oil (vegetable),96,L,aggregate,Retail,MWK,10000.0,5.77,4,2026,29.81752848196575,2.5292788212701023,True,Moderate
2025-03-15,Southern Region,Thyolo,Luncheza,3627,-16.02,35.31,pulses and nuts,Pigeon peas,155,KG,aggregate,Retail,MWK,3000.0,1.74,3,2025,361.5384615384615,2.2408785659718116,True,Severe
2025-03-15,Southern Region,Thyolo,Luncheza,3627,-16.02,35.31,cereals and tubers,Rice,52,KG,aggregate,Retail,MWK,4500.0,2.61,3,2025,462.5,2.2673443769829777,True,Severe
2025-03-15,Southern Region,Thyolo,Luncheza,3627,-16.02,35.31,cereals and tubers,Sorghum,65,KG,aggregate,Retail,MWK,2000.0,1.16,3,2025,400.0,2.2608237639520037,True,Severe
2025-09-15,Southern Region,Thyolo,Luncheza,3627,-16.02,35.31,cereals and tubers,Sorghum,65,KG,aggregate,Retail,MWK,3000.0,1.73,9,2025,275.0,2.0455571162966546,True,Severe
2025-03-15,Southern Region,Thyolo,Luncheza,3627,-16.02,35.31,miscellaneous food,Sugar,97,KG,aggregate,Retail,MWK,3600.0,2.09,3,2025,317.39130434782606,2.2673096222726303,True,Severe
2025-06-15,Southern Region,Thyolo,Luncheza,3627,-16.02,35.31,miscellaneous food,Sugar,97,KG,aggregate,Retail,MWK,4998.33,2.88,6,2025,33.86459625000335,1.752029106416408,True,Moderate
2025-03-15,Southern Region,Thyolo,Luncheza,3627,-16.02,35.31,cereals and tubers,Sweet potatoes,87,KG,aggregate,Retail,MWK,555.56,0.32,3,2025,93.2382608695652,2.177487074507993,True,Severe
2025-04-15,Southern Region,Thyolo,Luncheza,3627,-16.02,35.31,cereals and tubers,Sweet potatoes,87,KG,aggregate,Retail,MWK,902.78,0.53,4,2025,62.49910000719996,2.2454869848709014,True,Severe
2025-09-15,Southern Region,Thyolo,Luncheza,3627,-16.02,35.31,cereals and tubers,Sweet potatoes,87,KG,aggregate,Retail,MWK,1111.0,0.64,9,2025,33.32053328213311,1.8281746480951102,True,Moderate
2026-02-15,Southern Region,Thyolo,Luncheza,3627,-16.02,35.31,vegetables and fruits,Tomatoes,114,KG,aggregate,Retail,MWK,3000.0,1.73,2,2026,25.0,1.5016251359045931,True,Moderate
2023-01-15,Southern Region,Thyolo,Thekerani,2231,-16.32,35.2,pulses and nuts,Beans,50,KG,aggregate,Retail,MWK,1700.0,1.69,1,2023,41.66666666666667,1.8485896436926663,True,Moderate
2024-01-15,Southern Region,Thyolo,Thekerani,2231,-16.32,35.2,pulses and nuts,Beans,50,KG,aggregate,Retail,MWK,2732.35,1.64,1,2024,30.11190476190475,2.3677608246854973,True,Moderate
2024-05-15,Southern Region,Thyolo,Thekerani,2231,-16.32,35.2,pulses and nuts,Beans,50,KG,aggregate,Retail,MWK,4000.0,2.31,5,2024,33.33333333333333,2.3603485390282946,True,Moderate
2024-09-15,Southern Region,Thyolo,Thekerani,2231,-16.32,35.2,pulses and nuts,Beans,50,KG,aggregate,Retail,MWK,4300.0,2.49,9,2024,22.857142857142865,1.8393698011598165,True,Moderate
2024-10-15,Southern Region,Thyolo,Thekerani,2231,-16.32,35.2,pulses and nuts,Beans,50,KG,aggregate,Retail,MWK,13550.0,7.81,10,2024,215.11627906976742,3.0727822292006777,True,Critical
2025-04-15,Southern Region,Thyolo,Thekerani,2231,-16.32,35.2,cereals and tubers,Cassava,68,KG,aggregate,Retail,MWK,3000.0,1.75,4,2025,990.9090909090909,2.267070367067227,True,Severe
2023-01-15,Southern Region,Thyolo,Thekerani,2231,-16.32,35.2,pulses and nuts,Cowpeas,218,KG,aggregate,Retail,MWK,889.06,0.88,1,2023,77.812,2.1815608068335397,True,Severe
2023-04-15,Southern Region,Thyolo,Thekerani,2231,-16.32,35.2,pulses and nuts,Cowpeas,218,KG,aggregate,Retail,MWK,1400.0,1.38,4,2023,55.55555555555556,2.269085811338802,True,Severe
2023-10-15,Southern Region,Thyolo,Thekerani,2231,-16.32,35.2,pulses and nuts,Cowpeas,218,KG,aggregate,Retail,MWK,1350.0,1.18,10,2023,35.00000000000001,1.6460103680808684,True,Moderate
2024-02-15,Southern Region,Thyolo,Thekerani,2231,-16.32,35.2,pulses and nuts,Cowpeas,218,KG,aggregate,Retail,MWK,2233.33,1.34,2,2024,33.68510526221276,2.3039693514483317,True,Moderate
2024-12-15,Southern Region,Thyolo,Thekerani,2231,-16.32,35.2,pulses and nuts,Cowpeas,218,KG,aggregate,Retail,MWK,2846.87,1.64,12,2024,26.527555555555548,1.6976940127715183,True,Moderate
2025-04-15,Southern Region,Thyolo,Thekerani,2231,-16.32,35.2,pulses and nuts,Cowpeas,218,KG,aggregate,Retail,MWK,4000.0,2.33,4,2025,33.33333333333333,2.1581768514119766,True,Moderate
2022-08-15,Southern Region,Thyolo,Thekerani,2231,-16.32,35.2,cereals and tubers,Maize,51,KG,aggregate,Retail,MWK,352.5,0.35,8,2022,62.06896551724137,2.66640345862932,True,Critical
2025-09-15,Southern Region,Thyolo,Thekerani,2231,-16.32,35.2,cereals and tubers,Maize,51,KG,aggregate,Retail,MWK,1578.26,0.91,9,2025,350.93142857142857,3.1241328514898505,True,Critical
2023-01-15,Southern Region,Thyolo,Thekerani,2231,-16.32,35.2,cereals and tubers,Maize (new harvest),1229,KG,aggregate,Retail,MWK,532.5,0.53,1,2023,280.35714285714283,2.2389494620264605,True,Severe
2023-07-15,Southern Region,Thyolo,Thekerani,2231,-16.32,35.2,cereals and tubers,Maize (new harvest),1229,KG,aggregate,Retail,MWK,700.0,0.67,7,2023,39.99999999999999,1.6650387952791326,True,Moderate
2024-11-15,Southern Region,Thyolo,Thekerani,2231,-16.32,35.2,cereals and tubers,Maize (new harvest),1229,KG,aggregate,Retail,MWK,1075.0,0.62,11,2024,20.44817927170868,1.5588709752432375,True,Moderate
2025-01-15,Southern Region,Thyolo,Thekerani,2231,-16.32,35.2,cereals and tubers,Maize (new harvest),1229,KG,aggregate,Retail,MWK,1485.29,0.87,1,2025,25.738835978835972,2.2809525122829952,True,Moderate
2021-03-15,Southern Region,Thyolo,Thekerani,2231,-16.32,35.2,cereals and tubers,Millet,73,KG,aggregate,Retail,MWK,400.0,0.52,3,2021,77.77777777777777,1.571831177580836,True,Moderate
2025-06-15,Southern Region,Thyolo,Thekerani,2231,-16.32,35.2,cereals and tubers,Millet,73,KG,aggregate,Retail,MWK,800.0,0.46,6,2025,100.0,1.960313191044747,True,Moderate
2025-11-15,Southern Region,Thyolo,Thekerani,2231,-16.32,35.2,cereals and tubers,Millet,73,KG,aggregate,Retail,MWK,2000.0,1.15,11,2025,150.0,2.1598967758332916,True,Severe
2025-03-15,Southern Region,Thyolo,Thekerani,2231,-16.32,35.2,oil and fats,Oil (vegetable),96,L,aggregate,Retail,MWK,6800.0,3.95,3,2025,325.0,2.259211617463777,True,Severe
2023-01-15,Southern Region,Thyolo,Thekerani,2231,-16.32,35.2,pulses and nuts,Pigeon peas,155,KG,aggregate,Retail,MWK,743.75,0.74,1,2023,23.958333333333325,1.5828699420774237,True,Moderate
2023-09-15,Southern Region,Thyolo,Thekerani,2231,-16.32,35.2,pulses and nuts,Pigeon peas,155,KG,aggregate,Retail,MWK,1000.0,0.91,9,2023,53.846153846153854,2.342184623717764,True,Severe
2024-01-15,Southern Region,Thyolo,Thekerani,2231,-16.32,35.2,pulses and nuts,Pigeon peas,155,KG,aggregate,Retail,MWK,1658.82,1.0,1,2024,22.87555555555556,2.0564434323319065,True,Moderate
2024-02-15,Southern Region,Thyolo,Thekerani,2231,-16.32,35.2,pulses and nuts,Pigeon peas,155,KG,aggregate,Retail,MWK,2209.09,1.33,2,2024,33.17237554406145,2.3128850204664966,True,Moderate
2021-04-15,Southern Region,Thyolo,Thekerani,2231,-16.32,35.2,cereals and tubers,Potatoes,83,KG,aggregate,Retail,MWK,850.0,1.09,4,2021,21.42857142857142,1.9123933445559913,True,Moderate
2025-04-15,Southern Region,Thyolo,Thekerani,2231,-16.32,35.2,cereals and tubers,Rice,52,KG,aggregate,Retail,MWK,4000.0,2.33,4,2025,400.0,2.26709177593715,True,Severe
2025-05-15,Southern Region,Thyolo,Thekerani,2231,-16.32,35.2,cereals and tubers,Rice,52,KG,aggregate,Retail,MWK,5000.0,2.88,5,2025,25.0,1.8875493836341186,True,Moderate
2025-06-15,Southern Region,Thyolo,Thekerani,2231,-16.32,35.2,cereals and tubers,Sorghum,65,KG,aggregate,Retail,MWK,800.0,0.46,6,2025,113.33333333333333,2.016140745536688,True,Severe
2025-07-15,Southern Region,Thyolo,Thekerani,2231,-16.32,35.2,cereals and tubers,Sorghum,65,KG,aggregate,Retail,MWK,1000.0,0.58,7,2025,25.0,1.773069742811005,True,Moderate
2025-11-15,Southern Region,Thyolo,Thekerani,2231,-16.32,35.2,cereals and tubers,Sorghum,65,KG,aggregate,Retail,MWK,2000.0,1.15,11,2025,100.0,2.2599721994679296,True,Severe
2025-10-15,Southern Region,Thyolo,Thekerani,2231,-16.32,35.2,pulses and nuts,Soybeans,248,KG,aggregate,Retail,MWK,3333.33,1.92,10,2025,33.3332,1.873108996042209,True,Moderate
2025-03-15,Southern Region,Thyolo,Thekerani,2231,-16.32,35.2,miscellaneous food,Sugar,97,KG,aggregate,Retail,MWK,3700.0,2.15,3,2025,337.8698224852071,2.227187342720406,True,Severe
2025-06-15,Southern Region,Thyolo,Thekerani,2231,-16.32,35.2,miscellaneous food,Sugar,97,KG,aggregate,Retail,MWK,5148.33,2.97,6,2025,30.97910014883034,1.7249333638055158,True,Moderate
2021-03-15,Southern Region,Thyolo,Thekerani,2231,-16.32,35.2,cereals and tubers,Sweet potatoes,87,KG,aggregate,Retail,MWK,375.0,0.48,3,2021,25.0,1.7731786722300351,True,Moderate
2025-03-15,Southern Region,Thyolo,Thekerani,2231,-16.32,35.2,cereals and tubers,Sweet potatoes,87,KG,aggregate,Retail,MWK,555.56,0.32,3,2025,70.94153846153843,2.161206488752893,True,Severe
2025-09-15,Southern Region,Thyolo,Thekerani,2231,-16.32,35.2,cereals and tubers,Sweet potatoes,87,KG,aggregate,Retail,MWK,1111.0,0.64,9,2025,99.97840017279864,2.2645815970765657,True,Severe
2023-01-15,Southern Region,Thyolo,Thyolo Boma,2232,-16.07,35.15,pulses and nuts,Beans,50,KG,aggregate,Retail,MWK,1886.46,1.87,1,2023,79.66285714285715,1.94093797992611,True,Moderate
2023-07-15,Southern Region,Thyolo,Thyolo Boma,2232,-16.07,35.15,pulses and nuts,Beans,50,KG,aggregate,Retail,MWK,2362.5,2.28,7,2023,31.25,1.9229551849476025,True,Moderate
2024-05-15,Southern Region,Thyolo,Thyolo Boma,2232,-16.07,35.15,pulses and nuts,Beans,50,KG,aggregate,Retail,MWK,3850.0,2.22,5,2024,39.15645884763994,2.088380476176255,True,Moderate
2025-03-15,Southern Region,Thyolo,Thyolo Boma,2232,-16.07,35.15,cereals and tubers,Cassava,68,KG,aggregate,Retail,MWK,4000.0,2.32,3,2025,1042.857142857143,2.266783799267763,True,Severe
2023-01-15,Southern Region,Thyolo,Thyolo Boma,2232,-16.07,35.15,pulses and nuts,Cowpeas,218,KG,aggregate,Retail,MWK,908.33,0.9,1,2023,81.66600000000001,1.7014060268672786,True,Moderate
2023-11-15,Southern Region,Thyolo,Thyolo Boma,2232,-16.07,35.15,pulses and nuts,Cowpeas,218,KG,aggregate,Retail,MWK,1650.0,0.99,11,2023,22.524449196907923,2.0454754155287436,True,Moderate
2025-03-15,Southern Region,Thyolo,Thyolo Boma,2232,-16.07,35.15,pulses and nuts,Cowpeas,218,KG,aggregate,Retail,MWK,4000.0,2.32,3,2025,33.33333333333333,2.187633673674287,True,Moderate
2025-11-15,Southern Region,Thyolo,Thyolo Boma,2232,-16.07,35.15,pulses and nuts,Cowpeas,218,KG,aggregate,Retail,MWK,5187.5,2.99,11,2025,130.23629456043176,2.2393578888521883,True,Severe
2025-12-15,Southern Region,Thyolo,Thyolo Boma,2232,-16.07,35.15,vegetables and fruits,Exotic vegetables,1335,KG,aggregate,Retail,MWK,550.0,0.32,12,2025,120.00000000000001,1.5,True,Moderate
2026-01-15,Southern Region,Thyolo,Thyolo Boma,2232,-16.07,35.15,vegetables and fruits,Exotic vegetables,1335,KG,aggregate,Retail,MWK,1170.0,0.67,1,2026,112.72727272727275,1.6916925392324071,True,Moderate
2026-01-15,Southern Region,Thyolo,Thyolo Boma,2232,-16.07,35.15,vegetables and fruits,Local vegetables,1333,KG,aggregate,Retail,MWK,5400.0,3.11,1,2026,1442.857142857143,1.7875230141226843,True,Moderate
2022-01-15,Southern Region,Thyolo,Thyolo Boma,2232,-16.07,35.15,cereals and tubers,Maize,51,KG,aggregate,Retail,MWK,225.0,0.28,1,2022,25.0,2.283533043077259,True,Moderate
2022-08-15,Southern Region,Thyolo,Thyolo Boma,2232,-16.07,35.15,cereals and tubers,Maize,51,KG,aggregate,Retail,MWK,355.0,0.35,8,2022,57.77777777777777,3.0273738919016973,True,Severe
2025-03-15,Southern Region,Thyolo,Thyolo Boma,2232,-16.07,35.15,cereals and tubers,Maize,51,KG,aggregate,Retail,MWK,1200.0,0.7,3,2025,238.0281690140845,3.0908984871746052,True,Critical
2025-09-15,Southern Region,Thyolo,Thyolo Boma,2232,-16.07,35.15,cereals and tubers,Maize,51,KG,aggregate,Retail,MWK,1564.44,0.9,9,2025,30.370000000000008,2.0962415674660693,True,Moderate
2023-01-15,Southern Region,Thyolo,Thyolo Boma,2232,-16.07,35.15,cereals and tubers,Maize (new harvest),1229,KG,aggregate,Retail,MWK,523.44,0.52,1,2023,182.94054054054055,2.2506304698127466,True,Severe
2023-07-15,Southern Region,Thyolo,Thyolo Boma,2232,-16.07,35.15,cereals and tubers,Maize (new harvest),1229,KG,aggregate,Retail,MWK,734.37,0.71,7,2023,33.52181818181818,1.5898669308502178,True,Moderate
2025-01-15,Southern Region,Thyolo,Thyolo Boma,2232,-16.07,35.15,cereals and tubers,Maize (new harvest),1229,KG,aggregate,Retail,MWK,1441.18,0.84,1,2025,28.10488888888889,2.425045650416857,True,Moderate
2025-03-15,Southern Region,Thyolo,Thyolo Boma,2232,-16.07,35.15,cereals and tubers,Millet,73,KG,aggregate,Retail,MWK,2500.0,1.45,3,2025,640.7407407407408,1.787173380058851,True,Moderate
2021-04-15,Southern Region,Thyolo,Thyolo Boma,2232,-16.07,35.15,oil and fats,Oil (vegetable),96,L,aggregate,Retail,MWK,1450.0,1.87,4,2021,20.833333333333325,1.5798322492557086,True,Moderate
2025-03-15,Southern Region,Thyolo,Thyolo Boma,2232,-16.07,35.15,oil and fats,Oil (vegetable),96,L,aggregate,Retail,MWK,7500.0,4.35,3,2025,417.2413793103448,2.26337968952221,True,Severe
2023-09-15,Southern Region,Thyolo,Thyolo Boma,2232,-16.07,35.15,pulses and nuts,Pigeon peas,155,KG,aggregate,Retail,MWK,1133.33,1.04,9,2023,49.12236842105262,2.120753130238209,True,Severe
2023-12-15,Southern Region,Thyolo,Thyolo Boma,2232,-16.07,35.15,pulses and nuts,Pigeon peas,155,KG,aggregate,Retail,MWK,1475.0,0.88,12,2023,22.916666666666675,2.0248464728283193,True,Moderate
2024-01-15,Southern Region,Thyolo,Thyolo Boma,2232,-16.07,35.15,pulses and nuts,Pigeon peas,155,KG,aggregate,Retail,MWK,1938.24,1.16,1,2024,31.406101694915243,2.3439005932101913,True,Moderate
2025-03-15,Southern Region,Thyolo,Thyolo Boma,2232,-16.07,35.15,cereals and tubers,Rice,52,KG,aggregate,Retail,MWK,5000.0,2.9,3,2025,566.6666666666667,2.266243769275558,True,Severe
2025-03-15,Southern Region,Thyolo,Thyolo Boma,2232,-16.07,35.15,cereals and tubers,Sorghum,65,KG,aggregate,Retail,MWK,2500.0,1.45,3,2025,733.3333333333334,2.264518681593417,True,Severe
2025-12-15,Southern Region,Thyolo,Thyolo Boma,2232,-16.07,35.15,pulses and nuts,Soybeans,248,KG,aggregate,Retail,MWK,2550.0,1.47,12,2025,27.499999999999993,1.7370073409271976,True,Moderate
2025-03-15,Southern Region,Thyolo,Thyolo Boma,2232,-16.07,35.15,miscellaneous food,Sugar,97,KG,aggregate,Retail,MWK,3600.0,2.09,3,2025,323.5294117647059,2.2669842371371596,True,Severe
2025-06-15,Southern Region,Thyolo,Thyolo Boma,2232,-16.07,35.15,miscellaneous food,Sugar,97,KG,aggregate,Retail,MWK,4988.33,2.88,6,2025,22.3886785694132,1.6838907451713265,True,Moderate
2025-03-15,Southern Region,Thyolo,Thyolo Boma,2232,-16.07,35.15,cereals and tubers,Sweet potatoes,87,KG,aggregate,Retail,MWK,1111.11,0.64,3,2025,241.87999999999997,2.2326003883114565,True,Severe
2025-09-15,Southern Region,Thyolo,Thyolo Boma,2232,-16.07,35.15,cereals and tubers,Sweet potatoes,87,KG,aggregate,Retail,MWK,1111.0,0.64,9,2025,59.98502390415297,1.6167937899016955,True,Moderate
2024-09-15,Southern Region,Zomba,Chinamwali,2122,-15.38,35.36,pulses and nuts,Beans,50,KG,aggregate,Retail,MWK,4000.0,2.32,9,2024,33.33333333333333,2.3027159193548137,True,Moderate
2025-02-15,Southern Region,Zomba,Chinamwali,2122,-15.38,35.36,pulses and nuts,Beans,50,KG,aggregate,Retail,MWK,6000.0,3.48,2,2025,50.0,2.526771296529254,True,Severe
2023-11-15,Southern Region,Zomba,Chinamwali,2122,-15.38,35.36,pulses and nuts,Cowpeas,218,KG,aggregate,Retail,MWK,2000.0,1.2,11,2023,73.91304347826086,2.2137094867572764,True,Severe
2024-09-15,Southern Region,Zomba,Chinamwali,2122,-15.38,35.36,pulses and nuts,Cowpeas,218,KG,aggregate,Retail,MWK,3000.0,1.74,9,2024,50.0,2.357178692596532,True,Severe
2025-04-15,Southern Region,Zomba,Chinamwali,2122,-15.38,35.36,pulses and nuts,Cowpeas,218,KG,aggregate,Retail,MWK,4250.0,2.48,4,2025,34.21038504169995,1.9627729817708646,True,Moderate
2026-01-15,Southern Region,Zomba,Chinamwali,2122,-15.38,35.36,pulses and nuts,Cowpeas,218,KG,aggregate,Retail,MWK,5312.5,3.06,1,2026,41.98205614070722,2.0489281119429976,True,Severe
2025-10-15,Southern Region,Zomba,Chinamwali,2122,-15.38,35.36,pulses and nuts,Groundnuts (shelled),119,KG,aggregate,Retail,MWK,8791.67,5.07,10,2025,46.52783333333333,1.731160460067141,True,Moderate
2025-11-15,Southern Region,Zomba,Chinamwali,2122,-15.38,35.36,pulses and nuts,Groundnuts (shelled),119,KG,aggregate,Retail,MWK,10906.25,6.29,11,2025,24.05208566745567,1.6574289171582381,True,Moderate
2026-02-15,Southern Region,Zomba,Chinamwali,2122,-15.38,35.36,vegetables and fruits,Local vegetables,1333,KG,aggregate,Retail,MWK,2000.0,1.15,2,2026,566.6666666666667,1.7746658916447295,True,Moderate
2022-09-15,Southern Region,Zomba,Chinamwali,2122,-15.38,35.36,cereals and tubers,Maize,51,KG,aggregate,Retail,MWK,351.5,0.35,9,2022,75.75,2.8356045561271697,True,Critical
2025-04-15,Southern Region,Zomba,Chinamwali,2122,-15.38,35.36,cereals and tubers,Maize,51,KG,aggregate,Retail,MWK,950.0,0.55,4,2025,170.27027027027026,3.055488529790332,True,Critical
2025-09-15,Southern Region,Zomba,Chinamwali,2122,-15.38,35.36,cereals and tubers,Maize,51,KG,aggregate,Retail,MWK,1265.63,0.73,9,2025,33.224210526315815,2.495742126580416,True,Moderate
2024-01-15,Southern Region,Zomba,Chinamwali,2122,-15.38,35.36,cereals and tubers,Maize (new harvest),1229,KG,aggregate,Retail,MWK,1550.0,0.93,1,2024,63.1578947368421,2.5792505091751896,True,Critical
2025-02-15,Southern Region,Zomba,Chinamwali,2122,-15.38,35.36,cereals and tubers,Maize (new harvest),1229,KG,aggregate,Retail,MWK,1445.83,0.84,2,2025,70.09764705882353,1.8751570689871195,True,Moderate
2023-11-15,Southern Region,Zomba,Chinamwali,2122,-15.38,35.36,pulses and nuts,Pigeon peas,155,KG,aggregate,Retail,MWK,1525.0,0.91,11,2023,27.083333333333325,1.5499272055722004,True,Moderate
2024-02-15,Southern Region,Zomba,Chinamwali,2122,-15.38,35.36,pulses and nuts,Pigeon peas,155,KG,aggregate,Retail,MWK,2000.0,1.2,2,2024,21.212121212121215,1.6907994500742567,True,Moderate
2025-02-15,Southern Region,Zomba,Chinamwali,2122,-15.38,35.36,pulses and nuts,Pigeon peas,155,KG,aggregate,Retail,MWK,3069.44,1.78,2,2025,53.47200000000001,2.324947802551095,True,Severe
2025-04-15,Southern Region,Zomba,Chinamwali,2122,-15.38,35.36,pulses and nuts,Pigeon peas,155,KG,aggregate,Retail,MWK,4250.0,2.48,4,2025,34.21038504169995,2.2505736920779364,True,Moderate
2023-06-15,Southern Region,Zomba,Jali,778,-15.5,35.47,pulses and nuts,Beans,50,KG,aggregate,Retail,MWK,1681.25,1.65,6,2023,23.621323529411775,1.7151647309283569,True,Moderate
2024-01-15,Southern Region,Zomba,Jali,778,-15.5,35.47,pulses and nuts,Beans,50,KG,aggregate,Retail,MWK,2800.0,1.68,1,2024,41.77215189873418,2.1267760752377107,True,Severe
2024-02-15,Southern Region,Zomba,Jali,778,-15.5,35.47,pulses and nuts,Beans,50,KG,aggregate,Retail,MWK,3500.0,2.1,2,2024,25.0,2.380935984326116,True,Moderate
2024-09-15,Southern Region,Zomba,Jali,778,-15.5,35.47,pulses and nuts,Beans,50,KG,aggregate,Retail,MWK,4250.0,2.46,9,2024,21.42857142857142,1.9750086448416562,True,Moderate
2025-08-15,Southern Region,Zomba,Jali,778,-15.5,35.47,cereals and tubers,Cassava,68,KG,aggregate,Retail,MWK,2800.0,1.62,8,2025,600.0,2.4748737341529163,True,Severe
2023-11-15,Southern Region,Zomba,Jali,778,-15.5,35.47,pulses and nuts,Cowpeas,218,KG,aggregate,Retail,MWK,1750.0,1.05,11,2023,48.93617021276595,2.6716046380894003,True,Severe
2024-09-15,Southern Region,Zomba,Jali,778,-15.5,35.47,pulses and nuts,Cowpeas,218,KG,aggregate,Retail,MWK,3000.0,1.74,9,2024,50.0,2.3107199087474233,True,Severe
2026-01-15,Southern Region,Zomba,Jali,778,-15.5,35.47,vegetables and fruits,Exotic vegetables,1335,KG,aggregate,Retail,MWK,2000.0,1.15,1,2026,166.66666666666666,1.7221202178760553,True,Moderate
2025-09-15,Southern Region,Zomba,Jali,778,-15.5,35.47,pulses and nuts,Groundnuts (shelled),119,KG,aggregate,Retail,MWK,7000.0,4.04,9,2025,21.739130434782616,1.506579169628861,True,Moderate
2022-01-15,Southern Region,Zomba,Jali,778,-15.5,35.47,cereals and tubers,Maize,51,KG,aggregate,Retail,MWK,190.0,0.23,1,2022,26.66666666666666,1.6333574743614383,True,Moderate
2022-09-15,Southern Region,Zomba,Jali,778,-15.5,35.47,cereals and tubers,Maize,51,KG,aggregate,Retail,MWK,334.0,0.33,9,2022,75.78947368421052,2.9700193299977515,True,Critical
2025-04-15,Southern Region,Zomba,Jali,778,-15.5,35.47,cereals and tubers,Maize,51,KG,aggregate,Retail,MWK,910.0,0.53,4,2025,172.45508982035926,3.077990782060103,True,Critical
2025-09-15,Southern Region,Zomba,Jali,778,-15.5,35.47,cereals and tubers,Maize,51,KG,aggregate,Retail,MWK,1300.0,0.75,9,2025,44.44444444444444,2.2456545949222786,True,Severe
2023-04-15,Southern Region,Zomba,Jali,778,-15.5,35.47,cereals and tubers,Maize (new harvest),1229,KG,aggregate,Retail,MWK,675.0,0.67,4,2023,462.5,2.4331760278248815,True,Severe
2023-07-15,Southern Region,Zomba,Jali,778,-15.5,35.47,cereals and tubers,Maize (new harvest),1229,KG,aggregate,Retail,MWK,686.67,0.66,7,2023,37.334,1.6434376548022753,True,Moderate
2025-02-15,Southern Region,Zomba,Jali,778,-15.5,35.47,cereals and tubers,Maize (new harvest),1229,KG,aggregate,Retail,MWK,1425.0,0.83,2,2025,67.64705882352942,2.6491108997170305,True,Critical
2025-12-15,Southern Region,Zomba,Jali,778,-15.5,35.47,cereals and tubers,Millet,73,KG,aggregate,Retail,MWK,8000.0,4.61,12,2025,130.0318018966122,1.7697097895576823,True,Moderate
2025-04-15,Southern Region,Zomba,Jali,778,-15.5,35.47,oil and fats,Oil (vegetable),96,L,aggregate,Retail,MWK,8100.0,4.72,4,2025,406.25,2.4745840648771527,True,Severe
2023-09-15,Southern Region,Zomba,Jali,778,-15.5,35.47,pulses and nuts,Pigeon peas,155,KG,aggregate,Retail,MWK,1250.0,1.14,9,2023,66.66666666666667,2.680129596677348,True,Critical
2024-01-15,Southern Region,Zomba,Jali,778,-15.5,35.47,pulses and nuts,Pigeon peas,155,KG,aggregate,Retail,MWK,1797.06,1.08,1,2024,26.109473684210528,2.07300101604517,True,Moderate
2025-02-15,Southern Region,Zomba,Jali,778,-15.5,35.47,pulses and nuts,Pigeon peas,155,KG,aggregate,Retail,MWK,2270.83,1.32,2,2025,51.38866666666666,1.7818631537834477,True,Moderate
2025-05-15,Southern Region,Zomba,Jali,778,-15.5,35.47,pulses and nuts,Pigeon peas,155,KG,aggregate,Retail,MWK,3500.0,2.02,5,2025,50.000214286020416,2.436555562966232,True,Severe
2025-04-15,Southern Region,Zomba,Jali,778,-15.5,35.47,cereals and tubers,Rice,52,KG,aggregate,Retail,MWK,5000.0,2.91,4,2025,900.0,2.469731393337474,True,Severe
2025-09-15,Southern Region,Zomba,Jali,778,-15.5,35.47,cereals and tubers,Sorghum,65,KG,aggregate,Retail,MWK,1200.0,0.69,9,2025,700.0,1.7886366855057403,True,Moderate
2025-12-15,Southern Region,Zomba,Jali,778,-15.5,35.47,cereals and tubers,Sorghum,65,KG,aggregate,Retail,MWK,3500.0,2.02,12,2025,341.81320137845717,2.3257990326851683,True,Severe
2025-04-15,Southern Region,Zomba,Jali,778,-15.5,35.47,miscellaneous food,Sugar,97,KG,aggregate,Retail,MWK,3700.0,2.15,4,2025,362.5,2.474873734152916,True,Severe
2025-05-15,Southern Region,Zomba,Jali,778,-15.5,35.47,miscellaneous food,Sugar,97,KG,aggregate,Retail,MWK,4690.74,2.71,5,2025,26.776756756756747,2.066606930264084,True,Moderate
2025-04-15,Southern Region,Zomba,Jali,778,-15.5,35.47,cereals and tubers,Sweet potatoes,87,KG,aggregate,Retail,MWK,833.33,0.49,4,2025,66.666,2.4748737341529163,True,Severe
2025-10-15,Southern Region,Zomba,Jali,778,-15.5,35.47,cereals and tubers,Sweet potatoes,87,KG,aggregate,Retail,MWK,1111.0,0.64,10,2025,33.3733493397359,2.43197357356046,True,Moderate
2024-01-15,Southern Region,Zomba,Mayaka,788,-15.58,35.37,pulses and nuts,Beans,50,KG,aggregate,Retail,MWK,2794.12,1.68,1,2024,39.705999999999996,2.2327982802713966,True,Moderate
2024-09-15,Southern Region,Zomba,Mayaka,788,-15.58,35.37,pulses and nuts,Beans,50,KG,aggregate,Retail,MWK,4000.0,2.32,9,2024,33.33333333333333,2.2276262953084878,True,Moderate
2025-02-15,Southern Region,Zomba,Mayaka,788,-15.58,35.37,pulses and nuts,Beans,50,KG,aggregate,Retail,MWK,5000.0,2.9,2,2025,25.0,1.8255348990260485,True,Moderate
2025-04-15,Southern Region,Zomba,Mayaka,788,-15.58,35.37,pulses and nuts,Beans,50,KG,aggregate,Retail,MWK,6166.67,3.59,4,2025,23.333399999999994,2.0142816840312716,True,Moderate
2025-09-15,Southern Region,Zomba,Mayaka,788,-15.58,35.37,pulses and nuts,Beans,50,KG,aggregate,Retail,MWK,5939.13,3.43,9,2025,48.47825000000001,1.566847545500546,True,Moderate
2023-04-15,Southern Region,Zomba,Mayaka,788,-15.58,35.37,pulses and nuts,Cowpeas,218,KG,aggregate,Retail,MWK,1000.0,0.99,4,2023,81.81818181818181,1.7413844179849276,True,Moderate
2023-09-15,Southern Region,Zomba,Mayaka,788,-15.58,35.37,pulses and nuts,Cowpeas,218,KG,aggregate,Retail,MWK,1200.0,1.1,9,2023,33.33333333333333,1.5892250124933267,True,Moderate
2023-11-15,Southern Region,Zomba,Mayaka,788,-15.58,35.37,pulses and nuts,Cowpeas,218,KG,aggregate,Retail,MWK,1583.33,0.95,11,2023,31.94416666666666,2.1455218712022504,True,Moderate
2024-02-15,Southern Region,Zomba,Mayaka,788,-15.58,35.37,pulses and nuts,Cowpeas,218,KG,aggregate,Retail,MWK,2000.0,1.2,2,2024,24.31471513283028,1.975573169030241,True,Moderate
2024-09-15,Southern Region,Zomba,Mayaka,788,-15.58,35.37,pulses and nuts,Cowpeas,218,KG,aggregate,Retail,MWK,3000.0,1.74,9,2024,50.0,2.617354223789878,True,Severe
2025-10-15,Southern Region,Zomba,Mayaka,788,-15.58,35.37,pulses and nuts,Cowpeas,218,KG,aggregate,Retail,MWK,3487.9,2.01,10,2025,66.26228054704148,2.1700486670623915,True,Severe
2025-12-15,Southern Region,Zomba,Mayaka,788,-15.58,35.37,pulses and nuts,Cowpeas,218,KG,aggregate,Retail,MWK,3588.24,2.07,12,2025,25.17101724300319,1.8566385736889834,True,Moderate
2026-01-15,Southern Region,Zomba,Mayaka,788,-15.58,35.37,vegetables and fruits,Exotic vegetables,1335,KG,aggregate,Retail,MWK,1156.67,0.67,1,2026,498.2879015155434,1.7628510884145496,True,Moderate
2026-01-15,Southern Region,Zomba,Mayaka,788,-15.58,35.37,vegetables and fruits,Local vegetables,1333,KG,aggregate,Retail,MWK,2000.0,1.15,1,2026,2300.0960038401536,1.7788254934330685,True,Moderate
2022-09-15,Southern Region,Zomba,Mayaka,788,-15.58,35.37,cereals and tubers,Maize,51,KG,aggregate,Retail,MWK,384.0,0.38,9,2022,74.54545454545453,2.851676908641971,True,Critical
2025-04-15,Southern Region,Zomba,Mayaka,788,-15.58,35.37,cereals and tubers,Maize,51,KG,aggregate,Retail,MWK,941.67,0.55,4,2025,145.2265625,3.0191187226107288,True,Critical
2025-09-15,Southern Region,Zomba,Mayaka,788,-15.58,35.37,cereals and tubers,Maize,51,KG,aggregate,Retail,MWK,1315.22,0.76,9,2025,46.135555555555555,2.2248677329637707,True,Severe
2023-01-15,Southern Region,Zomba,Mayaka,788,-15.58,35.37,cereals and tubers,Maize (new harvest),1229,KG,aggregate,Retail,MWK,490.0,0.49,1,2023,276.9230769230769,2.395885594604155,True,Severe
2023-04-15,Southern Region,Zomba,Mayaka,788,-15.58,35.37,cereals and tubers,Maize (new harvest),1229,KG,aggregate,Retail,MWK,700.0,0.69,4,2023,42.85714285714286,2.227250475719426,True,Severe
2023-07-15,Southern Region,Zomba,Mayaka,788,-15.58,35.37,cereals and tubers,Maize (new harvest),1229,KG,aggregate,Retail,MWK,694.44,0.67,7,2023,35.170802919708045,1.5908789968353048,True,Moderate
2025-02-15,Southern Region,Zomba,Mayaka,788,-15.58,35.37,cereals and tubers,Maize (new harvest),1229,KG,aggregate,Retail,MWK,1369.44,0.79,2,2025,71.17999999999999,2.6769386571776144,True,Critical
2025-04-15,Southern Region,Zomba,Mayaka,788,-15.58,35.37,oil and fats,Oil (vegetable),96,L,aggregate,Retail,MWK,8400.0,4.89,4,2025,394.11764705882354,2.4663484817224477,True,Severe
2023-09-15,Southern Region,Zomba,Mayaka,788,-15.58,35.37,pulses and nuts,Pigeon peas,155,KG,aggregate,Retail,MWK,1200.0,1.1,9,2023,50.0,2.3814491409895395,True,Severe
2024-02-15,Southern Region,Zomba,Mayaka,788,-15.58,35.37,pulses and nuts,Pigeon peas,155,KG,aggregate,Retail,MWK,2000.0,1.2,2,2024,24.31471513283028,2.1045255169634376,True,Moderate
2025-02-15,Southern Region,Zomba,Mayaka,788,-15.58,35.37,pulses and nuts,Pigeon peas,155,KG,aggregate,Retail,MWK,2000.0,1.16,2,2025,33.33333333333333,1.6506158845561796,True,Moderate
2025-05-15,Southern Region,Zomba,Mayaka,788,-15.58,35.37,cereals and tubers,Rice,52,KG,aggregate,Retail,MWK,3115.38,1.8,5,2025,379.2892307692308,2.6642036381481637,True,Critical
2025-10-15,Southern Region,Zomba,Mayaka,788,-15.58,35.37,cereals and tubers,Sorghum,65,KG,aggregate,Retail,MWK,5089.47,2.94,10,2025,4141.225,1.78880465490184,True,Moderate
2025-12-15,Southern Region,Zomba,Mayaka,788,-15.58,35.37,cereals and tubers,Sorghum,65,KG,aggregate,Retail,MWK,6666.67,3.85,12,2025,566.667,1.7193563720346863,True,Moderate
2025-12-15,Southern Region,Zomba,Mayaka,788,-15.58,35.37,pulses and nuts,Soybeans,248,KG,aggregate,Retail,MWK,3600.0,2.08,12,2025,43.99999999999999,1.8660059648334173,True,Moderate
2025-04-15,Southern Region,Zomba,Mayaka,788,-15.58,35.37,miscellaneous food,Sugar,97,KG,aggregate,Retail,MWK,3566.67,2.08,4,2025,345.83375,2.4748737341529163,True,Severe
2025-06-15,Southern Region,Zomba,Mayaka,788,-15.58,35.37,miscellaneous food,Sugar,97,KG,aggregate,Retail,MWK,5411.67,3.12,6,2025,27.890714359987534,1.966496960815299,True,Moderate
2025-04-15,Southern Region,Zomba,Mayaka,788,-15.58,35.37,cereals and tubers,Sweet potatoes,87,KG,aggregate,Retail,MWK,833.33,0.49,4,2025,66.666,2.2421359435406822,True,Severe
2025-10-15,Southern Region,Zomba,Mayaka,788,-15.58,35.37,cereals and tubers,Sweet potatoes,87,KG,aggregate,Retail,MWK,1315.84,0.76,10,2025,57.96398559423768,2.721095998195066,True,Severe
2022-07-15,Southern Region,Zomba,Mulomba,2233,-15.76,35.52,pulses and nuts,Beans,50,KG,aggregate,Retail,MWK,1600.0,1.57,7,2022,64.1025641025641,1.9879809419894836,True,Moderate
2024-05-15,Southern Region,Zomba,Mulomba,2233,-15.76,35.52,pulses and nuts,Beans,50,KG,aggregate,Retail,MWK,4000.0,2.31,5,2024,42.85714285714286,2.3675075186138645,True,Severe
2025-04-15,Southern Region,Zomba,Mulomba,2233,-15.76,35.52,cereals and tubers,Cassava,68,KG,aggregate,Retail,MWK,3600.0,2.1,4,2025,1152.1739130434783,2.2660982518565533,True,Severe
2023-06-15,Southern Region,Zomba,Mulomba,2233,-15.76,35.52,pulses and nuts,Cowpeas,218,KG,aggregate,Retail,MWK,1200.0,1.18,6,2023,84.61538461538463,2.475649647068622,True,Severe
2023-10-15,Southern Region,Zomba,Mulomba,2233,-15.76,35.52,pulses and nuts,Cowpeas,218,KG,aggregate,Retail,MWK,1125.0,0.98,10,2023,40.625,1.6416257762040534,True,Moderate
2024-02-15,Southern Region,Zomba,Mulomba,2233,-15.76,35.52,pulses and nuts,Cowpeas,218,KG,aggregate,Retail,MWK,2000.0,1.2,2,2024,27.659302852547118,2.1464435448511567,True,Moderate
2024-12-15,Southern Region,Zomba,Mulomba,2233,-15.76,35.52,pulses and nuts,Cowpeas,218,KG,aggregate,Retail,MWK,2500.0,1.44,12,2024,25.0,1.6933319283073278,True,Moderate
2025-04-15,Southern Region,Zomba,Mulomba,2233,-15.76,35.52,pulses and nuts,Cowpeas,218,KG,aggregate,Retail,MWK,3794.12,2.21,4,2025,26.470666666666666,2.2281781363866386,True,Moderate
2026-03-15,Southern Region,Zomba,Mulomba,2233,-15.76,35.52,vegetables and fruits,Exotic vegetables,1335,KG,aggregate,Retail,MWK,2010.0,1.16,3,2026,71.79487179487178,1.8488991638242867,True,Moderate
2026-01-15,Southern Region,Zomba,Mulomba,2233,-15.76,35.52,"meat, fish and eggs","Fish (small, dry)",1334,KG,aggregate,Retail,MWK,16000.0,9.23,1,2026,100.0,1.5652475842498528,True,Moderate
2026-02-15,Southern Region,Zomba,Mulomba,2233,-15.76,35.52,vegetables and fruits,Local vegetables,1333,KG,aggregate,Retail,MWK,600.0,0.35,2,2026,100.0,1.613639333888347,True,Moderate
2026-03-15,Southern Region,Zomba,Mulomba,2233,-15.76,35.52,vegetables and fruits,Local vegetables,1333,KG,aggregate,Retail,MWK,800.0,0.46,3,2026,33.33333333333333,1.5340882709691301,True,Moderate
2022-01-15,Southern Region,Zomba,Mulomba,2233,-15.76,35.52,cereals and tubers,Maize,51,KG,aggregate,Retail,MWK,210.0,0.26,1,2022,31.25,1.6158026237321566,True,Moderate
2022-08-15,Southern Region,Zomba,Mulomba,2233,-15.76,35.52,cereals and tubers,Maize,51,KG,aggregate,Retail,MWK,355.0,0.35,8,2022,69.04761904761905,2.920933039169188,True,Critical
2025-09-15,Southern Region,Zomba,Mulomba,2233,-15.76,35.52,cereals and tubers,Maize,51,KG,aggregate,Retail,MWK,1482.61,0.86,9,2025,317.6366197183098,3.1384933115406164,True,Critical
2023-01-15,Southern Region,Zomba,Mulomba,2233,-15.76,35.52,cereals and tubers,Maize (new harvest),1229,KG,aggregate,Retail,MWK,521.25,0.52,1,2023,317.0,2.202191666807632,True,Severe
2023-07-15,Southern Region,Zomba,Mulomba,2233,-15.76,35.52,cereals and tubers,Maize (new harvest),1229,KG,aggregate,Retail,MWK,706.25,0.68,7,2023,37.80487804878048,1.5924803209362748,True,Moderate
2025-01-15,Southern Region,Zomba,Mulomba,2233,-15.76,35.52,cereals and tubers,Maize (new harvest),1229,KG,aggregate,Retail,MWK,1300.0,0.76,1,2025,21.874619141815167,2.0465151358927245,True,Moderate
2025-02-15,Southern Region,Zomba,Mulomba,2233,-15.76,35.52,cereals and tubers,Maize (new harvest),1229,KG,aggregate,Retail,MWK,1592.86,0.92,2,2025,22.52769230769229,2.2683373891344356,True,Moderate
2025-04-15,Southern Region,Zomba,Mulomba,2233,-15.76,35.52,cereals and tubers,Millet,73,KG,aggregate,Retail,MWK,1500.0,0.87,4,2025,614.2857142857143,2.2539108146482145,True,Severe
2025-05-15,Southern Region,Zomba,Mulomba,2233,-15.76,35.52,oil and fats,Oil (vegetable),96,L,aggregate,Retail,MWK,7645.16,4.41,5,2025,37.53206615792561,1.6777669521440606,True,Moderate
2023-01-15,Southern Region,Zomba,Mulomba,2233,-15.76,35.52,pulses and nuts,Pigeon peas,155,KG,aggregate,Retail,MWK,706.25,0.7,1,2023,28.409090909090917,1.772013731906484,True,Moderate
2023-06-15,Southern Region,Zomba,Mulomba,2233,-15.76,35.52,pulses and nuts,Pigeon peas,155,KG,aggregate,Retail,MWK,1200.0,1.18,6,2023,111.76346021493995,2.6684787619788386,True,Critical
2023-10-15,Southern Region,Zomba,Mulomba,2233,-15.76,35.52,pulses and nuts,Pigeon peas,155,KG,aggregate,Retail,MWK,1100.0,0.96,10,2023,76.0,1.8214157152803472,True,Moderate
2024-02-15,Southern Region,Zomba,Mulomba,2233,-15.76,35.52,pulses and nuts,Pigeon peas,155,KG,aggregate,Retail,MWK,2000.0,1.2,2,2024,31.147540983606547,2.0468643181940966,True,Moderate
2024-09-15,Southern Region,Zomba,Mulomba,2233,-15.76,35.52,pulses and nuts,Pigeon peas,155,KG,aggregate,Retail,MWK,2000.0,1.16,9,2024,66.66666666666667,1.6051920290101498,True,Moderate
2025-04-15,Southern Region,Zomba,Mulomba,2233,-15.76,35.52,cereals and tubers,Rice,52,KG,aggregate,Retail,MWK,3825.0,2.23,4,2025,393.5483870967742,2.2646052126968166,True,Severe
2025-04-15,Southern Region,Zomba,Mulomba,2233,-15.76,35.52,cereals and tubers,Sorghum,65,KG,aggregate,Retail,MWK,1500.0,0.87,4,2025,757.1428571428571,2.2593050625124382,True,Severe
2025-04-15,Southern Region,Zomba,Mulomba,2233,-15.76,35.52,miscellaneous food,Sugar,97,KG,aggregate,Retail,MWK,3485.29,2.03,4,2025,310.03411764705885,2.2672983079911364,True,Severe
2025-06-15,Southern Region,Zomba,Mulomba,2233,-15.76,35.52,miscellaneous food,Sugar,97,KG,aggregate,Retail,MWK,5216.67,3.01,6,2025,32.22961806365268,1.8652870200109546,True,Moderate
2025-04-15,Southern Region,Zomba,Mulomba,2233,-15.76,35.52,cereals and tubers,Sweet potatoes,87,KG,aggregate,Retail,MWK,555.56,0.32,4,2025,85.18666666666665,2.0471952809558163,True,Severe
2025-07-15,Southern Region,Zomba,Mulomba,2233,-15.76,35.52,cereals and tubers,Sweet potatoes,87,KG,aggregate,Retail,MWK,833.33,0.48,7,2025,49.9982000143999,2.17550747932989,True,Severe
2025-08-15,Southern Region,Zomba,Mulomba,2233,-15.76,35.52,cereals and tubers,Sweet potatoes,87,KG,aggregate,Retail,MWK,1111.11,0.64,8,2025,33.33373333493333,2.3026915290762706,True,Moderate
2025-11-15,Southern Region,Zomba,Mulomba,2233,-15.76,35.52,cereals and tubers,Sweet potatoes,87,KG,aggregate,Retail,MWK,1111.0,0.64,11,2025,22.55523810574389,1.546653338217604,True,Moderate
2021-12-15,Southern Region,Zomba,Songani,2134,-15.32,35.39,pulses and nuts,Beans,50,KG,aggregate,Retail,MWK,1300.0,1.61,12,2021,59.118727050183594,1.7234065623420827,True,Moderate
2024-01-15,Southern Region,Zomba,Songani,2134,-15.32,35.39,pulses and nuts,Beans,50,KG,aggregate,Retail,MWK,2882.35,1.73,1,2024,32.521839080459756,2.508864420808729,True,Moderate
2024-02-15,Southern Region,Zomba,Songani,2134,-15.32,35.39,pulses and nuts,Beans,50,KG,aggregate,Retail,MWK,3500.0,2.1,2,2024,21.428695335403415,2.4221570767089577,True,Moderate
2024-09-15,Southern Region,Zomba,Songani,2134,-15.32,35.39,pulses and nuts,Beans,50,KG,aggregate,Retail,MWK,3900.0,2.26,9,2024,30.000000000000004,1.96861660483416,True,Moderate
2025-02-15,Southern Region,Zomba,Songani,2134,-15.32,35.39,pulses and nuts,Beans,50,KG,aggregate,Retail,MWK,5416.67,3.14,2,2025,38.88897435897436,2.1100370672976556,True,Moderate
2023-04-15,Southern Region,Zomba,Songani,2134,-15.32,35.39,pulses and nuts,Cowpeas,218,KG,aggregate,Retail,MWK,1000.0,0.99,4,2023,53.846153846153854,1.672661364245234,True,Moderate
2023-11-15,Southern Region,Zomba,Songani,2134,-15.32,35.39,pulses and nuts,Cowpeas,218,KG,aggregate,Retail,MWK,1466.67,0.88,11,2023,46.667000000000016,2.137544829535691,True,Severe
2024-09-15,Southern Region,Zomba,Songani,2134,-15.32,35.39,pulses and nuts,Cowpeas,218,KG,aggregate,Retail,MWK,2700.0,1.56,9,2024,40.094537869629065,2.3803584199176173,True,Severe
2025-02-15,Southern Region,Zomba,Songani,2134,-15.32,35.39,pulses and nuts,Cowpeas,218,KG,aggregate,Retail,MWK,3208.33,1.86,2,2025,60.416500000000006,1.8355083275120314,True,Moderate
2025-11-15,Southern Region,Zomba,Songani,2134,-15.32,35.39,pulses and nuts,Groundnuts (shelled),119,KG,aggregate,Retail,MWK,9777.78,5.64,11,2025,30.66081543911603,1.9992619381849124,True,Moderate
2022-09-15,Southern Region,Zomba,Songani,2134,-15.32,35.39,cereals and tubers,Maize,51,KG,aggregate,Retail,MWK,354.0,0.35,9,2022,172.30769230769232,2.419738843357282,True,Severe
2025-04-15,Southern Region,Zomba,Songani,2134,-15.32,35.39,cereals and tubers,Maize,51,KG,aggregate,Retail,MWK,900.0,0.52,4,2025,154.23728813559322,3.0419671904218197,True,Critical
2025-09-15,Southern Region,Zomba,Songani,2134,-15.32,35.39,cereals and tubers,Maize,51,KG,aggregate,Retail,MWK,1187.68,0.69,9,2025,67.27887323943662,2.2651902886701256,True,Severe
2025-02-15,Southern Region,Zomba,Songani,2134,-15.32,35.39,cereals and tubers,Maize (new harvest),1229,KG,aggregate,Retail,MWK,1345.83,0.78,2,2025,68.22874999999999,2.5597521627585182,True,Critical
2023-11-15,Southern Region,Zomba,Songani,2134,-15.32,35.39,pulses and nuts,Pigeon peas,155,KG,aggregate,Retail,MWK,1250.0,0.75,11,2023,25.0,1.7775698902241777,True,Moderate
2025-02-15,Southern Region,Zomba,Songani,2134,-15.32,35.39,pulses and nuts,Pigeon peas,155,KG,aggregate,Retail,MWK,2975.0,1.73,2,2025,48.75000000000001,2.1323490559584166,True,Severe
2026-03-15,Southern Region,Zomba,Songani,2134,-15.32,35.39,pulses and nuts,Soybeans,248,KG,aggregate,Retail,MWK,4500.0,2.6,3,2026,125.0,2.0860743944195446,True,Severe
2025-08-15,Southern Region,Zomba,Songani,2134,-15.32,35.39,cereals and tubers,Sweet potatoes,87,KG,aggregate,Retail,MWK,1111.11,0.64,8,2025,99.9982000143999,1.565255131012293,True,Moderate
2026-03-15,Southern Region,Zomba,Songani,2134,-15.32,35.39,vegetables and fruits,Tomatoes,114,KG,aggregate,Retail,MWK,3000.0,1.73,3,2026,66.66666666666667,1.5028278807843636,True,Moderate
2020-11-15,Southern Region,Zomba,Thondwe,823,-15.49,35.24,pulses and nuts,Beans,50,KG,aggregate,Retail,MWK,1104.55,1.47,11,2020,38.06874999999999,1.671512663852467,True,Moderate
2023-04-15,Southern Region,Zomba,Thondwe,823,-15.49,35.24,pulses and nuts,Beans,50,KG,aggregate,Retail,MWK,1500.0,1.48,4,2023,50.0,1.7380898011226986,True,Moderate
2024-09-15,Southern Region,Zomba,Thondwe,823,-15.49,35.24,pulses and nuts,Beans,50,KG,aggregate,Retail,MWK,4000.0,2.32,9,2024,33.33333333333333,2.205040314866558,True,Moderate
2025-02-15,Southern Region,Zomba,Thondwe,823,-15.49,35.24,pulses and nuts,Beans,50,KG,aggregate,Retail,MWK,5291.67,3.07,2,2025,51.19057142857144,2.243344507649267,True,Severe
2025-09-15,Southern Region,Zomba,Thondwe,823,-15.49,35.24,pulses and nuts,Beans,50,KG,aggregate,Retail,MWK,7630.43,4.4,9,2025,27.17383333333334,2.099265204249876,True,Moderate
2025-12-15,Southern Region,Zomba,Thondwe,823,-15.49,35.24,pulses and nuts,Beans,50,KG,aggregate,Retail,MWK,7739.58,4.46,12,2025,32.678590102051494,1.6143278684999716,True,Moderate
2025-08-15,Southern Region,Zomba,Thondwe,823,-15.49,35.24,cereals and tubers,Cassava,68,KG,aggregate,Retail,MWK,2800.0,1.62,8,2025,600.0,2.4748737341529163,True,Severe
2023-04-15,Southern Region,Zomba,Thondwe,823,-15.49,35.24,pulses and nuts,Cowpeas,218,KG,aggregate,Retail,MWK,1100.0,1.08,4,2023,83.33333333333333,2.716853217674455,True,Critical
2023-08-15,Southern Region,Zomba,Thondwe,823,-15.49,35.24,pulses and nuts,Cowpeas,218,KG,aggregate,Retail,MWK,1150.0,1.07,8,2023,66.93521462062158,1.9348114626494024,True,Moderate
2023-12-15,Southern Region,Zomba,Thondwe,823,-15.49,35.24,pulses and nuts,Cowpeas,218,KG,aggregate,Retail,MWK,1475.0,0.88,12,2023,28.260869565217384,1.609553214682258,True,Moderate
2024-09-15,Southern Region,Zomba,Thondwe,823,-15.49,35.24,pulses and nuts,Cowpeas,218,KG,aggregate,Retail,MWK,2400.0,1.39,9,2024,22.221995885192804,2.1168991804812003,True,Moderate
2025-02-15,Southern Region,Zomba,Thondwe,823,-15.49,35.24,pulses and nuts,Cowpeas,218,KG,aggregate,Retail,MWK,3716.67,2.16,2,2025,85.8335,2.5053327748197662,True,Critical
2025-03-15,Southern Region,Zomba,Thondwe,823,-15.49,35.24,pulses and nuts,Cowpeas,218,KG,aggregate,Retail,MWK,5000.0,2.9,3,2025,34.529027328226604,2.490814829411178,True,Moderate
2026-02-15,Southern Region,Zomba,Thondwe,823,-15.49,35.24,vegetables and fruits,Local vegetables,1333,KG,aggregate,Retail,MWK,400.0,0.23,2,2026,33.33333333333333,1.5098667175118736,True,Moderate
2022-09-15,Southern Region,Zomba,Thondwe,823,-15.49,35.24,cereals and tubers,Maize,51,KG,aggregate,Retail,MWK,333.5,0.33,9,2022,66.75,2.611740689905912,True,Critical
2025-04-15,Southern Region,Zomba,Thondwe,823,-15.49,35.24,cereals and tubers,Maize,51,KG,aggregate,Retail,MWK,800.0,0.47,4,2025,139.880059970015,3.008191491581536,True,Critical
2025-09-15,Southern Region,Zomba,Thondwe,823,-15.49,35.24,cereals and tubers,Maize,51,KG,aggregate,Retail,MWK,1215.65,0.7,9,2025,51.95625000000001,2.3267270743277337,True,Severe
2023-01-15,Southern Region,Zomba,Thondwe,823,-15.49,35.24,cereals and tubers,Maize (new harvest),1229,KG,aggregate,Retail,MWK,500.0,0.5,1,2023,733.3333333333334,2.22351718329917,True,Severe
2023-04-15,Southern Region,Zomba,Thondwe,823,-15.49,35.24,cereals and tubers,Maize (new harvest),1229,KG,aggregate,Retail,MWK,650.0,0.64,4,2023,30.000000000000004,2.0470311614327894,True,Moderate
2023-07-15,Southern Region,Zomba,Thondwe,823,-15.49,35.24,cereals and tubers,Maize (new harvest),1229,KG,aggregate,Retail,MWK,655.56,0.63,7,2023,31.111999999999984,1.570191935347682,True,Moderate
2023-12-15,Southern Region,Zomba,Thondwe,823,-15.49,35.24,cereals and tubers,Maize (new harvest),1229,KG,aggregate,Retail,MWK,1325.0,0.79,12,2023,70.96774193548387,2.1675965103007315,True,Severe
2025-02-15,Southern Region,Zomba,Thondwe,823,-15.49,35.24,cereals and tubers,Maize (new harvest),1229,KG,aggregate,Retail,MWK,1408.33,0.82,2,2025,65.68588235294118,2.1489866327570137,True,Severe
2025-03-15,Southern Region,Zomba,Thondwe,823,-15.49,35.24,cereals and tubers,Maize (new harvest),1229,KG,aggregate,Retail,MWK,1700.0,0.99,3,2025,20.71034487655592,2.2027497155519447,True,Moderate
2025-04-15,Southern Region,Zomba,Thondwe,823,-15.49,35.24,oil and fats,Oil (vegetable),96,L,aggregate,Retail,MWK,8000.0,4.66,4,2025,433.3333333333333,2.473384380698634,True,Severe
2023-04-15,Southern Region,Zomba,Thondwe,823,-15.49,35.24,pulses and nuts,Pigeon peas,155,KG,aggregate,Retail,MWK,900.0,0.89,4,2023,50.0,2.2250863422539036,True,Severe
2023-09-15,Southern Region,Zomba,Thondwe,823,-15.49,35.24,pulses and nuts,Pigeon peas,155,KG,aggregate,Retail,MWK,1300.0,1.19,9,2023,67.74193548387098,2.6374954104405823,True,Critical
2023-11-15,Southern Region,Zomba,Thondwe,823,-15.49,35.24,pulses and nuts,Pigeon peas,155,KG,aggregate,Retail,MWK,1350.0,0.81,11,2023,22.72727272727273,1.8800319211926502,True,Moderate
2025-02-15,Southern Region,Zomba,Thondwe,823,-15.49,35.24,pulses and nuts,Pigeon peas,155,KG,aggregate,Retail,MWK,2416.67,1.4,2,2025,141.66699999999997,1.9405393990089719,True,Moderate
2025-03-15,Southern Region,Zomba,Thondwe,823,-15.49,35.24,pulses and nuts,Pigeon peas,155,KG,aggregate,Retail,MWK,3000.0,1.74,3,2025,24.13775980998647,2.223433881551219,True,Moderate
2025-05-15,Southern Region,Zomba,Thondwe,823,-15.49,35.24,cereals and tubers,Rice,52,KG,aggregate,Retail,MWK,3653.85,2.11,5,2025,421.9785714285714,2.4727635630289115,True,Severe
2025-04-15,Southern Region,Zomba,Thondwe,823,-15.49,35.24,miscellaneous food,Sugar,97,KG,aggregate,Retail,MWK,3500.0,2.04,4,2025,337.5,2.4748737341529163,True,Severe
2025-06-15,Southern Region,Zomba,Thondwe,823,-15.49,35.24,miscellaneous food,Sugar,97,KG,aggregate,Retail,MWK,5291.67,3.05,6,2025,26.8873025654798,1.9593478997617921,True,Moderate
2025-05-15,Southern Region,Zomba,Thondwe,823,-15.49,35.24,cereals and tubers,Sweet potatoes,87,KG,aggregate,Retail,MWK,833.33,0.48,5,2025,66.666,2.4748737341529163,True,Severe
